condition_mean_mae,coverage_test_rows,f4_condition_mean_mae,feature_group,gain_vs_f4,model_level,run_scope,split_name,target,test_rows,worst_condition_mae
0.17345305288167778,157,0.12690476949045668,C_P0_state_time_pulse,-0.04654828339122111,L2_hist_gradient_boosting,primary,c_rate_holdout_fold,capacity_Ah_k1,157,0.36622928601571453
0.14644875054454037,157,0.12690476949045668,C_P1_nominal_pulse,-0.019543981054083698,L2_hist_gradient_boosting,primary,c_rate_holdout_fold,capacity_Ah_k1,157,0.3044203148910827
0.12396366922676678,157,0.12690476949045668,C_P2_log_age_pulse,0.0029411002636898914,L2_hist_gradient_boosting,primary,c_rate_holdout_fold,capacity_Ah_k1,157,0.25891903830891366
0.12021268749525883,157,0.12690476949045668,C_P3_stress_pulse,0.006692081995197843,L2_hist_gradient_boosting,primary,c_rate_holdout_fold,capacity_Ah_k1,157,0.2586140441947962
0.16144981963991686,157,0.09773474317278785,C_P0_state_time_pulse,-0.06371507646712901,L2_hist_gradient_boosting,primary,c_rate_holdout_fold,delta_capacity_Ah,157,0.39532886131976647
0.13747606289741507,157,0.09773474317278785,C_P1_nominal_pulse,-0.039741319724627217,L2_hist_gradient_boosting,primary,c_rate_holdout_fold,delta_capacity_Ah,157,0.20814942449486173
0.10391177680572156,157,0.09773474317278785,C_P2_log_age_pulse,-0.006177033632933704,L2_hist_gradient_boosting,primary,c_rate_holdout_fold,delta_capacity_Ah,157,0.1958780337497151
0.10347704636816722,157,0.09773474317278785,C_P3_stress_pulse,-0.00574230319537937,L2_hist_gradient_boosting,primary,c_rate_holdout_fold,delta_capacity_Ah,157,0.2090309500228459
