{
  "feature_group": "F6_coupled_stress",
  "fold_metrics": [
    {
      "condition_mean_mae": 0.17325009821676884,
      "condition_median_mae": 0.15387978466310162,
      "feature_group": "F6_coupled_stress",
      "heldout_fold": 1,
      "mae": 0.11630556809120221,
      "model_level": "L3_quantile_hist_gradient_boosting",
      "pinball_loss_q10": 0.05527636509776268,
      "pinball_loss_q50": 0.058152784045601105,
      "pinball_loss_q90": 0.02388570067777346,
      "q10_q90_interval_coverage": 0.6751592356687898,
      "q10_q90_interval_width_mean": 0.27640954594238737,
      "rmse": 0.21154814717951098,
      "run_scope": "primary",
      "split_name": "c_rate_holdout_fold",
      "subset_name": "baseline_clean_tolerant",
      "target": "capacity_Ah_k1",
      "test_cells": 36,
      "test_parameter_sets": 12,
      "test_rows": 157,
      "train_parameter_sets": 64,
      "train_rows": 3670,
      "worst_condition_mae": 0.3507772369658415
    },
    {
      "condition_mean_mae": 0.18663839603992058,
      "condition_median_mae": 0.17236904794210617,
      "feature_group": "F6_coupled_stress",
      "heldout_fold": 1,
      "mae": 0.13670436943459105,
      "model_level": "L3_quantile_hist_gradient_boosting",
      "pinball_loss_q10": 0.05635751376703348,
      "pinball_loss_q50": 0.06835218471729552,
      "pinball_loss_q90": 0.02604708596881626,
      "q10_q90_interval_coverage": 0.6972477064220184,
      "q10_q90_interval_width_mean": 0.26829123334683563,
      "rmse": 0.23879099003885648,
      "run_scope": "sensitivity_excluding_monotonicity",
      "split_name": "c_rate_holdout_fold",
      "subset_name": "baseline_clean_tolerant",
      "target": "capacity_Ah_k1",
      "test_cells": 36,
      "test_parameter_sets": 12,
      "test_rows": 109,
      "train_parameter_sets": 64,
      "train_rows": 2664,
      "worst_condition_mae": 0.34940756094523706
    }
  ],
  "model_level": "L3_quantile_hist_gradient_boosting",
  "primary_summary": {
    "condition_mean_mae": 0.17325009821676884,
    "condition_median_mae": 0.15387978466310162,
    "fold_count": 1,
    "mean_mae": 0.11630556809120221,
    "mean_rmse": 0.21154814717951098,
    "worst_condition_mae": 0.3507772369658415
  },
  "row_counts": {
    "baseline_clean_strict_rows": 2773,
    "baseline_clean_tolerant_rows": 3827,
    "full_interval_rows": 3827,
    "selected_cells": 228,
    "selected_parameter_sets": 76,
    "selected_subset_rows": 3827,
    "sensitivity_excluding_monotonicity_rows": 2773,
    "sensitivity_flagged_monotonicity_rows": 1054
  },
  "schema_version": "gate5.capacity_baseline.v1",
  "sensitivity_excluding_monotonicity_summary": {
    "condition_mean_mae": 0.18663839603992058,
    "condition_median_mae": 0.17236904794210617,
    "fold_count": 1,
    "mean_mae": 0.13670436943459105,
    "mean_rmse": 0.23879099003885648,
    "worst_condition_mae": 0.34940756094523706
  },
  "split_name": "c_rate_holdout_fold",
  "target": "capacity_Ah_k1"
}
