{
  "feature_group": "F7_c_rate_focused",
  "fold_metrics": [
    {
      "condition_mean_mae": 0.18286885173267162,
      "condition_median_mae": 0.18237787707298211,
      "feature_group": "F7_c_rate_focused",
      "heldout_fold": 1,
      "mae": 0.13640597902669724,
      "model_level": "L3_quantile_hist_gradient_boosting",
      "pinball_loss_q10": 0.061379550731301344,
      "pinball_loss_q50": 0.06820298951334862,
      "pinball_loss_q90": 0.02347289202041757,
      "q10_q90_interval_coverage": 0.6560509554140127,
      "q10_q90_interval_width_mean": 0.26747165408789664,
      "rmse": 0.23455440695864813,
      "run_scope": "primary",
      "split_name": "c_rate_holdout_fold",
      "subset_name": "baseline_clean_tolerant",
      "target": "capacity_Ah_k1",
      "test_cells": 36,
      "test_parameter_sets": 12,
      "test_rows": 157,
      "train_parameter_sets": 64,
      "train_rows": 3670,
      "worst_condition_mae": 0.32117626629967466
    },
    {
      "condition_mean_mae": 0.19213676853764297,
      "condition_median_mae": 0.18679325258779994,
      "feature_group": "F7_c_rate_focused",
      "heldout_fold": 1,
      "mae": 0.15000207090338416,
      "model_level": "L3_quantile_hist_gradient_boosting",
      "pinball_loss_q10": 0.05853313733555997,
      "pinball_loss_q50": 0.07500103545169208,
      "pinball_loss_q90": 0.025255606589784964,
      "q10_q90_interval_coverage": 0.6513761467889908,
      "q10_q90_interval_width_mean": 0.2684342807051835,
      "rmse": 0.25484924439173934,
      "run_scope": "sensitivity_excluding_monotonicity",
      "split_name": "c_rate_holdout_fold",
      "subset_name": "baseline_clean_tolerant",
      "target": "capacity_Ah_k1",
      "test_cells": 36,
      "test_parameter_sets": 12,
      "test_rows": 109,
      "train_parameter_sets": 64,
      "train_rows": 2664,
      "worst_condition_mae": 0.34355061918733754
    }
  ],
  "model_level": "L3_quantile_hist_gradient_boosting",
  "primary_summary": {
    "condition_mean_mae": 0.18286885173267162,
    "condition_median_mae": 0.18237787707298211,
    "fold_count": 1,
    "mean_mae": 0.13640597902669724,
    "mean_rmse": 0.23455440695864813,
    "worst_condition_mae": 0.32117626629967466
  },
  "row_counts": {
    "baseline_clean_strict_rows": 2773,
    "baseline_clean_tolerant_rows": 3827,
    "full_interval_rows": 3827,
    "selected_cells": 228,
    "selected_parameter_sets": 76,
    "selected_subset_rows": 3827,
    "sensitivity_excluding_monotonicity_rows": 2773,
    "sensitivity_flagged_monotonicity_rows": 1054
  },
  "schema_version": "gate5.capacity_baseline.v1",
  "sensitivity_excluding_monotonicity_summary": {
    "condition_mean_mae": 0.19213676853764297,
    "condition_median_mae": 0.18679325258779994,
    "fold_count": 1,
    "mean_mae": 0.15000207090338416,
    "mean_rmse": 0.25484924439173934,
    "worst_condition_mae": 0.34355061918733754
  },
  "split_name": "c_rate_holdout_fold",
  "target": "capacity_Ah_k1"
}
