{
  "feature_group": "F6_coupled_stress",
  "fold_metrics": [
    {
      "condition_mean_mae": 0.12789197695346508,
      "condition_median_mae": 0.07802447204172258,
      "feature_group": "F6_coupled_stress",
      "heldout_fold": 1,
      "mae": 0.0667452681348672,
      "model_level": "L3_quantile_hist_gradient_boosting",
      "pinball_loss_q10": 0.023522819416251475,
      "pinball_loss_q50": 0.0333726340674336,
      "pinball_loss_q90": 0.023889692227033205,
      "q10_q90_interval_coverage": 0.7867256637168142,
      "q10_q90_interval_width_mean": 0.2973364896836308,
      "rmse": 0.11697317234915043,
      "run_scope": "primary",
      "split_name": "voltage_window_holdout_fold",
      "subset_name": "baseline_clean_tolerant",
      "target": "capacity_Ah_k1",
      "test_cells": 84,
      "test_parameter_sets": 28,
      "test_rows": 1130,
      "train_parameter_sets": 48,
      "train_rows": 2697,
      "worst_condition_mae": 0.3769305433689505
    },
    {
      "condition_mean_mae": 0.11970926799269285,
      "condition_median_mae": 0.12407169208733823,
      "feature_group": "F6_coupled_stress",
      "heldout_fold": 2,
      "mae": 0.08528554458043179,
      "model_level": "L3_quantile_hist_gradient_boosting",
      "pinball_loss_q10": 0.02026116891560896,
      "pinball_loss_q50": 0.042642772290215895,
      "pinball_loss_q90": 0.019858287787518022,
      "q10_q90_interval_coverage": 0.8132749817651349,
      "q10_q90_interval_width_mean": 0.2877286649489079,
      "rmse": 0.12361319349611566,
      "run_scope": "primary",
      "split_name": "voltage_window_holdout_fold",
      "subset_name": "baseline_clean_tolerant",
      "target": "capacity_Ah_k1",
      "test_cells": 96,
      "test_parameter_sets": 32,
      "test_rows": 1371,
      "train_parameter_sets": 44,
      "train_rows": 2456,
      "worst_condition_mae": 0.26582706936134176
    },
    {
      "condition_mean_mae": 0.26008673147196243,
      "condition_median_mae": 0.24395968233008716,
      "feature_group": "F6_coupled_stress",
      "heldout_fold": 3,
      "mae": 0.2591409882476726,
      "model_level": "L3_quantile_hist_gradient_boosting",
      "pinball_loss_q10": 0.08164695482304707,
      "pinball_loss_q50": 0.1295704941238363,
      "pinball_loss_q90": 0.09230412893200088,
      "q10_q90_interval_coverage": 0.027149321266968326,
      "q10_q90_interval_width_mean": 0.7143279325216185,
      "rmse": 0.280822601307224,
      "run_scope": "primary",
      "split_name": "voltage_window_holdout_fold",
      "subset_name": "baseline_clean_tolerant",
      "target": "capacity_Ah_k1",
      "test_cells": 48,
      "test_parameter_sets": 16,
      "test_rows": 1326,
      "train_parameter_sets": 60,
      "train_rows": 2501,
      "worst_condition_mae": 0.3552940017025099
    },
    {
      "condition_mean_mae": 0.11855174223400103,
      "condition_median_mae": 0.07501119445328258,
      "feature_group": "F6_coupled_stress",
      "heldout_fold": 1,
      "mae": 0.06392253959430785,
      "model_level": "L3_quantile_hist_gradient_boosting",
      "pinball_loss_q10": 0.02301327202072371,
      "pinball_loss_q50": 0.03196126979715393,
      "pinball_loss_q90": 0.016428953420138927,
      "q10_q90_interval_coverage": 0.8128797083839611,
      "q10_q90_interval_width_mean": 0.21262631083976372,
      "rmse": 0.11459384152291288,
      "run_scope": "sensitivity_excluding_monotonicity",
      "split_name": "voltage_window_holdout_fold",
      "subset_name": "baseline_clean_tolerant",
      "target": "capacity_Ah_k1",
      "test_cells": 84,
      "test_parameter_sets": 28,
      "test_rows": 823,
      "train_parameter_sets": 48,
      "train_rows": 1950,
      "worst_condition_mae": 0.38084388066317826
    },
    {
      "condition_mean_mae": 0.11050750052138777,
      "condition_median_mae": 0.10289520611909897,
      "feature_group": "F6_coupled_stress",
      "heldout_fold": 2,
      "mae": 0.07087081700656277,
      "model_level": "L3_quantile_hist_gradient_boosting",
      "pinball_loss_q10": 0.020106786974832383,
      "pinball_loss_q50": 0.03543540850328138,
      "pinball_loss_q90": 0.01639756076854215,
      "q10_q90_interval_coverage": 0.7075471698113207,
      "q10_q90_interval_width_mean": 0.2294832726763906,
      "rmse": 0.11327909327820479,
      "run_scope": "sensitivity_excluding_monotonicity",
      "split_name": "voltage_window_holdout_fold",
      "subset_name": "baseline_clean_tolerant",
      "target": "capacity_Ah_k1",
      "test_cells": 95,
      "test_parameter_sets": 32,
      "test_rows": 1060,
      "train_parameter_sets": 44,
      "train_rows": 1713,
      "worst_condition_mae": 0.29219021167654385
    },
    {
      "condition_mean_mae": 0.24109850541794553,
      "condition_median_mae": 0.22980705325815198,
      "feature_group": "F6_coupled_stress",
      "heldout_fold": 3,
      "mae": 0.231262992473146,
      "model_level": "L3_quantile_hist_gradient_boosting",
      "pinball_loss_q10": 0.07228972162152292,
      "pinball_loss_q50": 0.115631496236573,
      "pinball_loss_q90": 0.037390356384639424,
      "q10_q90_interval_coverage": 0.18314606741573033,
      "q10_q90_interval_width_mean": 0.6872724506585137,
      "rmse": 0.24548611021875524,
      "run_scope": "sensitivity_excluding_monotonicity",
      "split_name": "voltage_window_holdout_fold",
      "subset_name": "baseline_clean_tolerant",
      "target": "capacity_Ah_k1",
      "test_cells": 48,
      "test_parameter_sets": 16,
      "test_rows": 890,
      "train_parameter_sets": 60,
      "train_rows": 1883,
      "worst_condition_mae": 0.3636488747602191
    }
  ],
  "model_level": "L3_quantile_hist_gradient_boosting",
  "primary_summary": {
    "condition_mean_mae": 0.16922932547270678,
    "condition_median_mae": 0.14868528215304933,
    "fold_count": 3,
    "mean_mae": 0.13705726698765722,
    "mean_rmse": 0.17380298905083003,
    "worst_condition_mae": 0.3769305433689505
  },
  "row_counts": {
    "baseline_clean_strict_rows": 2773,
    "baseline_clean_tolerant_rows": 3827,
    "full_interval_rows": 3827,
    "selected_cells": 228,
    "selected_parameter_sets": 76,
    "selected_subset_rows": 3827,
    "sensitivity_excluding_monotonicity_rows": 2773,
    "sensitivity_flagged_monotonicity_rows": 1054
  },
  "schema_version": "gate5.capacity_baseline.v1",
  "sensitivity_excluding_monotonicity_summary": {
    "condition_mean_mae": 0.15671924939111145,
    "condition_median_mae": 0.13590448461017784,
    "fold_count": 3,
    "mean_mae": 0.12201878302467221,
    "mean_rmse": 0.15778634833995764,
    "worst_condition_mae": 0.38084388066317826
  },
  "split_name": "voltage_window_holdout_fold",
  "target": "capacity_Ah_k1"
}
