{
  "feature_group": "F6_coupled_stress",
  "fold_metrics": [
    {
      "condition_mean_mae": 0.08267835719324014,
      "condition_median_mae": 0.054613605664259816,
      "feature_group": "F6_coupled_stress",
      "heldout_fold": 1,
      "mae": 0.03102416011946597,
      "model_level": "L3_quantile_hist_gradient_boosting",
      "pinball_loss_q10": 0.010602903305709122,
      "pinball_loss_q50": 0.015512080059732985,
      "pinball_loss_q90": 0.006962243118046352,
      "q10_q90_interval_coverage": 0.7479784366576819,
      "q10_q90_interval_width_mean": 0.07522830881456773,
      "rmse": 0.0889379122550282,
      "run_scope": "primary",
      "split_name": "temperature_holdout_fold",
      "subset_name": "baseline_clean_tolerant",
      "target": "delta_capacity_Ah",
      "test_cells": 57,
      "test_parameter_sets": 19,
      "test_rows": 742,
      "train_parameter_sets": 57,
      "train_rows": 3085,
      "worst_condition_mae": 0.21174174789127612
    },
    {
      "condition_mean_mae": 0.046674692764110765,
      "condition_median_mae": 0.042385826940799065,
      "feature_group": "F6_coupled_stress",
      "heldout_fold": 2,
      "mae": 0.030341168687762363,
      "model_level": "L3_quantile_hist_gradient_boosting",
      "pinball_loss_q10": 0.013449267804070908,
      "pinball_loss_q50": 0.015170584343881181,
      "pinball_loss_q90": 0.004494932378618398,
      "q10_q90_interval_coverage": 0.8066037735849056,
      "q10_q90_interval_width_mean": 0.0970645960049559,
      "rmse": 0.07968807674487134,
      "run_scope": "primary",
      "split_name": "temperature_holdout_fold",
      "subset_name": "baseline_clean_tolerant",
      "target": "delta_capacity_Ah",
      "test_cells": 57,
      "test_parameter_sets": 19,
      "test_rows": 1060,
      "train_parameter_sets": 57,
      "train_rows": 2767,
      "worst_condition_mae": 0.15411384671535175
    },
    {
      "condition_mean_mae": 0.09222548722245744,
      "condition_median_mae": 0.05991212386189003,
      "feature_group": "F6_coupled_stress",
      "heldout_fold": 1,
      "mae": 0.03765880480973152,
      "model_level": "L3_quantile_hist_gradient_boosting",
      "pinball_loss_q10": 0.013470562235663983,
      "pinball_loss_q50": 0.01882940240486576,
      "pinball_loss_q90": 0.008109543994323338,
      "q10_q90_interval_coverage": 0.7405857740585774,
      "q10_q90_interval_width_mean": 0.08615852071105373,
      "rmse": 0.10705789523019896,
      "run_scope": "sensitivity_excluding_monotonicity",
      "split_name": "temperature_holdout_fold",
      "subset_name": "baseline_clean_tolerant",
      "target": "delta_capacity_Ah",
      "test_cells": 56,
      "test_parameter_sets": 19,
      "test_rows": 478,
      "train_parameter_sets": 57,
      "train_rows": 2295,
      "worst_condition_mae": 0.29544112506289083
    },
    {
      "condition_mean_mae": 0.0502882205366316,
      "condition_median_mae": 0.031013252518141993,
      "feature_group": "F6_coupled_stress",
      "heldout_fold": 2,
      "mae": 0.029313855680723977,
      "model_level": "L3_quantile_hist_gradient_boosting",
      "pinball_loss_q10": 0.013790444861435288,
      "pinball_loss_q50": 0.014656927840361988,
      "pinball_loss_q90": 0.004684923722419849,
      "q10_q90_interval_coverage": 0.7436224489795918,
      "q10_q90_interval_width_mean": 0.09519235066662923,
      "rmse": 0.08590960914407114,
      "run_scope": "sensitivity_excluding_monotonicity",
      "split_name": "temperature_holdout_fold",
      "subset_name": "baseline_clean_tolerant",
      "target": "delta_capacity_Ah",
      "test_cells": 57,
      "test_parameter_sets": 19,
      "test_rows": 784,
      "train_parameter_sets": 57,
      "train_rows": 1989,
      "worst_condition_mae": 0.1566824278441947
    }
  ],
  "model_level": "L3_quantile_hist_gradient_boosting",
  "primary_summary": {
    "condition_mean_mae": 0.06467652497867546,
    "condition_median_mae": 0.048499716302529444,
    "fold_count": 2,
    "mean_mae": 0.030682664403614168,
    "mean_rmse": 0.08431299449994978,
    "worst_condition_mae": 0.21174174789127612
  },
  "row_counts": {
    "baseline_clean_strict_rows": 2773,
    "baseline_clean_tolerant_rows": 3827,
    "full_interval_rows": 3827,
    "selected_cells": 228,
    "selected_parameter_sets": 76,
    "selected_subset_rows": 3827,
    "sensitivity_excluding_monotonicity_rows": 2773,
    "sensitivity_flagged_monotonicity_rows": 1054
  },
  "schema_version": "gate5.capacity_baseline.v1",
  "sensitivity_excluding_monotonicity_summary": {
    "condition_mean_mae": 0.07125685387954452,
    "condition_median_mae": 0.04546268819001601,
    "fold_count": 2,
    "mean_mae": 0.03348633024522775,
    "mean_rmse": 0.09648375218713505,
    "worst_condition_mae": 0.29544112506289083
  },
  "split_name": "temperature_holdout_fold",
  "target": "delta_capacity_Ah"
}
