{
  "feature_group": "F5_log_age_histograms",
  "fold_metrics": [
    {
      "condition_mean_mae": 0.08915339439512794,
      "condition_median_mae": 0.052660058719962204,
      "feature_group": "F5_log_age_histograms",
      "heldout_fold": 1,
      "mae": 0.033491596970931126,
      "model_level": "L3_quantile_hist_gradient_boosting",
      "pinball_loss_q10": 0.01641159784813721,
      "pinball_loss_q50": 0.016745798485465563,
      "pinball_loss_q90": 0.01264206287210288,
      "q10_q90_interval_coverage": 0.7142857142857143,
      "q10_q90_interval_width_mean": 0.17417421119565543,
      "rmse": 0.09130806401134767,
      "run_scope": "primary",
      "split_name": "temperature_holdout_fold",
      "subset_name": "baseline_clean_tolerant",
      "target": "capacity_Ah_k1",
      "test_cells": 57,
      "test_parameter_sets": 19,
      "test_rows": 742,
      "train_parameter_sets": 57,
      "train_rows": 3085,
      "worst_condition_mae": 0.24366677589716937
    },
    {
      "condition_mean_mae": 0.06382476313953926,
      "condition_median_mae": 0.048990536794553896,
      "feature_group": "F5_log_age_histograms",
      "heldout_fold": 2,
      "mae": 0.04931242901222252,
      "model_level": "L3_quantile_hist_gradient_boosting",
      "pinball_loss_q10": 0.017860718959599814,
      "pinball_loss_q50": 0.02465621450611126,
      "pinball_loss_q90": 0.011552076235329225,
      "q10_q90_interval_coverage": 0.6735849056603773,
      "q10_q90_interval_width_mean": 0.15206615224033443,
      "rmse": 0.12143350632156429,
      "run_scope": "primary",
      "split_name": "temperature_holdout_fold",
      "subset_name": "baseline_clean_tolerant",
      "target": "capacity_Ah_k1",
      "test_cells": 57,
      "test_parameter_sets": 19,
      "test_rows": 1060,
      "train_parameter_sets": 57,
      "train_rows": 2767,
      "worst_condition_mae": 0.15556716431736967
    },
    {
      "condition_mean_mae": 0.10351494899002223,
      "condition_median_mae": 0.0787707845812433,
      "feature_group": "F5_log_age_histograms",
      "heldout_fold": 1,
      "mae": 0.04114668970738291,
      "model_level": "L3_quantile_hist_gradient_boosting",
      "pinball_loss_q10": 0.01878357947759888,
      "pinball_loss_q50": 0.020573344853691455,
      "pinball_loss_q90": 0.012827413464646923,
      "q10_q90_interval_coverage": 0.7133891213389121,
      "q10_q90_interval_width_mean": 0.16479491661165188,
      "rmse": 0.11195842587790421,
      "run_scope": "sensitivity_excluding_monotonicity",
      "split_name": "temperature_holdout_fold",
      "subset_name": "baseline_clean_tolerant",
      "target": "capacity_Ah_k1",
      "test_cells": 56,
      "test_parameter_sets": 19,
      "test_rows": 478,
      "train_parameter_sets": 57,
      "train_rows": 2295,
      "worst_condition_mae": 0.33974075515984514
    },
    {
      "condition_mean_mae": 0.08062228789028521,
      "condition_median_mae": 0.05809287618676246,
      "feature_group": "F5_log_age_histograms",
      "heldout_fold": 2,
      "mae": 0.064038857957985,
      "model_level": "L3_quantile_hist_gradient_boosting",
      "pinball_loss_q10": 0.018658339940162715,
      "pinball_loss_q50": 0.0320194289789925,
      "pinball_loss_q90": 0.00963217768562886,
      "q10_q90_interval_coverage": 0.5714285714285714,
      "q10_q90_interval_width_mean": 0.11263094108376726,
      "rmse": 0.16860558978466694,
      "run_scope": "sensitivity_excluding_monotonicity",
      "split_name": "temperature_holdout_fold",
      "subset_name": "baseline_clean_tolerant",
      "target": "capacity_Ah_k1",
      "test_cells": 57,
      "test_parameter_sets": 19,
      "test_rows": 784,
      "train_parameter_sets": 57,
      "train_rows": 1989,
      "worst_condition_mae": 0.2374209270992625
    }
  ],
  "model_level": "L3_quantile_hist_gradient_boosting",
  "primary_summary": {
    "condition_mean_mae": 0.0764890787673336,
    "condition_median_mae": 0.05082529775725805,
    "fold_count": 2,
    "mean_mae": 0.04140201299157682,
    "mean_rmse": 0.10637078516645598,
    "worst_condition_mae": 0.24366677589716937
  },
  "row_counts": {
    "baseline_clean_strict_rows": 2773,
    "baseline_clean_tolerant_rows": 3827,
    "full_interval_rows": 3827,
    "selected_cells": 228,
    "selected_parameter_sets": 76,
    "selected_subset_rows": 3827,
    "sensitivity_excluding_monotonicity_rows": 2773,
    "sensitivity_flagged_monotonicity_rows": 1054
  },
  "schema_version": "gate5.capacity_baseline.v1",
  "sensitivity_excluding_monotonicity_summary": {
    "condition_mean_mae": 0.09206861844015371,
    "condition_median_mae": 0.06843183038400288,
    "fold_count": 2,
    "mean_mae": 0.05259277383268396,
    "mean_rmse": 0.14028200783128558,
    "worst_condition_mae": 0.33974075515984514
  },
  "split_name": "temperature_holdout_fold",
  "target": "capacity_Ah_k1"
}
