{
  "feature_group": "F6_coupled_stress",
  "fold_metrics": [
    {
      "condition_mean_mae": 0.10328372314296819,
      "condition_median_mae": 0.07092556480149843,
      "feature_group": "F6_coupled_stress",
      "heldout_fold": 1,
      "mae": 0.052824491635111576,
      "model_level": "L3_quantile_hist_gradient_boosting",
      "pinball_loss_q10": 0.023202825530959273,
      "pinball_loss_q50": 0.026412245817555788,
      "pinball_loss_q90": 0.00896386329385147,
      "q10_q90_interval_coverage": 0.48584070796460177,
      "q10_q90_interval_width_mean": 0.13440544800138254,
      "rmse": 0.10094669896935632,
      "run_scope": "primary",
      "split_name": "voltage_window_holdout_fold",
      "subset_name": "baseline_clean_tolerant",
      "target": "delta_capacity_Ah",
      "test_cells": 84,
      "test_parameter_sets": 28,
      "test_rows": 1130,
      "train_parameter_sets": 48,
      "train_rows": 2697,
      "worst_condition_mae": 0.29759749492101517
    },
    {
      "condition_mean_mae": 0.12290866268784803,
      "condition_median_mae": 0.13008071102388857,
      "feature_group": "F6_coupled_stress",
      "heldout_fold": 2,
      "mae": 0.0893870549924556,
      "model_level": "L3_quantile_hist_gradient_boosting",
      "pinball_loss_q10": 0.02002084469473795,
      "pinball_loss_q50": 0.0446935274962278,
      "pinball_loss_q90": 0.006710460768092308,
      "q10_q90_interval_coverage": 0.7775346462436178,
      "q10_q90_interval_width_mean": 0.2033463290912672,
      "rmse": 0.12453393867300139,
      "run_scope": "primary",
      "split_name": "voltage_window_holdout_fold",
      "subset_name": "baseline_clean_tolerant",
      "target": "delta_capacity_Ah",
      "test_cells": 96,
      "test_parameter_sets": 32,
      "test_rows": 1371,
      "train_parameter_sets": 44,
      "train_rows": 2456,
      "worst_condition_mae": 0.2679421301560218
    },
    {
      "condition_mean_mae": 0.11800620646874103,
      "condition_median_mae": 0.10854375804962739,
      "feature_group": "F6_coupled_stress",
      "heldout_fold": 3,
      "mae": 0.11758125582679733,
      "model_level": "L3_quantile_hist_gradient_boosting",
      "pinball_loss_q10": 0.04009431594602951,
      "pinball_loss_q50": 0.05879062791339867,
      "pinball_loss_q90": 0.010692710028603957,
      "q10_q90_interval_coverage": 0.40271493212669685,
      "q10_q90_interval_width_mean": 0.39645762499648995,
      "rmse": 0.13107216057417528,
      "run_scope": "primary",
      "split_name": "voltage_window_holdout_fold",
      "subset_name": "baseline_clean_tolerant",
      "target": "delta_capacity_Ah",
      "test_cells": 48,
      "test_parameter_sets": 16,
      "test_rows": 1326,
      "train_parameter_sets": 60,
      "train_rows": 2501,
      "worst_condition_mae": 0.1781286231688303
    },
    {
      "condition_mean_mae": 0.10994520020704786,
      "condition_median_mae": 0.07621257072828673,
      "feature_group": "F6_coupled_stress",
      "heldout_fold": 1,
      "mae": 0.05789209920857187,
      "model_level": "L3_quantile_hist_gradient_boosting",
      "pinball_loss_q10": 0.02483646111049855,
      "pinball_loss_q50": 0.028946049604285935,
      "pinball_loss_q90": 0.009703255084297004,
      "q10_q90_interval_coverage": 0.425273390036452,
      "q10_q90_interval_width_mean": 0.12341424075350967,
      "rmse": 0.10803383861424111,
      "run_scope": "sensitivity_excluding_monotonicity",
      "split_name": "voltage_window_holdout_fold",
      "subset_name": "baseline_clean_tolerant",
      "target": "delta_capacity_Ah",
      "test_cells": 84,
      "test_parameter_sets": 28,
      "test_rows": 823,
      "train_parameter_sets": 48,
      "train_rows": 1950,
      "worst_condition_mae": 0.30374128741227985
    },
    {
      "condition_mean_mae": 0.1095682504651737,
      "condition_median_mae": 0.0934625430852292,
      "feature_group": "F6_coupled_stress",
      "heldout_fold": 2,
      "mae": 0.06751154843662828,
      "model_level": "L3_quantile_hist_gradient_boosting",
      "pinball_loss_q10": 0.017332189846138792,
      "pinball_loss_q50": 0.03375577421831414,
      "pinball_loss_q90": 0.006233749421647911,
      "q10_q90_interval_coverage": 0.8245283018867925,
      "q10_q90_interval_width_mean": 0.1687748123190471,
      "rmse": 0.1095841800888483,
      "run_scope": "sensitivity_excluding_monotonicity",
      "split_name": "voltage_window_holdout_fold",
      "subset_name": "baseline_clean_tolerant",
      "target": "delta_capacity_Ah",
      "test_cells": 95,
      "test_parameter_sets": 32,
      "test_rows": 1060,
      "train_parameter_sets": 44,
      "train_rows": 1713,
      "worst_condition_mae": 0.304762345353872
    },
    {
      "condition_mean_mae": 0.21354450629895566,
      "condition_median_mae": 0.19707961996395723,
      "feature_group": "F6_coupled_stress",
      "heldout_fold": 3,
      "mae": 0.20577285777976553,
      "model_level": "L3_quantile_hist_gradient_boosting",
      "pinball_loss_q10": 0.03778873939214008,
      "pinball_loss_q50": 0.10288642888988277,
      "pinball_loss_q90": 0.006701721081510522,
      "q10_q90_interval_coverage": 0.5943820224719101,
      "q10_q90_interval_width_mean": 0.38363982241164235,
      "rmse": 0.2224592253983831,
      "run_scope": "sensitivity_excluding_monotonicity",
      "split_name": "voltage_window_holdout_fold",
      "subset_name": "baseline_clean_tolerant",
      "target": "delta_capacity_Ah",
      "test_cells": 48,
      "test_parameter_sets": 16,
      "test_rows": 890,
      "train_parameter_sets": 60,
      "train_rows": 1883,
      "worst_condition_mae": 0.31896804564730513
    }
  ],
  "model_level": "L3_quantile_hist_gradient_boosting",
  "primary_summary": {
    "condition_mean_mae": 0.11473286409985241,
    "condition_median_mae": 0.1031833446250048,
    "fold_count": 3,
    "mean_mae": 0.08659760081812151,
    "mean_rmse": 0.11885093273884433,
    "worst_condition_mae": 0.29759749492101517
  },
  "row_counts": {
    "baseline_clean_strict_rows": 2773,
    "baseline_clean_tolerant_rows": 3827,
    "full_interval_rows": 3827,
    "selected_cells": 228,
    "selected_parameter_sets": 76,
    "selected_subset_rows": 3827,
    "sensitivity_excluding_monotonicity_rows": 2773,
    "sensitivity_flagged_monotonicity_rows": 1054
  },
  "schema_version": "gate5.capacity_baseline.v1",
  "sensitivity_excluding_monotonicity_summary": {
    "condition_mean_mae": 0.14435265232372574,
    "condition_median_mae": 0.12225157792582438,
    "fold_count": 3,
    "mean_mae": 0.11039216847498856,
    "mean_rmse": 0.14669241470049083,
    "worst_condition_mae": 0.31896804564730513
  },
  "split_name": "voltage_window_holdout_fold",
  "target": "delta_capacity_Ah"
}
