{
  "feature_group": "F5_log_age_histograms",
  "fold_metrics": [
    {
      "condition_mean_mae": 0.03666448813597314,
      "condition_median_mae": 0.034107679869925335,
      "feature_group": "F5_log_age_histograms",
      "heldout_fold": 0,
      "mae": 0.024734007525966523,
      "model_level": "L3_quantile_hist_gradient_boosting",
      "pinball_loss_q10": 0.008106983527637862,
      "pinball_loss_q50": 0.012367003762983261,
      "pinball_loss_q90": 0.005576193095004526,
      "q10_q90_interval_coverage": 0.6196682464454977,
      "q10_q90_interval_width_mean": 0.06689978901413564,
      "rmse": 0.06215094649965609,
      "run_scope": "primary",
      "split_name": "condition_fold",
      "subset_name": "baseline_clean_tolerant",
      "target": "delta_capacity_Ah",
      "test_cells": 48,
      "test_parameter_sets": 16,
      "test_rows": 844,
      "train_parameter_sets": 60,
      "train_rows": 2983,
      "worst_condition_mae": 0.0943616589158635
    },
    {
      "condition_mean_mae": 0.03964602549961094,
      "condition_median_mae": 0.018632701298663807,
      "feature_group": "F5_log_age_histograms",
      "heldout_fold": 1,
      "mae": 0.020594441284002136,
      "model_level": "L3_quantile_hist_gradient_boosting",
      "pinball_loss_q10": 0.007830433077276903,
      "pinball_loss_q50": 0.010297220642001068,
      "pinball_loss_q90": 0.0038562226723430886,
      "q10_q90_interval_coverage": 0.692485549132948,
      "q10_q90_interval_width_mean": 0.05367069814502291,
      "rmse": 0.06441495624866074,
      "run_scope": "primary",
      "split_name": "condition_fold",
      "subset_name": "baseline_clean_tolerant",
      "target": "delta_capacity_Ah",
      "test_cells": 45,
      "test_parameter_sets": 15,
      "test_rows": 865,
      "train_parameter_sets": 61,
      "train_rows": 2962,
      "worst_condition_mae": 0.15314297704821736
    },
    {
      "condition_mean_mae": 0.036290093443502584,
      "condition_median_mae": 0.01805333661278331,
      "feature_group": "F5_log_age_histograms",
      "heldout_fold": 2,
      "mae": 0.014935161833550939,
      "model_level": "L3_quantile_hist_gradient_boosting",
      "pinball_loss_q10": 0.005798245013170416,
      "pinball_loss_q50": 0.0074675809167754695,
      "pinball_loss_q90": 0.0031101809941909116,
      "q10_q90_interval_coverage": 0.7713004484304933,
      "q10_q90_interval_width_mean": 0.055353105639282106,
      "rmse": 0.045792255484035795,
      "run_scope": "primary",
      "split_name": "condition_fold",
      "subset_name": "baseline_clean_tolerant",
      "target": "delta_capacity_Ah",
      "test_cells": 45,
      "test_parameter_sets": 15,
      "test_rows": 892,
      "train_parameter_sets": 61,
      "train_rows": 2935,
      "worst_condition_mae": 0.21464985036489645
    },
    {
      "condition_mean_mae": 0.087010264335709,
      "condition_median_mae": 0.0754797415338186,
      "feature_group": "F5_log_age_histograms",
      "heldout_fold": 3,
      "mae": 0.04189575057103727,
      "model_level": "L3_quantile_hist_gradient_boosting",
      "pinball_loss_q10": 0.013194768897945592,
      "pinball_loss_q50": 0.020947875285518634,
      "pinball_loss_q90": 0.007941926450684028,
      "q10_q90_interval_coverage": 0.6974459724950884,
      "q10_q90_interval_width_mean": 0.1041390378752374,
      "rmse": 0.10775203667913748,
      "run_scope": "primary",
      "split_name": "condition_fold",
      "subset_name": "baseline_clean_tolerant",
      "target": "delta_capacity_Ah",
      "test_cells": 45,
      "test_parameter_sets": 15,
      "test_rows": 509,
      "train_parameter_sets": 61,
      "train_rows": 3318,
      "worst_condition_mae": 0.29734338949448186
    },
    {
      "condition_mean_mae": 0.053124818580562054,
      "condition_median_mae": 0.027935135854408256,
      "feature_group": "F5_log_age_histograms",
      "heldout_fold": 4,
      "mae": 0.020809894660567273,
      "model_level": "L3_quantile_hist_gradient_boosting",
      "pinball_loss_q10": 0.005439432622706063,
      "pinball_loss_q50": 0.010404947330283637,
      "pinball_loss_q90": 0.004716211459389672,
      "q10_q90_interval_coverage": 0.7099023709902371,
      "q10_q90_interval_width_mean": 0.0794529305559981,
      "rmse": 0.0516915095429898,
      "run_scope": "primary",
      "split_name": "condition_fold",
      "subset_name": "baseline_clean_tolerant",
      "target": "delta_capacity_Ah",
      "test_cells": 45,
      "test_parameter_sets": 15,
      "test_rows": 717,
      "train_parameter_sets": 61,
      "train_rows": 3110,
      "worst_condition_mae": 0.2003189212242313
    },
    {
      "condition_mean_mae": 0.04335457979672133,
      "condition_median_mae": 0.033237076027684,
      "feature_group": "F5_log_age_histograms",
      "heldout_fold": 0,
      "mae": 0.024578373881215514,
      "model_level": "L3_quantile_hist_gradient_boosting",
      "pinball_loss_q10": 0.009692477877664401,
      "pinball_loss_q50": 0.012289186940607757,
      "pinball_loss_q90": 0.005848928181710097,
      "q10_q90_interval_coverage": 0.5419354838709678,
      "q10_q90_interval_width_mean": 0.061818316649503414,
      "rmse": 0.06416707572321535,
      "run_scope": "sensitivity_excluding_monotonicity",
      "split_name": "condition_fold",
      "subset_name": "baseline_clean_tolerant",
      "target": "delta_capacity_Ah",
      "test_cells": 48,
      "test_parameter_sets": 16,
      "test_rows": 620,
      "train_parameter_sets": 60,
      "train_rows": 2153,
      "worst_condition_mae": 0.14033206777825033
    },
    {
      "condition_mean_mae": 0.038821498738342376,
      "condition_median_mae": 0.01790342295023205,
      "feature_group": "F5_log_age_histograms",
      "heldout_fold": 1,
      "mae": 0.020037341126265006,
      "model_level": "L3_quantile_hist_gradient_boosting",
      "pinball_loss_q10": 0.00794937414131176,
      "pinball_loss_q50": 0.010018670563132503,
      "pinball_loss_q90": 0.003582070954181326,
      "q10_q90_interval_coverage": 0.6875,
      "q10_q90_interval_width_mean": 0.054453600862674846,
      "rmse": 0.06406317314076208,
      "run_scope": "sensitivity_excluding_monotonicity",
      "split_name": "condition_fold",
      "subset_name": "baseline_clean_tolerant",
      "target": "delta_capacity_Ah",
      "test_cells": 45,
      "test_parameter_sets": 15,
      "test_rows": 640,
      "train_parameter_sets": 61,
      "train_rows": 2133,
      "worst_condition_mae": 0.14083111466162326
    },
    {
      "condition_mean_mae": 0.0353686272465271,
      "condition_median_mae": 0.019790172703330722,
      "feature_group": "F5_log_age_histograms",
      "heldout_fold": 2,
      "mae": 0.015528230645758785,
      "model_level": "L3_quantile_hist_gradient_boosting",
      "pinball_loss_q10": 0.0061892045388758955,
      "pinball_loss_q50": 0.007764115322879393,
      "pinball_loss_q90": 0.0031718917716127616,
      "q10_q90_interval_coverage": 0.7048665620094191,
      "q10_q90_interval_width_mean": 0.05668586236714128,
      "rmse": 0.05043242250242706,
      "run_scope": "sensitivity_excluding_monotonicity",
      "split_name": "condition_fold",
      "subset_name": "baseline_clean_tolerant",
      "target": "delta_capacity_Ah",
      "test_cells": 45,
      "test_parameter_sets": 15,
      "test_rows": 637,
      "train_parameter_sets": 61,
      "train_rows": 2136,
      "worst_condition_mae": 0.17204902467016042
    },
    {
      "condition_mean_mae": 0.09282194546864624,
      "condition_median_mae": 0.07273521393150566,
      "feature_group": "F5_log_age_histograms",
      "heldout_fold": 3,
      "mae": 0.044498100815489605,
      "model_level": "L3_quantile_hist_gradient_boosting",
      "pinball_loss_q10": 0.013582947603271799,
      "pinball_loss_q50": 0.022249050407744803,
      "pinball_loss_q90": 0.007955509299495754,
      "q10_q90_interval_coverage": 0.6832460732984293,
      "q10_q90_interval_width_mean": 0.09989894790740415,