{
  "feature_group": "F5_log_age_histograms",
  "fold_metrics": [
    {
      "condition_mean_mae": 0.17508271344779905,
      "condition_median_mae": 0.15177492234719897,
      "feature_group": "F5_log_age_histograms",
      "heldout_fold": 1,
      "mae": 0.11807775555092441,
      "model_level": "L3_quantile_hist_gradient_boosting",
      "pinball_loss_q10": 0.05499478110402487,
      "pinball_loss_q50": 0.059038877775462205,
      "pinball_loss_q90": 0.02389744320707135,
      "q10_q90_interval_coverage": 0.6878980891719745,
      "q10_q90_interval_width_mean": 0.26264357549373907,
      "rmse": 0.20861732887840434,
      "run_scope": "primary",
      "split_name": "c_rate_holdout_fold",
      "subset_name": "baseline_clean_tolerant",
      "target": "capacity_Ah_k1",
      "test_cells": 36,
      "test_parameter_sets": 12,
      "test_rows": 157,
      "train_parameter_sets": 64,
      "train_rows": 3670,
      "worst_condition_mae": 0.3421663133702017
    },
    {
      "condition_mean_mae": 0.188998524400532,
      "condition_median_mae": 0.1752487836096099,
      "feature_group": "F5_log_age_histograms",
      "heldout_fold": 1,
      "mae": 0.1386374736599277,
      "model_level": "L3_quantile_hist_gradient_boosting",
      "pinball_loss_q10": 0.048709311058045004,
      "pinball_loss_q50": 0.06931873682996385,
      "pinball_loss_q90": 0.02608408933740061,
      "q10_q90_interval_coverage": 0.6972477064220184,
      "q10_q90_interval_width_mean": 0.28057264741470633,
      "rmse": 0.23685247633986528,
      "run_scope": "sensitivity_excluding_monotonicity",
      "split_name": "c_rate_holdout_fold",
      "subset_name": "baseline_clean_tolerant",
      "target": "capacity_Ah_k1",
      "test_cells": 36,
      "test_parameter_sets": 12,
      "test_rows": 109,
      "train_parameter_sets": 64,
      "train_rows": 2664,
      "worst_condition_mae": 0.3516956381313556
    }
  ],
  "model_level": "L3_quantile_hist_gradient_boosting",
  "primary_summary": {
    "condition_mean_mae": 0.17508271344779905,
    "condition_median_mae": 0.15177492234719897,
    "fold_count": 1,
    "mean_mae": 0.11807775555092441,
    "mean_rmse": 0.20861732887840434,
    "worst_condition_mae": 0.3421663133702017
  },
  "row_counts": {
    "baseline_clean_strict_rows": 2773,
    "baseline_clean_tolerant_rows": 3827,
    "full_interval_rows": 3827,
    "selected_cells": 228,
    "selected_parameter_sets": 76,
    "selected_subset_rows": 3827,
    "sensitivity_excluding_monotonicity_rows": 2773,
    "sensitivity_flagged_monotonicity_rows": 1054
  },
  "schema_version": "gate5.capacity_baseline.v1",
  "sensitivity_excluding_monotonicity_summary": {
    "condition_mean_mae": 0.188998524400532,
    "condition_median_mae": 0.1752487836096099,
    "fold_count": 1,
    "mean_mae": 0.1386374736599277,
    "mean_rmse": 0.23685247633986528,
    "worst_condition_mae": 0.3516956381313556
  },
  "split_name": "c_rate_holdout_fold",
  "target": "capacity_Ah_k1"
}
