{
  "feature_group": "F6_coupled_stress",
  "fold_metrics": [
    {
      "condition_mean_mae": 0.09121944924007847,
      "condition_median_mae": 0.05446688480394457,
      "feature_group": "F6_coupled_stress",
      "heldout_fold": 1,
      "mae": 0.03420431835638542,
      "model_level": "L3_quantile_hist_gradient_boosting",
      "pinball_loss_q10": 0.020133307536015426,
      "pinball_loss_q50": 0.01710215917819271,
      "pinball_loss_q90": 0.012609446904385039,
      "q10_q90_interval_coverage": 0.5929919137466307,
      "q10_q90_interval_width_mean": 0.16375491505435322,
      "rmse": 0.09255595193694324,
      "run_scope": "primary",
      "split_name": "temperature_holdout_fold",
      "subset_name": "baseline_clean_tolerant",
      "target": "capacity_Ah_k1",
      "test_cells": 57,
      "test_parameter_sets": 19,
      "test_rows": 742,
      "train_parameter_sets": 57,
      "train_rows": 3085,
      "worst_condition_mae": 0.28054796344989436
    },
    {
      "condition_mean_mae": 0.06603022524573117,
      "condition_median_mae": 0.057174605417072595,
      "feature_group": "F6_coupled_stress",
      "heldout_fold": 2,
      "mae": 0.05105417528273073,
      "model_level": "L3_quantile_hist_gradient_boosting",
      "pinball_loss_q10": 0.017476201287494702,
      "pinball_loss_q50": 0.025527087641365364,
      "pinball_loss_q90": 0.011552076235329225,
      "q10_q90_interval_coverage": 0.6773584905660377,
      "q10_q90_interval_width_mean": 0.1570465136553554,
      "rmse": 0.12147874329269052,
      "run_scope": "primary",
      "split_name": "temperature_holdout_fold",
      "subset_name": "baseline_clean_tolerant",
      "target": "capacity_Ah_k1",
      "test_cells": 57,
      "test_parameter_sets": 19,
      "test_rows": 1060,
      "train_parameter_sets": 57,
      "train_rows": 2767,
      "worst_condition_mae": 0.15683418691566464
    },
    {
      "condition_mean_mae": 0.09561811757970141,
      "condition_median_mae": 0.06189758661348551,
      "feature_group": "F6_coupled_stress",
      "heldout_fold": 1,
      "mae": 0.038868772177783756,
      "model_level": "L3_quantile_hist_gradient_boosting",
      "pinball_loss_q10": 0.022194429430890117,
      "pinball_loss_q50": 0.019434386088891878,
      "pinball_loss_q90": 0.012793501100648844,
      "q10_q90_interval_coverage": 0.6589958158995816,
      "q10_q90_interval_width_mean": 0.16508345085763867,
      "rmse": 0.10899911690795065,
      "run_scope": "sensitivity_excluding_monotonicity",
      "split_name": "temperature_holdout_fold",
      "subset_name": "baseline_clean_tolerant",
      "target": "capacity_Ah_k1",
      "test_cells": 56,
      "test_parameter_sets": 19,
      "test_rows": 478,
      "train_parameter_sets": 57,
      "train_rows": 2295,
      "worst_condition_mae": 0.30853849492958024
    },
    {
      "condition_mean_mae": 0.08212722540579738,
      "condition_median_mae": 0.06330030480371623,
      "feature_group": "F6_coupled_stress",
      "heldout_fold": 2,
      "mae": 0.06431197151314269,
      "model_level": "L3_quantile_hist_gradient_boosting",
      "pinball_loss_q10": 0.01804026319897514,
      "pinball_loss_q50": 0.032155985756571345,
      "pinball_loss_q90": 0.00963217768562886,
      "q10_q90_interval_coverage": 0.5867346938775511,
      "q10_q90_interval_width_mean": 0.11095300333567833,
      "rmse": 0.16779281104617744,
      "run_scope": "sensitivity_excluding_monotonicity",
      "split_name": "temperature_holdout_fold",
      "subset_name": "baseline_clean_tolerant",
      "target": "capacity_Ah_k1",
      "test_cells": 57,
      "test_parameter_sets": 19,
      "test_rows": 784,
      "train_parameter_sets": 57,
      "train_rows": 1989,
      "worst_condition_mae": 0.23056652024771104
    }
  ],
  "model_level": "L3_quantile_hist_gradient_boosting",
  "primary_summary": {
    "condition_mean_mae": 0.07862483724290481,
    "condition_median_mae": 0.05582074511050858,
    "fold_count": 2,
    "mean_mae": 0.04262924681955807,
    "mean_rmse": 0.10701734761481688,
    "worst_condition_mae": 0.28054796344989436
  },
  "row_counts": {
    "baseline_clean_strict_rows": 2773,
    "baseline_clean_tolerant_rows": 3827,
    "full_interval_rows": 3827,
    "selected_cells": 228,
    "selected_parameter_sets": 76,
    "selected_subset_rows": 3827,
    "sensitivity_excluding_monotonicity_rows": 2773,
    "sensitivity_flagged_monotonicity_rows": 1054
  },
  "schema_version": "gate5.capacity_baseline.v1",
  "sensitivity_excluding_monotonicity_summary": {
    "condition_mean_mae": 0.0888726714927494,
    "condition_median_mae": 0.06259894570860088,
    "fold_count": 2,
    "mean_mae": 0.05159037184546322,
    "mean_rmse": 0.13839596397706405,
    "worst_condition_mae": 0.30853849492958024
  },
  "split_name": "temperature_holdout_fold",
  "target": "capacity_Ah_k1"
}
