{
  "feature_group": "F7_c_rate_focused",
  "fold_metrics": [
    {
      "condition_mean_mae": 0.10553373275544285,
      "condition_median_mae": 0.06255843201702477,
      "feature_group": "F7_c_rate_focused",
      "heldout_fold": 1,
      "mae": 0.05551057345401502,
      "model_level": "L3_quantile_hist_gradient_boosting",
      "pinball_loss_q10": 0.023916263291620794,
      "pinball_loss_q50": 0.02775528672700751,
      "pinball_loss_q90": 0.009720191324345937,
      "q10_q90_interval_coverage": 0.4451327433628319,
      "q10_q90_interval_width_mean": 0.14043193107104648,
      "rmse": 0.10200667701067313,
      "run_scope": "primary",
      "split_name": "voltage_window_holdout_fold",
      "subset_name": "baseline_clean_tolerant",
      "target": "delta_capacity_Ah",
      "test_cells": 84,
      "test_parameter_sets": 28,
      "test_rows": 1130,
      "train_parameter_sets": 48,
      "train_rows": 2697,
      "worst_condition_mae": 0.3293503440013864
    },
    {
      "condition_mean_mae": 0.11253483621747233,
      "condition_median_mae": 0.10452897108056908,
      "feature_group": "F7_c_rate_focused",
      "heldout_fold": 2,
      "mae": 0.07031594040771351,
      "model_level": "L3_quantile_hist_gradient_boosting",
      "pinball_loss_q10": 0.01825151382365181,
      "pinball_loss_q50": 0.035157970203856755,
      "pinball_loss_q90": 0.00708028014195621,
      "q10_q90_interval_coverage": 0.6797957695113056,
      "q10_q90_interval_width_mean": 0.1530395868964907,
      "rmse": 0.11533527998359906,
      "run_scope": "primary",
      "split_name": "voltage_window_holdout_fold",
      "subset_name": "baseline_clean_tolerant",
      "target": "delta_capacity_Ah",
      "test_cells": 96,
      "test_parameter_sets": 32,
      "test_rows": 1371,
      "train_parameter_sets": 44,
      "train_rows": 2456,
      "worst_condition_mae": 0.2971906303205677
    },
    {
      "condition_mean_mae": 0.04948673742456073,
      "condition_median_mae": 0.032490354739677596,
      "feature_group": "F7_c_rate_focused",
      "heldout_fold": 3,
      "mae": 0.049094471415059265,
      "model_level": "L3_quantile_hist_gradient_boosting",
      "pinball_loss_q10": 0.024007055651003417,
      "pinball_loss_q50": 0.024547235707529633,
      "pinball_loss_q90": 0.008841496872341554,
      "q10_q90_interval_coverage": 0.13800904977375567,
      "q10_q90_interval_width_mean": 0.231847891213244,
      "rmse": 0.0646603642347589,
      "run_scope": "primary",
      "split_name": "voltage_window_holdout_fold",
      "subset_name": "baseline_clean_tolerant",
      "target": "delta_capacity_Ah",
      "test_cells": 48,
      "test_parameter_sets": 16,
      "test_rows": 1326,
      "train_parameter_sets": 60,
      "train_rows": 2501,
      "worst_condition_mae": 0.11816335200798331
    },
    {
      "condition_mean_mae": 0.11632643462709383,
      "condition_median_mae": 0.0746128140405072,
      "feature_group": "F7_c_rate_focused",
      "heldout_fold": 1,
      "mae": 0.06640723581260066,
      "model_level": "L3_quantile_hist_gradient_boosting",
      "pinball_loss_q10": 0.021745543073371863,
      "pinball_loss_q50": 0.03320361790630033,
      "pinball_loss_q90": 0.009526375761865892,
      "q10_q90_interval_coverage": 0.4155528554070474,
      "q10_q90_interval_width_mean": 0.1311539270320149,
      "rmse": 0.11096547657207693,
      "run_scope": "sensitivity_excluding_monotonicity",
      "split_name": "voltage_window_holdout_fold",
      "subset_name": "baseline_clean_tolerant",
      "target": "delta_capacity_Ah",
      "test_cells": 84,
      "test_parameter_sets": 28,
      "test_rows": 823,
      "train_parameter_sets": 48,
      "train_rows": 1950,
      "worst_condition_mae": 0.2894073276203376
    },
    {
      "condition_mean_mae": 0.11290328274312181,
      "condition_median_mae": 0.10375311567745195,
      "feature_group": "F7_c_rate_focused",
      "heldout_fold": 2,
      "mae": 0.0676104828936949,
      "model_level": "L3_quantile_hist_gradient_boosting",
      "pinball_loss_q10": 0.016905786606127265,
      "pinball_loss_q50": 0.03380524144684745,
      "pinball_loss_q90": 0.006226185059105768,
      "q10_q90_interval_coverage": 0.710377358490566,
      "q10_q90_interval_width_mean": 0.15153300160275238,
      "rmse": 0.11314093766768495,
      "run_scope": "sensitivity_excluding_monotonicity",
      "split_name": "voltage_window_holdout_fold",
      "subset_name": "baseline_clean_tolerant",
      "target": "delta_capacity_Ah",
      "test_cells": 95,
      "test_parameter_sets": 32,
      "test_rows": 1060,
      "train_parameter_sets": 44,
      "train_rows": 1713,
      "worst_condition_mae": 0.29779557624442743
    },
    {
      "condition_mean_mae": 0.030610819061116713,
      "condition_median_mae": 0.026390342962658082,
      "feature_group": "F7_c_rate_focused",
      "heldout_fold": 3,
      "mae": 0.0284043219493816,
      "model_level": "L3_quantile_hist_gradient_boosting",
      "pinball_loss_q10": 0.027261634557452032,
      "pinball_loss_q50": 0.0142021609746908,
      "pinball_loss_q90": 0.007794577034326102,
      "q10_q90_interval_coverage": 0.3471910112359551,
      "q10_q90_interval_width_mean": 0.26749219339276553,
      "rmse": 0.03158502397445268,
      "run_scope": "sensitivity_excluding_monotonicity",
      "split_name": "voltage_window_holdout_fold",
      "subset_name": "baseline_clean_tolerant",
      "target": "delta_capacity_Ah",
      "test_cells": 48,
      "test_parameter_sets": 16,
      "test_rows": 890,
      "train_parameter_sets": 60,
      "train_rows": 1883,
      "worst_condition_mae": 0.06104845621144749
    }
  ],
  "model_level": "L3_quantile_hist_gradient_boosting",
  "primary_summary": {
    "condition_mean_mae": 0.08918510213249198,
    "condition_median_mae": 0.06652591927909048,
    "fold_count": 3,
    "mean_mae": 0.058306995092262594,
    "mean_rmse": 0.09400077374301037,
    "worst_condition_mae": 0.3293503440013864
  },
  "row_counts": {
    "baseline_clean_strict_rows": 2773,
    "baseline_clean_tolerant_rows": 3827,
    "full_interval_rows": 3827,
    "selected_cells": 228,
    "selected_parameter_sets": 76,
    "selected_subset_rows": 3827,
    "sensitivity_excluding_monotonicity_rows": 2773,
    "sensitivity_flagged_monotonicity_rows": 1054
  },
  "schema_version": "gate5.capacity_baseline.v1",
  "sensitivity_excluding_monotonicity_summary": {
    "condition_mean_mae": 0.08661351214377745,
    "condition_median_mae": 0.06825209089353908,
    "fold_count": 3,
    "mean_mae": 0.054140680218559056,
    "mean_rmse": 0.0852304794047382,
    "worst_condition_mae": 0.29779557624442743
  },
  "split_name": "voltage_window_holdout_fold",
  "target": "delta_capacity_Ah"
}
