{
  "feature_group": "F7_c_rate_focused",
  "fold_metrics": [
    {
      "condition_mean_mae": 0.09756141363453999,
      "condition_median_mae": 0.06604041414751886,
      "feature_group": "F7_c_rate_focused",
      "heldout_fold": 1,
      "mae": 0.03541662349321938,
      "model_level": "L3_quantile_hist_gradient_boosting",
      "pinball_loss_q10": 0.014283133194202277,
      "pinball_loss_q50": 0.01770831174660969,
      "pinball_loss_q90": 0.006797517336786141,
      "q10_q90_interval_coverage": 0.6145552560646901,
      "q10_q90_interval_width_mean": 0.06586541170724187,
      "rmse": 0.10122270169652908,
      "run_scope": "primary",
      "split_name": "temperature_holdout_fold",
      "subset_name": "baseline_clean_tolerant",
      "target": "delta_capacity_Ah",
      "test_cells": 57,
      "test_parameter_sets": 19,
      "test_rows": 742,
      "train_parameter_sets": 57,
      "train_rows": 3085,
      "worst_condition_mae": 0.3177127168623069
    },
    {
      "condition_mean_mae": 0.05379942529225373,
      "condition_median_mae": 0.036971475769673384,
      "feature_group": "F7_c_rate_focused",
      "heldout_fold": 2,
      "mae": 0.031249794171220053,
      "model_level": "L3_quantile_hist_gradient_boosting",
      "pinball_loss_q10": 0.015419064447391453,
      "pinball_loss_q50": 0.015624897085610026,
      "pinball_loss_q90": 0.004235697535351435,
      "q10_q90_interval_coverage": 0.7216981132075472,
      "q10_q90_interval_width_mean": 0.06647616315731382,
      "rmse": 0.0920413202528914,
      "run_scope": "primary",
      "split_name": "temperature_holdout_fold",
      "subset_name": "baseline_clean_tolerant",
      "target": "delta_capacity_Ah",
      "test_cells": 57,
      "test_parameter_sets": 19,
      "test_rows": 1060,
      "train_parameter_sets": 57,
      "train_rows": 2767,
      "worst_condition_mae": 0.1822393686065336
    },
    {
      "condition_mean_mae": 0.10483823894206701,
      "condition_median_mae": 0.06600078776090273,
      "feature_group": "F7_c_rate_focused",
      "heldout_fold": 1,
      "mae": 0.042513032601780285,
      "model_level": "L3_quantile_hist_gradient_boosting",
      "pinball_loss_q10": 0.017530104595780138,
      "pinball_loss_q50": 0.021256516300890142,
      "pinball_loss_q90": 0.007907706611533762,
      "q10_q90_interval_coverage": 0.602510460251046,
      "q10_q90_interval_width_mean": 0.07152061147278911,
      "rmse": 0.11686115886383973,
      "run_scope": "sensitivity_excluding_monotonicity",
      "split_name": "temperature_holdout_fold",
      "subset_name": "baseline_clean_tolerant",
      "target": "delta_capacity_Ah",
      "test_cells": 56,
      "test_parameter_sets": 19,
      "test_rows": 478,
      "train_parameter_sets": 57,
      "train_rows": 2295,
      "worst_condition_mae": 0.3463134377000368
    },
    {
      "condition_mean_mae": 0.05714615105986433,
      "condition_median_mae": 0.04094396982398395,
      "feature_group": "F7_c_rate_focused",
      "heldout_fold": 2,
      "mae": 0.03144874372737125,
      "model_level": "L3_quantile_hist_gradient_boosting",
      "pinball_loss_q10": 0.017696043052302622,
      "pinball_loss_q50": 0.015724371863685624,
      "pinball_loss_q90": 0.004299209111988161,
      "q10_q90_interval_coverage": 0.7385204081632653,
      "q10_q90_interval_width_mean": 0.05863290357226922,
      "rmse": 0.09607552110112898,
      "run_scope": "sensitivity_excluding_monotonicity",
      "split_name": "temperature_holdout_fold",
      "subset_name": "baseline_clean_tolerant",
      "target": "delta_capacity_Ah",
      "test_cells": 57,
      "test_parameter_sets": 19,
      "test_rows": 784,
      "train_parameter_sets": 57,
      "train_rows": 1989,
      "worst_condition_mae": 0.19435341176339935
    }
  ],
  "model_level": "L3_quantile_hist_gradient_boosting",
  "primary_summary": {
    "condition_mean_mae": 0.07568041946339686,
    "condition_median_mae": 0.051505944958596124,
    "fold_count": 2,
    "mean_mae": 0.03333320883221972,
    "mean_rmse": 0.09663201097471025,
    "worst_condition_mae": 0.3177127168623069
  },
  "row_counts": {
    "baseline_clean_strict_rows": 2773,
    "baseline_clean_tolerant_rows": 3827,
    "full_interval_rows": 3827,
    "selected_cells": 228,
    "selected_parameter_sets": 76,
    "selected_subset_rows": 3827,
    "sensitivity_excluding_monotonicity_rows": 2773,
    "sensitivity_flagged_monotonicity_rows": 1054
  },
  "schema_version": "gate5.capacity_baseline.v1",
  "sensitivity_excluding_monotonicity_summary": {
    "condition_mean_mae": 0.08099219500096566,
    "condition_median_mae": 0.05347237879244334,
    "fold_count": 2,
    "mean_mae": 0.036980888164575766,
    "mean_rmse": 0.10646833998248435,
    "worst_condition_mae": 0.3463134377000368
  },
  "split_name": "temperature_holdout_fold",
  "target": "delta_capacity_Ah"
}
