{
  "feature_group": "F5_log_age_histograms",
  "fold_metrics": [
    {
      "condition_mean_mae": 0.12182762888921603,
      "condition_median_mae": 0.08262399622729893,
      "feature_group": "F5_log_age_histograms",
      "heldout_fold": 1,
      "mae": 0.06561181437559843,
      "model_level": "L3_quantile_hist_gradient_boosting",
      "pinball_loss_q10": 0.023844234016346888,
      "pinball_loss_q50": 0.032805907187799216,
      "pinball_loss_q90": 0.02356649530587087,
      "q10_q90_interval_coverage": 0.8265486725663717,
      "q10_q90_interval_width_mean": 0.3094524996623814,
      "rmse": 0.11632694602554135,
      "run_scope": "primary",
      "split_name": "voltage_window_holdout_fold",
      "subset_name": "baseline_clean_tolerant",
      "target": "capacity_Ah_k1",
      "test_cells": 84,
      "test_parameter_sets": 28,
      "test_rows": 1130,
      "train_parameter_sets": 48,
      "train_rows": 2697,
      "worst_condition_mae": 0.31768393872049516
    },
    {
      "condition_mean_mae": 0.12063400093519282,
      "condition_median_mae": 0.13126531371154596,
      "feature_group": "F5_log_age_histograms",
      "heldout_fold": 2,
      "mae": 0.08026518522224141,
      "model_level": "L3_quantile_hist_gradient_boosting",
      "pinball_loss_q10": 0.020015009142276413,
      "pinball_loss_q50": 0.040132592611120704,
      "pinball_loss_q90": 0.019950348235624082,
      "q10_q90_interval_coverage": 0.8074398249452954,
      "q10_q90_interval_width_mean": 0.2830024362685788,
      "rmse": 0.12315978095133527,
      "run_scope": "primary",
      "split_name": "voltage_window_holdout_fold",
      "subset_name": "baseline_clean_tolerant",
      "target": "capacity_Ah_k1",
      "test_cells": 96,
      "test_parameter_sets": 32,
      "test_rows": 1371,
      "train_parameter_sets": 44,
      "train_rows": 2456,
      "worst_condition_mae": 0.31470914891117635
    },
    {
      "condition_mean_mae": 0.2780322194315206,
      "condition_median_mae": 0.2825849742448804,
      "feature_group": "F5_log_age_histograms",
      "heldout_fold": 3,
      "mae": 0.27735913134060014,
      "model_level": "L3_quantile_hist_gradient_boosting",
      "pinball_loss_q10": 0.09291282542998879,
      "pinball_loss_q50": 0.13867956567030007,
      "pinball_loss_q90": 0.09292705243133824,
      "q10_q90_interval_coverage": 0.026395173453996983,
      "q10_q90_interval_width_mean": 0.8262511977333212,
      "rmse": 0.2958252576669384,
      "run_scope": "primary",
      "split_name": "voltage_window_holdout_fold",
      "subset_name": "baseline_clean_tolerant",
      "target": "capacity_Ah_k1",
      "test_cells": 48,
      "test_parameter_sets": 16,
      "test_rows": 1326,
      "train_parameter_sets": 60,
      "train_rows": 2501,
      "worst_condition_mae": 0.34824835173600904
    },
    {
      "condition_mean_mae": 0.12901346725050084,
      "condition_median_mae": 0.09331493692595988,
      "feature_group": "F5_log_age_histograms",
      "heldout_fold": 1,
      "mae": 0.07054281855662457,
      "model_level": "L3_quantile_hist_gradient_boosting",
      "pinball_loss_q10": 0.023894140854206703,
      "pinball_loss_q50": 0.035271409278312287,
      "pinball_loss_q90": 0.016425573971014684,
      "q10_q90_interval_coverage": 0.7922235722964763,
      "q10_q90_interval_width_mean": 0.21290204888869763,
      "rmse": 0.12294038128465201,
      "run_scope": "sensitivity_excluding_monotonicity",
      "split_name": "voltage_window_holdout_fold",
      "subset_name": "baseline_clean_tolerant",
      "target": "capacity_Ah_k1",
      "test_cells": 84,
      "test_parameter_sets": 28,
      "test_rows": 823,
      "train_parameter_sets": 48,
      "train_rows": 1950,
      "worst_condition_mae": 0.37562048272811105
    },
    {
      "condition_mean_mae": 0.10887369513983945,
      "condition_median_mae": 0.09129282186125257,
      "feature_group": "F5_log_age_histograms",
      "heldout_fold": 2,
      "mae": 0.06752218378113309,
      "model_level": "L3_quantile_hist_gradient_boosting",
      "pinball_loss_q10": 0.01969509814431622,
      "pinball_loss_q50": 0.033761091890566544,
      "pinball_loss_q90": 0.016549892615661307,
      "q10_q90_interval_coverage": 0.7113207547169811,
      "q10_q90_interval_width_mean": 0.22847324628267549,
      "rmse": 0.11233816893625637,
      "run_scope": "sensitivity_excluding_monotonicity",
      "split_name": "voltage_window_holdout_fold",
      "subset_name": "baseline_clean_tolerant",
      "target": "capacity_Ah_k1",
      "test_cells": 95,
      "test_parameter_sets": 32,
      "test_rows": 1060,
      "train_parameter_sets": 44,
      "train_rows": 1713,
      "worst_condition_mae": 0.2967340548872646
    },
    {
      "condition_mean_mae": 0.29618145584571925,
      "condition_median_mae": 0.2986820522809772,
      "feature_group": "F5_log_age_histograms",
      "heldout_fold": 3,
      "mae": 0.28824194327595715,
      "model_level": "L3_quantile_hist_gradient_boosting",
      "pinball_loss_q10": 0.07991632096991695,
      "pinball_loss_q50": 0.14412097163797857,
      "pinball_loss_q90": 0.036893627166084686,
      "q10_q90_interval_coverage": 0.18089887640449437,
      "q10_q90_interval_width_mean": 0.764352330891447,
      "rmse": 0.3033590332395414,
      "run_scope": "sensitivity_excluding_monotonicity",
      "split_name": "voltage_window_holdout_fold",
      "subset_name": "baseline_clean_tolerant",
      "target": "capacity_Ah_k1",
      "test_cells": 48,
      "test_parameter_sets": 16,
      "test_rows": 890,
      "train_parameter_sets": 60,
      "train_rows": 1883,
      "worst_condition_mae": 0.40985978045906135
    }
  ],
  "model_level": "L3_quantile_hist_gradient_boosting",
  "primary_summary": {
    "condition_mean_mae": 0.1734979497519765,
    "condition_median_mae": 0.16549142806124176,
    "fold_count": 3,
    "mean_mae": 0.14107871031281333,
    "mean_rmse": 0.178437328214605,
    "worst_condition_mae": 0.34824835173600904
  },
  "row_counts": {
    "baseline_clean_strict_rows": 2773,
    "baseline_clean_tolerant_rows": 3827,
    "full_interval_rows": 3827,
    "selected_cells": 228,
    "selected_parameter_sets": 76,
    "selected_subset_rows": 3827,
    "sensitivity_excluding_monotonicity_rows": 2773,
    "sensitivity_flagged_monotonicity_rows": 1054
  },
  "schema_version": "gate5.capacity_baseline.v1",
  "sensitivity_excluding_monotonicity_summary": {
    "condition_mean_mae": 0.1780228727453532,
    "condition_median_mae": 0.16109660368939657,
    "fold_count": 3,
    "mean_mae": 0.1421023152045716,
    "mean_rmse": 0.17954586115348325,
    "worst_condition_mae": 0.40985978045906135
  },
  "split_name": "voltage_window_holdout_fold",
  "target": "capacity_Ah_k1"
}
