{
  "feature_group": "F6_coupled_stress",
  "fold_metrics": [
    {
      "condition_mean_mae": 0.044479527561972286,
      "condition_median_mae": 0.035467861015560584,
      "feature_group": "F6_coupled_stress",
      "heldout_fold": 0,
      "mae": 0.026811567719131565,
      "model_level": "L3_quantile_hist_gradient_boosting",
      "pinball_loss_q10": 0.010311727749396133,
      "pinball_loss_q50": 0.013405783859565782,
      "pinball_loss_q90": 0.014014027827939058,
      "q10_q90_interval_coverage": 0.8139810426540285,
      "q10_q90_interval_width_mean": 0.18639840794270396,
      "rmse": 0.06480489197255808,
      "run_scope": "primary",
      "split_name": "condition_fold",
      "subset_name": "baseline_clean_tolerant",
      "target": "capacity_Ah_k1",
      "test_cells": 48,
      "test_parameter_sets": 16,
      "test_rows": 844,
      "train_parameter_sets": 60,
      "train_rows": 2983,
      "worst_condition_mae": 0.13013431309038592
    },
    {
      "condition_mean_mae": 0.048181476234037644,
      "condition_median_mae": 0.03032795179510862,
      "feature_group": "F6_coupled_stress",
      "heldout_fold": 1,
      "mae": 0.025625645869997615,
      "model_level": "L3_quantile_hist_gradient_boosting",
      "pinball_loss_q10": 0.013053180863058308,
      "pinball_loss_q50": 0.012812822934998807,
      "pinball_loss_q90": 0.007901057658498988,
      "q10_q90_interval_coverage": 0.7803468208092486,
      "q10_q90_interval_width_mean": 0.14798309162270173,
      "rmse": 0.07336505776618045,
      "run_scope": "primary",
      "split_name": "condition_fold",
      "subset_name": "baseline_clean_tolerant",
      "target": "capacity_Ah_k1",
      "test_cells": 45,
      "test_parameter_sets": 15,
      "test_rows": 865,
      "train_parameter_sets": 61,
      "train_rows": 2962,
      "worst_condition_mae": 0.17294629605595868
    },
    {
      "condition_mean_mae": 0.045011252251855975,
      "condition_median_mae": 0.021624008609960235,
      "feature_group": "F6_coupled_stress",
      "heldout_fold": 2,
      "mae": 0.027187562750431882,
      "model_level": "L3_quantile_hist_gradient_boosting",
      "pinball_loss_q10": 0.011271352476632824,
      "pinball_loss_q50": 0.013593781375215941,
      "pinball_loss_q90": 0.007420383766416929,
      "q10_q90_interval_coverage": 0.7511210762331838,
      "q10_q90_interval_width_mean": 0.1413458864810227,
      "rmse": 0.06875408949077749,
      "run_scope": "primary",
      "split_name": "condition_fold",
      "subset_name": "baseline_clean_tolerant",
      "target": "capacity_Ah_k1",
      "test_cells": 45,
      "test_parameter_sets": 15,
      "test_rows": 892,
      "train_parameter_sets": 61,
      "train_rows": 2935,
      "worst_condition_mae": 0.20520362610355722
    },
    {
      "condition_mean_mae": 0.07804154974597892,
      "condition_median_mae": 0.06719364406236887,
      "feature_group": "F6_coupled_stress",
      "heldout_fold": 3,
      "mae": 0.039501101399806234,
      "model_level": "L3_quantile_hist_gradient_boosting",
      "pinball_loss_q10": 0.017582159434519413,
      "pinball_loss_q50": 0.019750550699903117,
      "pinball_loss_q90": 0.012292288975921965,
      "q10_q90_interval_coverage": 0.7819253438113949,
      "q10_q90_interval_width_mean": 0.18664984748445723,
      "rmse": 0.10115711567524775,
      "run_scope": "primary",
      "split_name": "condition_fold",
      "subset_name": "baseline_clean_tolerant",
      "target": "capacity_Ah_k1",
      "test_cells": 45,
      "test_parameter_sets": 15,
      "test_rows": 509,
      "train_parameter_sets": 61,
      "train_rows": 3318,
      "worst_condition_mae": 0.21661471868168958
    },
    {
      "condition_mean_mae": 0.06725385550988164,
      "condition_median_mae": 0.03520384524938476,
      "feature_group": "F6_coupled_stress",
      "heldout_fold": 4,
      "mae": 0.024895682532671642,
      "model_level": "L3_quantile_hist_gradient_boosting",
      "pinball_loss_q10": 0.009826379625370812,
      "pinball_loss_q50": 0.012447841266335821,
      "pinball_loss_q90": 0.009066202771764563,
      "q10_q90_interval_coverage": 0.8410041841004184,
      "q10_q90_interval_width_mean": 0.15020717495181293,
      "rmse": 0.06348086115895495,
      "run_scope": "primary",
      "split_name": "condition_fold",
      "subset_name": "baseline_clean_tolerant",
      "target": "capacity_Ah_k1",
      "test_cells": 45,
      "test_parameter_sets": 15,
      "test_rows": 717,
      "train_parameter_sets": 61,
      "train_rows": 3110,
      "worst_condition_mae": 0.26554419103416776
    },
    {
      "condition_mean_mae": 0.055979350234754935,
      "condition_median_mae": 0.041079625884318016,
      "feature_group": "F6_coupled_stress",
      "heldout_fold": 0,
      "mae": 0.029514608325956416,
      "model_level": "L3_quantile_hist_gradient_boosting",
      "pinball_loss_q10": 0.00908188103413218,
      "pinball_loss_q50": 0.014757304162978208,
      "pinball_loss_q90": 0.011182372037920121,
      "q10_q90_interval_coverage": 0.8467741935483871,
      "q10_q90_interval_width_mean": 0.14617032509621605,
      "rmse": 0.07526822486595636,
      "run_scope": "sensitivity_excluding_monotonicity",
      "split_name": "condition_fold",
      "subset_name": "baseline_clean_tolerant",
      "target": "capacity_Ah_k1",
      "test_cells": 48,
      "test_parameter_sets": 16,
      "test_rows": 620,
      "train_parameter_sets": 60,
      "train_rows": 2153,
      "worst_condition_mae": 0.19825412473502135
    },
    {
      "condition_mean_mae": 0.05177717660998814,
      "condition_median_mae": 0.027203789746797605,
      "feature_group": "F6_coupled_stress",
      "heldout_fold": 1,
      "mae": 0.02673675261107143,
      "model_level": "L3_quantile_hist_gradient_boosting",
      "pinball_loss_q10": 0.012753110428450527,
      "pinball_loss_q50": 0.013368376305535714,
      "pinball_loss_q90": 0.007189311116372718,
      "q10_q90_interval_coverage": 0.7125,
      "q10_q90_interval_width_mean": 0.1348667804338769,
      "rmse": 0.07724752010570231,
      "run_scope": "sensitivity_excluding_monotonicity",
      "split_name": "condition_fold",
      "subset_name": "baseline_clean_tolerant",
      "target": "capacity_Ah_k1",
      "test_cells": 45,
      "test_parameter_sets": 15,
      "test_rows": 640,
      "train_parameter_sets": 61,
      "train_rows": 2133,
      "worst_condition_mae": 0.2141158930909689
    },
    {
      "condition_mean_mae": 0.04623899969247791,
      "condition_median_mae": 0.025770318708723015,
      "feature_group": "F6_coupled_stress",
      "heldout_fold": 2,
      "mae": 0.0259801977691919,
      "model_level": "L3_quantile_hist_gradient_boosting",
      "pinball_loss_q10": 0.012107240334482969,
      "pinball_loss_q50": 0.01299009888459595,
      "pinball_loss_q90": 0.007313492515024854,
      "q10_q90_interval_coverage": 0.7378335949764521,
      "q10_q90_interval_width_mean": 0.14607335888355918,
      "rmse": 0.0702215440529747,
      "run_scope": "sensitivity_excluding_monotonicity",
      "split_name": "condition_fold",
      "subset_name": "baseline_clean_tolerant",
      "target": "capacity_Ah_k1",
      "test_cells": 45,
      "test_parameter_sets": 15,
      "test_rows": 637,
      "train_parameter_sets": 61,
      "train_rows": 2136,
      "worst_condition_mae": 0.21850418715117162
    },
    {
      "condition_mean_mae": 0.0851706312752519,
      "condition_median_mae": 0.05098135886501537,
      "feature_group": "F6_coupled_stress",
      "heldout_fold": 3,
      "mae": 0.04373034567317901,
      "model_level": "L3_quantile_hist_gradient_boosting",
      "pinball_loss_q10": 0.01612096884010244,
      "pinball_loss_q50": 0.021865172836589505,
      "pinball_loss_q90": 0.012951748303005065,
      "q10_q90_interval_coverage": 0.7879581151832461,
      "q10_q90_interval_width_mean": 0.19767241664128166,
      "rmse": 0.11752917266319665,