{
  "feature_group": "F5_log_age_histograms",
  "fold_metrics": [
    {
      "condition_mean_mae": 0.04888067470502433,
      "condition_median_mae": 0.03832543274248257,
      "feature_group": "F5_log_age_histograms",
      "heldout_fold": 0,
      "mae": 0.028837908741621777,
      "model_level": "L3_quantile_hist_gradient_boosting",
      "pinball_loss_q10": 0.009561029187307314,
      "pinball_loss_q50": 0.014418954370810888,
      "pinball_loss_q90": 0.014014027827939058,
      "q10_q90_interval_coverage": 0.8009478672985783,
      "q10_q90_interval_width_mean": 0.1768384955585009,
      "rmse": 0.06771834342113285,
      "run_scope": "primary",
      "split_name": "condition_fold",
      "subset_name": "baseline_clean_tolerant",
      "target": "capacity_Ah_k1",
      "test_cells": 48,
      "test_parameter_sets": 16,
      "test_rows": 844,
      "train_parameter_sets": 60,
      "train_rows": 2983,
      "worst_condition_mae": 0.15357501732002798
    },
    {
      "condition_mean_mae": 0.045124036325666965,
      "condition_median_mae": 0.032416193959973846,
      "feature_group": "F5_log_age_histograms",
      "heldout_fold": 1,
      "mae": 0.026110460220898628,
      "model_level": "L3_quantile_hist_gradient_boosting",
      "pinball_loss_q10": 0.01363051556699672,
      "pinball_loss_q50": 0.013055230110449314,
      "pinball_loss_q90": 0.007897080157933199,
      "q10_q90_interval_coverage": 0.761849710982659,
      "q10_q90_interval_width_mean": 0.150420373590551,
      "rmse": 0.07322749237121964,
      "run_scope": "primary",
      "split_name": "condition_fold",
      "subset_name": "baseline_clean_tolerant",
      "target": "capacity_Ah_k1",
      "test_cells": 45,
      "test_parameter_sets": 15,
      "test_rows": 865,
      "train_parameter_sets": 61,
      "train_rows": 2962,
      "worst_condition_mae": 0.13594545996275956
    },
    {
      "condition_mean_mae": 0.04916889798761223,
      "condition_median_mae": 0.02145254764241558,
      "feature_group": "F5_log_age_histograms",
      "heldout_fold": 2,
      "mae": 0.027815064411540233,
      "model_level": "L3_quantile_hist_gradient_boosting",
      "pinball_loss_q10": 0.011323707250883821,
      "pinball_loss_q50": 0.013907532205770116,
      "pinball_loss_q90": 0.0073816683099704496,
      "q10_q90_interval_coverage": 0.7589686098654709,
      "q10_q90_interval_width_mean": 0.13921484040434773,
      "rmse": 0.0747736112189716,
      "run_scope": "primary",
      "split_name": "condition_fold",
      "subset_name": "baseline_clean_tolerant",
      "target": "capacity_Ah_k1",
      "test_cells": 45,
      "test_parameter_sets": 15,
      "test_rows": 892,
      "train_parameter_sets": 61,
      "train_rows": 2935,
      "worst_condition_mae": 0.2508253889269282
    },
    {
      "condition_mean_mae": 0.08410123054953306,
      "condition_median_mae": 0.06473687315758167,
      "feature_group": "F5_log_age_histograms",
      "heldout_fold": 3,
      "mae": 0.041105068912702485,
      "model_level": "L3_quantile_hist_gradient_boosting",
      "pinball_loss_q10": 0.017481560892692594,
      "pinball_loss_q50": 0.020552534456351242,
      "pinball_loss_q90": 0.012268072541884521,
      "q10_q90_interval_coverage": 0.8113948919449901,
      "q10_q90_interval_width_mean": 0.17892925331067758,
      "rmse": 0.11006288561496068,
      "run_scope": "primary",
      "split_name": "condition_fold",
      "subset_name": "baseline_clean_tolerant",
      "target": "capacity_Ah_k1",
      "test_cells": 45,
      "test_parameter_sets": 15,
      "test_rows": 509,
      "train_parameter_sets": 61,
      "train_rows": 3318,
      "worst_condition_mae": 0.2878619884223517
    },
    {
      "condition_mean_mae": 0.058782099650846416,
      "condition_median_mae": 0.03521669761550881,
      "feature_group": "F5_log_age_histograms",
      "heldout_fold": 4,
      "mae": 0.022173814980980446,
      "model_level": "L3_quantile_hist_gradient_boosting",
      "pinball_loss_q10": 0.011164300657760438,
      "pinball_loss_q50": 0.011086907490490223,
      "pinball_loss_q90": 0.009073215077380167,
      "q10_q90_interval_coverage": 0.8577405857740585,
      "q10_q90_interval_width_mean": 0.16115020489623832,
      "rmse": 0.05877832459215246,
      "run_scope": "primary",
      "split_name": "condition_fold",
      "subset_name": "baseline_clean_tolerant",
      "target": "capacity_Ah_k1",
      "test_cells": 45,
      "test_parameter_sets": 15,
      "test_rows": 717,
      "train_parameter_sets": 61,
      "train_rows": 3110,
      "worst_condition_mae": 0.21113698264009687
    },
    {
      "condition_mean_mae": 0.053144311165181306,
      "condition_median_mae": 0.03895343196266457,
      "feature_group": "F5_log_age_histograms",
      "heldout_fold": 0,
      "mae": 0.02792329975404653,
      "model_level": "L3_quantile_hist_gradient_boosting",
      "pinball_loss_q10": 0.009054800671281858,
      "pinball_loss_q50": 0.013961649877023264,
      "pinball_loss_q90": 0.011181621993844601,
      "q10_q90_interval_coverage": 0.8129032258064516,
      "q10_q90_interval_width_mean": 0.14855458907890978,
      "rmse": 0.07107726164376511,
      "run_scope": "sensitivity_excluding_monotonicity",
      "split_name": "condition_fold",
      "subset_name": "baseline_clean_tolerant",
      "target": "capacity_Ah_k1",
      "test_cells": 48,
      "test_parameter_sets": 16,
      "test_rows": 620,
      "train_parameter_sets": 60,
      "train_rows": 2153,
      "worst_condition_mae": 0.17493543887368782
    },
    {
      "condition_mean_mae": 0.04964563671748245,
      "condition_median_mae": 0.029406753031388785,
      "feature_group": "F5_log_age_histograms",
      "heldout_fold": 1,
      "mae": 0.026423085986885142,
      "model_level": "L3_quantile_hist_gradient_boosting",
      "pinball_loss_q10": 0.012049487714924178,
      "pinball_loss_q50": 0.013211542993442571,
      "pinball_loss_q90": 0.007114568374121675,
      "q10_q90_interval_coverage": 0.7296875,
      "q10_q90_interval_width_mean": 0.12171176841708235,
      "rmse": 0.07555355378610173,
      "run_scope": "sensitivity_excluding_monotonicity",
      "split_name": "condition_fold",
      "subset_name": "baseline_clean_tolerant",
      "target": "capacity_Ah_k1",
      "test_cells": 45,
      "test_parameter_sets": 15,
      "test_rows": 640,
      "train_parameter_sets": 61,
      "train_rows": 2133,
      "worst_condition_mae": 0.20665316768892672
    },
    {
      "condition_mean_mae": 0.04545427066370707,
      "condition_median_mae": 0.02489841970141433,
      "feature_group": "F5_log_age_histograms",
      "heldout_fold": 2,
      "mae": 0.02487242830443349,
      "model_level": "L3_quantile_hist_gradient_boosting",
      "pinball_loss_q10": 0.010865744072141569,
      "pinball_loss_q50": 0.012436214152216745,
      "pinball_loss_q90": 0.007371779284323688,
      "q10_q90_interval_coverage": 0.7331240188383046,
      "q10_q90_interval_width_mean": 0.1344515272804536,
      "rmse": 0.0682821814420427,
      "run_scope": "sensitivity_excluding_monotonicity",
      "split_name": "condition_fold",
      "subset_name": "baseline_clean_tolerant",
      "target": "capacity_Ah_k1",
      "test_cells": 45,
      "test_parameter_sets": 15,
      "test_rows": 637,
      "train_parameter_sets": 61,
      "train_rows": 2136,
      "worst_condition_mae": 0.23082303060754733
    },
    {
      "condition_mean_mae": 0.08083799242948916,
      "condition_median_mae": 0.06328752927132761,
      "feature_group": "F5_log_age_histograms",
      "heldout_fold": 3,
      "mae": 0.04241053917668299,
      "model_level": "L3_quantile_hist_gradient_boosting",
      "pinball_loss_q10": 0.017423814308991363,
      "pinball_loss_q50": 0.021205269588341496,
      "pinball_loss_q90": 0.012951741374845328,
      "q10_q90_interval_coverage": 0.8010471204188482,
      "q10_q90_interval_width_mean": 0.18759173830280299,
      "rmse": 0.11516945841931873,