{
  "feature_group": "F6_coupled_stress",
  "fold_metrics": [
    {
      "condition_mean_mae": 0.03528566948957865,
      "condition_median_mae": 0.027837267408526434,
      "feature_group": "F6_coupled_stress",
      "heldout_fold": 0,
      "mae": 0.022621423485043462,
      "model_level": "L3_quantile_hist_gradient_boosting",
      "pinball_loss_q10": 0.008425032663081738,
      "pinball_loss_q50": 0.011310711742521731,
      "pinball_loss_q90": 0.005636243041816885,
      "q10_q90_interval_coverage": 0.5924170616113744,
      "q10_q90_interval_width_mean": 0.0672549990959959,
      "rmse": 0.05817348110780065,
      "run_scope": "primary",
      "split_name": "condition_fold",
      "subset_name": "baseline_clean_tolerant",
      "target": "delta_capacity_Ah",
      "test_cells": 48,
      "test_parameter_sets": 16,
      "test_rows": 844,
      "train_parameter_sets": 60,
      "train_rows": 2983,
      "worst_condition_mae": 0.11139378115131923
    },
    {
      "condition_mean_mae": 0.040578300243553585,
      "condition_median_mae": 0.020035367697771027,
      "feature_group": "F6_coupled_stress",
      "heldout_fold": 1,
      "mae": 0.01954520476424826,
      "model_level": "L3_quantile_hist_gradient_boosting",
      "pinball_loss_q10": 0.007926455470547595,
      "pinball_loss_q50": 0.00977260238212413,
      "pinball_loss_q90": 0.0037552348745709466,
      "q10_q90_interval_coverage": 0.7109826589595376,
      "q10_q90_interval_width_mean": 0.05272754127311011,
      "rmse": 0.064133860202062,
      "run_scope": "primary",
      "split_name": "condition_fold",
      "subset_name": "baseline_clean_tolerant",
      "target": "delta_capacity_Ah",
      "test_cells": 45,
      "test_parameter_sets": 15,
      "test_rows": 865,
      "train_parameter_sets": 61,
      "train_rows": 2962,
      "worst_condition_mae": 0.16335790800249758
    },
    {
      "condition_mean_mae": 0.03544790167773386,
      "condition_median_mae": 0.015885999665437748,
      "feature_group": "F6_coupled_stress",
      "heldout_fold": 2,
      "mae": 0.014730743456326518,
      "model_level": "L3_quantile_hist_gradient_boosting",
      "pinball_loss_q10": 0.005897715934733191,
      "pinball_loss_q50": 0.007365371728163259,
      "pinball_loss_q90": 0.0031088929326609643,
      "q10_q90_interval_coverage": 0.7701793721973094,
      "q10_q90_interval_width_mean": 0.0577799679484189,
      "rmse": 0.046316175253831054,
      "run_scope": "primary",
      "split_name": "condition_fold",
      "subset_name": "baseline_clean_tolerant",
      "target": "delta_capacity_Ah",
      "test_cells": 45,
      "test_parameter_sets": 15,
      "test_rows": 892,
      "train_parameter_sets": 61,
      "train_rows": 2935,
      "worst_condition_mae": 0.20934726793531835
    },
    {
      "condition_mean_mae": 0.0838690781300268,
      "condition_median_mae": 0.07169747558087007,
      "feature_group": "F6_coupled_stress",
      "heldout_fold": 3,
      "mae": 0.04016621999617415,
      "model_level": "L3_quantile_hist_gradient_boosting",
      "pinball_loss_q10": 0.012416718841410214,
      "pinball_loss_q50": 0.020083109998087077,
      "pinball_loss_q90": 0.007936030551159096,
      "q10_q90_interval_coverage": 0.7367387033398821,
      "q10_q90_interval_width_mean": 0.10266490495876297,
      "rmse": 0.10732163939434412,
      "run_scope": "primary",
      "split_name": "condition_fold",
      "subset_name": "baseline_clean_tolerant",
      "target": "delta_capacity_Ah",
      "test_cells": 45,
      "test_parameter_sets": 15,
      "test_rows": 509,
      "train_parameter_sets": 61,
      "train_rows": 3318,
      "worst_condition_mae": 0.2570282862122654
    },
    {
      "condition_mean_mae": 0.04493081483469432,
      "condition_median_mae": 0.027924639403720516,
      "feature_group": "F6_coupled_stress",
      "heldout_fold": 4,
      "mae": 0.018707577511396435,
      "model_level": "L3_quantile_hist_gradient_boosting",
      "pinball_loss_q10": 0.00553964466662251,
      "pinball_loss_q50": 0.009353788755698218,
      "pinball_loss_q90": 0.004698809986327665,
      "q10_q90_interval_coverage": 0.7447698744769874,
      "q10_q90_interval_width_mean": 0.07806369286421484,
      "rmse": 0.0468322625323653,
      "run_scope": "primary",
      "split_name": "condition_fold",
      "subset_name": "baseline_clean_tolerant",
      "target": "delta_capacity_Ah",
      "test_cells": 45,
      "test_parameter_sets": 15,
      "test_rows": 717,
      "train_parameter_sets": 61,
      "train_rows": 3110,
      "worst_condition_mae": 0.16554935536224458
    },
    {
      "condition_mean_mae": 0.04256422691785427,
      "condition_median_mae": 0.03205544108544777,
      "feature_group": "F6_coupled_stress",
      "heldout_fold": 0,
      "mae": 0.02410406965392201,
      "model_level": "L3_quantile_hist_gradient_boosting",
      "pinball_loss_q10": 0.008594525911364918,
      "pinball_loss_q50": 0.012052034826961005,
      "pinball_loss_q90": 0.00567753322430512,
      "q10_q90_interval_coverage": 0.614516129032258,
      "q10_q90_interval_width_mean": 0.06179288253607052,
      "rmse": 0.06551966604678415,
      "run_scope": "sensitivity_excluding_monotonicity",
      "split_name": "condition_fold",
      "subset_name": "baseline_clean_tolerant",
      "target": "delta_capacity_Ah",
      "test_cells": 48,
      "test_parameter_sets": 16,
      "test_rows": 620,
      "train_parameter_sets": 60,
      "train_rows": 2153,
      "worst_condition_mae": 0.15678671371208758
    },
    {
      "condition_mean_mae": 0.03732883870134333,
      "condition_median_mae": 0.018357279384548193,
      "feature_group": "F6_coupled_stress",
      "heldout_fold": 1,
      "mae": 0.02070632614428251,
      "model_level": "L3_quantile_hist_gradient_boosting",
      "pinball_loss_q10": 0.007175677175267961,
      "pinball_loss_q50": 0.010353163072141255,
      "pinball_loss_q90": 0.003642698871967378,
      "q10_q90_interval_coverage": 0.68125,
      "q10_q90_interval_width_mean": 0.054687015801559394,
      "rmse": 0.06281945621544595,
      "run_scope": "sensitivity_excluding_monotonicity",
      "split_name": "condition_fold",
      "subset_name": "baseline_clean_tolerant",
      "target": "delta_capacity_Ah",
      "test_cells": 45,
      "test_parameter_sets": 15,
      "test_rows": 640,
      "train_parameter_sets": 61,
      "train_rows": 2133,
      "worst_condition_mae": 0.15581120633066028
    },
    {
      "condition_mean_mae": 0.03685298844125608,
      "condition_median_mae": 0.019307935458765746,
      "feature_group": "F6_coupled_stress",
      "heldout_fold": 2,
      "mae": 0.015432622362713606,
      "model_level": "L3_quantile_hist_gradient_boosting",
      "pinball_loss_q10": 0.005777355378580408,
      "pinball_loss_q50": 0.007716311181356803,
      "pinball_loss_q90": 0.00316902476602165,
      "q10_q90_interval_coverage": 0.750392464678179,
      "q10_q90_interval_width_mean": 0.059794570998961356,
      "rmse": 0.053099760238194106,
      "run_scope": "sensitivity_excluding_monotonicity",
      "split_name": "condition_fold",
      "subset_name": "baseline_clean_tolerant",
      "target": "delta_capacity_Ah",
      "test_cells": 45,
      "test_parameter_sets": 15,
      "test_rows": 637,
      "train_parameter_sets": 61,
      "train_rows": 2136,
      "worst_condition_mae": 0.20726150859235068
    },
    {
      "condition_mean_mae": 0.09105866417926188,
      "condition_median_mae": 0.06852018458821431,
      "feature_group": "F6_coupled_stress",
      "heldout_fold": 3,
      "mae": 0.043238662306926114,
      "model_level": "L3_quantile_hist_gradient_boosting",
      "pinball_loss_q10": 0.012518572688497622,
      "pinball_loss_q50": 0.021619331153463057,
      "pinball_loss_q90": 0.007908590374457293,
      "q10_q90_interval_coverage": 0.7068062827225131,
      "q10_q90_interval_width_mean": 0.10828037205774553,
      "rmse": 0.11457145413503145,