{
  "feature_group": "F5_log_age_histograms",
  "fold_metrics": [
    {
      "condition_mean_mae": 0.10803971348579866,
      "condition_median_mae": 0.06959792785572311,
      "feature_group": "F5_log_age_histograms",
      "heldout_fold": 1,
      "mae": 0.056635799025766015,
      "model_level": "L3_quantile_hist_gradient_boosting",
      "pinball_loss_q10": 0.02402751869420229,
      "pinball_loss_q50": 0.028317899512883007,
      "pinball_loss_q90": 0.0089555885356554,
      "q10_q90_interval_coverage": 0.4495575221238938,
      "q10_q90_interval_width_mean": 0.10338492243253687,
      "rmse": 0.10324279826071034,
      "run_scope": "primary",
      "split_name": "voltage_window_holdout_fold",
      "subset_name": "baseline_clean_tolerant",
      "target": "delta_capacity_Ah",
      "test_cells": 84,
      "test_parameter_sets": 28,
      "test_rows": 1130,
      "train_parameter_sets": 48,
      "train_rows": 2697,
      "worst_condition_mae": 0.32379377340610954
    },
    {
      "condition_mean_mae": 0.12456518240948142,
      "condition_median_mae": 0.12889914695962237,
      "feature_group": "F5_log_age_histograms",
      "heldout_fold": 2,
      "mae": 0.09295492051514903,
      "model_level": "L3_quantile_hist_gradient_boosting",
      "pinball_loss_q10": 0.019157381455660497,
      "pinball_loss_q50": 0.046477460257574515,
      "pinball_loss_q90": 0.006782345056485108,
      "q10_q90_interval_coverage": 0.787746170678337,
      "q10_q90_interval_width_mean": 0.19731840219859012,
      "rmse": 0.12730082905612689,
      "run_scope": "primary",
      "split_name": "voltage_window_holdout_fold",
      "subset_name": "baseline_clean_tolerant",
      "target": "delta_capacity_Ah",
      "test_cells": 96,
      "test_parameter_sets": 32,
      "test_rows": 1371,
      "train_parameter_sets": 44,
      "train_rows": 2456,
      "worst_condition_mae": 0.2669660095483694
    },
    {
      "condition_mean_mae": 0.13951378924312308,
      "condition_median_mae": 0.13276081332726986,
      "feature_group": "F5_log_age_histograms",
      "heldout_fold": 3,
      "mae": 0.13899736183739397,
      "model_level": "L3_quantile_hist_gradient_boosting",
      "pinball_loss_q10": 0.04225479168586267,
      "pinball_loss_q50": 0.06949868091869699,
      "pinball_loss_q90": 0.012156277901007975,
      "q10_q90_interval_coverage": 0.23227752639517346,
      "q10_q90_interval_width_mean": 0.4115036092848971,
      "rmse": 0.15724325055247573,
      "run_scope": "primary",
      "split_name": "voltage_window_holdout_fold",
      "subset_name": "baseline_clean_tolerant",
      "target": "delta_capacity_Ah",
      "test_cells": 48,
      "test_parameter_sets": 16,
      "test_rows": 1326,
      "train_parameter_sets": 60,
      "train_rows": 2501,
      "worst_condition_mae": 0.2064890887903298
    },
    {
      "condition_mean_mae": 0.11457056141575861,
      "condition_median_mae": 0.073700986372319,
      "feature_group": "F5_log_age_histograms",
      "heldout_fold": 1,
      "mae": 0.05735952980696231,
      "model_level": "L3_quantile_hist_gradient_boosting",
      "pinball_loss_q10": 0.02941458256342246,
      "pinball_loss_q50": 0.028679764903481154,
      "pinball_loss_q90": 0.009600870147153929,
      "q10_q90_interval_coverage": 0.425273390036452,
      "q10_q90_interval_width_mean": 0.14968741945704345,
      "rmse": 0.1111175448549664,
      "run_scope": "sensitivity_excluding_monotonicity",
      "split_name": "voltage_window_holdout_fold",
      "subset_name": "baseline_clean_tolerant",
      "target": "delta_capacity_Ah",
      "test_cells": 84,
      "test_parameter_sets": 28,
      "test_rows": 823,
      "train_parameter_sets": 48,
      "train_rows": 1950,
      "worst_condition_mae": 0.35583957685343137
    },
    {
      "condition_mean_mae": 0.10321527780936726,
      "condition_median_mae": 0.09498594423724849,
      "feature_group": "F5_log_age_histograms",
      "heldout_fold": 2,
      "mae": 0.06719176450447423,
      "model_level": "L3_quantile_hist_gradient_boosting",
      "pinball_loss_q10": 0.017713678878625256,
      "pinball_loss_q50": 0.033595882252237114,
      "pinball_loss_q90": 0.006440540651695277,
      "q10_q90_interval_coverage": 0.7556603773584906,
      "q10_q90_interval_width_mean": 0.16368648043202408,
      "rmse": 0.10540665383173918,
      "run_scope": "sensitivity_excluding_monotonicity",
      "split_name": "voltage_window_holdout_fold",
      "subset_name": "baseline_clean_tolerant",
      "target": "delta_capacity_Ah",
      "test_cells": 95,
      "test_parameter_sets": 32,
      "test_rows": 1060,
      "train_parameter_sets": 44,
      "train_rows": 1713,
      "worst_condition_mae": 0.28775803537110217
    },
    {
      "condition_mean_mae": 0.21451062178087893,
      "condition_median_mae": 0.19772835776186232,
      "feature_group": "F5_log_age_histograms",
      "heldout_fold": 3,
      "mae": 0.20641538298038326,
      "model_level": "L3_quantile_hist_gradient_boosting",
      "pinball_loss_q10": 0.03519106709791002,
      "pinball_loss_q50": 0.10320769149019163,
      "pinball_loss_q90": 0.004750565846339914,
      "q10_q90_interval_coverage": 0.6528089887640449,
      "q10_q90_interval_width_mean": 0.3583840713815359,
      "rmse": 0.2239800357976278,
      "run_scope": "sensitivity_excluding_monotonicity",
      "split_name": "voltage_window_holdout_fold",
      "subset_name": "baseline_clean_tolerant",
      "target": "delta_capacity_Ah",
      "test_cells": 48,
      "test_parameter_sets": 16,
      "test_rows": 890,
      "train_parameter_sets": 60,
      "train_rows": 1883,
      "worst_condition_mae": 0.3209169278853626
    }
  ],
  "model_level": "L3_quantile_hist_gradient_boosting",
  "primary_summary": {
    "condition_mean_mae": 0.12403956171280106,
    "condition_median_mae": 0.11041929604753846,
    "fold_count": 3,
    "mean_mae": 0.09619602712610302,
    "mean_rmse": 0.12926229262310432,
    "worst_condition_mae": 0.32379377340610954
  },
  "row_counts": {
    "baseline_clean_strict_rows": 2773,
    "baseline_clean_tolerant_rows": 3827,
    "full_interval_rows": 3827,
    "selected_cells": 228,
    "selected_parameter_sets": 76,
    "selected_subset_rows": 3827,
    "sensitivity_excluding_monotonicity_rows": 2773,
    "sensitivity_flagged_monotonicity_rows": 1054
  },
  "schema_version": "gate5.capacity_baseline.v1",
  "sensitivity_excluding_monotonicity_summary": {
    "condition_mean_mae": 0.14409882033533494,
    "condition_median_mae": 0.12213842945714326,
    "fold_count": 3,
    "mean_mae": 0.11032222576393992,
    "mean_rmse": 0.14683474482811112,
    "worst_condition_mae": 0.35583957685343137
  },
  "split_name": "voltage_window_holdout_fold",
  "target": "delta_capacity_Ah"
}
