{
  "feature_group": "F5_log_age_histograms",
  "fold_metrics": [
    {
      "condition_mean_mae": 0.15312156148949427,
      "condition_median_mae": 0.1369659617668049,
      "feature_group": "F5_log_age_histograms",
      "heldout_fold": 1,
      "mae": 0.10287394645650777,
      "model_level": "L3_quantile_hist_gradient_boosting",
      "pinball_loss_q10": 0.028615702272217984,
      "pinball_loss_q50": 0.051436973228253885,
      "pinball_loss_q90": 0.021646093200003037,
      "q10_q90_interval_coverage": 0.7006369426751592,
      "q10_q90_interval_width_mean": 0.23713851271546957,
      "rmse": 0.18582252431874052,
      "run_scope": "primary",
      "split_name": "c_rate_holdout_fold",
      "subset_name": "baseline_clean_tolerant",
      "target": "delta_capacity_Ah",
      "test_cells": 36,
      "test_parameter_sets": 12,
      "test_rows": 157,
      "train_parameter_sets": 64,
      "train_rows": 3670,
      "worst_condition_mae": 0.31991095483369464
    },
    {
      "condition_mean_mae": 0.16523856342690837,
      "condition_median_mae": 0.15608294936357564,
      "feature_group": "F5_log_age_histograms",
      "heldout_fold": 1,
      "mae": 0.11845831747550614,
      "model_level": "L3_quantile_hist_gradient_boosting",
      "pinball_loss_q10": 0.03835946731432913,
      "pinball_loss_q50": 0.05922915873775307,
      "pinball_loss_q90": 0.02251467076900831,
      "q10_q90_interval_coverage": 0.5688073394495413,
      "q10_q90_interval_width_mean": 0.2431476674096269,
      "rmse": 0.20751824357025328,
      "run_scope": "sensitivity_excluding_monotonicity",
      "split_name": "c_rate_holdout_fold",
      "subset_name": "baseline_clean_tolerant",
      "target": "delta_capacity_Ah",
      "test_cells": 36,
      "test_parameter_sets": 12,
      "test_rows": 109,
      "train_parameter_sets": 64,
      "train_rows": 2664,
      "worst_condition_mae": 0.32185286997158713
    }
  ],
  "model_level": "L3_quantile_hist_gradient_boosting",
  "primary_summary": {
    "condition_mean_mae": 0.15312156148949427,
    "condition_median_mae": 0.1369659617668049,
    "fold_count": 1,
    "mean_mae": 0.10287394645650777,
    "mean_rmse": 0.18582252431874052,
    "worst_condition_mae": 0.31991095483369464
  },
  "row_counts": {
    "baseline_clean_strict_rows": 2773,
    "baseline_clean_tolerant_rows": 3827,
    "full_interval_rows": 3827,
    "selected_cells": 228,
    "selected_parameter_sets": 76,
    "selected_subset_rows": 3827,
    "sensitivity_excluding_monotonicity_rows": 2773,
    "sensitivity_flagged_monotonicity_rows": 1054
  },
  "schema_version": "gate5.capacity_baseline.v1",
  "sensitivity_excluding_monotonicity_summary": {
    "condition_mean_mae": 0.16523856342690837,
    "condition_median_mae": 0.15608294936357564,
    "fold_count": 1,
    "mean_mae": 0.11845831747550614,
    "mean_rmse": 0.20751824357025328,
    "worst_condition_mae": 0.32185286997158713
  },
  "split_name": "c_rate_holdout_fold",
  "target": "delta_capacity_Ah"
}
