{
  "feature_group": "F7_c_rate_focused",
  "fold_metrics": [
    {
      "condition_mean_mae": 0.04494090542526187,
      "condition_median_mae": 0.040542178444713486,
      "feature_group": "F7_c_rate_focused",
      "heldout_fold": 0,
      "mae": 0.026866408119350437,
      "model_level": "L3_quantile_hist_gradient_boosting",
      "pinball_loss_q10": 0.00942856651147411,
      "pinball_loss_q50": 0.013433204059675219,
      "pinball_loss_q90": 0.005530049547333377,
      "q10_q90_interval_coverage": 0.6184834123222749,
      "q10_q90_interval_width_mean": 0.07927817185975419,
      "rmse": 0.061604223925769655,
      "run_scope": "primary",
      "split_name": "condition_fold",
      "subset_name": "baseline_clean_tolerant",
      "target": "delta_capacity_Ah",
      "test_cells": 48,
      "test_parameter_sets": 16,
      "test_rows": 844,
      "train_parameter_sets": 60,
      "train_rows": 2983,
      "worst_condition_mae": 0.1426944643339971
    },
    {
      "condition_mean_mae": 0.04853953352728089,
      "condition_median_mae": 0.02269336024024659,
      "feature_group": "F7_c_rate_focused",
      "heldout_fold": 1,
      "mae": 0.022940344336979192,
      "model_level": "L3_quantile_hist_gradient_boosting",
      "pinball_loss_q10": 0.009046680721223816,
      "pinball_loss_q50": 0.011470172168489596,
      "pinball_loss_q90": 0.0036321864072983287,
      "q10_q90_interval_coverage": 0.6705202312138728,
      "q10_q90_interval_width_mean": 0.05460544994888831,
      "rmse": 0.07320122562529306,
      "run_scope": "primary",
      "split_name": "condition_fold",
      "subset_name": "baseline_clean_tolerant",
      "target": "delta_capacity_Ah",
      "test_cells": 45,
      "test_parameter_sets": 15,
      "test_rows": 865,
      "train_parameter_sets": 61,
      "train_rows": 2962,
      "worst_condition_mae": 0.20149942871260973
    },
    {
      "condition_mean_mae": 0.04484373057985762,
      "condition_median_mae": 0.02172648061195785,
      "feature_group": "F7_c_rate_focused",
      "heldout_fold": 2,
      "mae": 0.017909015858398648,
      "model_level": "L3_quantile_hist_gradient_boosting",
      "pinball_loss_q10": 0.006450240215276718,
      "pinball_loss_q50": 0.008954507929199324,
      "pinball_loss_q90": 0.00310000633240545,
      "q10_q90_interval_coverage": 0.7096412556053812,
      "q10_q90_interval_width_mean": 0.0479909539101871,
      "rmse": 0.05598607906131826,
      "run_scope": "primary",
      "split_name": "condition_fold",
      "subset_name": "baseline_clean_tolerant",
      "target": "delta_capacity_Ah",
      "test_cells": 45,
      "test_parameter_sets": 15,
      "test_rows": 892,
      "train_parameter_sets": 61,
      "train_rows": 2935,
      "worst_condition_mae": 0.24440708055748753
    },
    {
      "condition_mean_mae": 0.10035169296309727,
      "condition_median_mae": 0.08534256737354105,
      "feature_group": "F7_c_rate_focused",
      "heldout_fold": 3,
      "mae": 0.04711243354726677,
      "model_level": "L3_quantile_hist_gradient_boosting",
      "pinball_loss_q10": 0.01604648148665644,
      "pinball_loss_q50": 0.023556216773633384,
      "pinball_loss_q90": 0.0078436473476846,
      "q10_q90_interval_coverage": 0.7229862475442044,
      "q10_q90_interval_width_mean": 0.118148580795965,
      "rmse": 0.12092744651270702,
      "run_scope": "primary",
      "split_name": "condition_fold",
      "subset_name": "baseline_clean_tolerant",
      "target": "delta_capacity_Ah",
      "test_cells": 45,
      "test_parameter_sets": 15,
      "test_rows": 509,
      "train_parameter_sets": 61,
      "train_rows": 3318,
      "worst_condition_mae": 0.3122348443427492
    },
    {
      "condition_mean_mae": 0.0654788159632959,
      "condition_median_mae": 0.03525967476043756,
      "feature_group": "F7_c_rate_focused",
      "heldout_fold": 4,
      "mae": 0.024954448462736332,
      "model_level": "L3_quantile_hist_gradient_boosting",
      "pinball_loss_q10": 0.008378168669110654,
      "pinball_loss_q50": 0.012477224231368166,
      "pinball_loss_q90": 0.004754695959258862,
      "q10_q90_interval_coverage": 0.6429567642956764,
      "q10_q90_interval_width_mean": 0.08822785048443489,
      "rmse": 0.06628867656625446,
      "run_scope": "primary",
      "split_name": "condition_fold",
      "subset_name": "baseline_clean_tolerant",
      "target": "delta_capacity_Ah",
      "test_cells": 45,
      "test_parameter_sets": 15,
      "test_rows": 717,
      "train_parameter_sets": 61,
      "train_rows": 3110,
      "worst_condition_mae": 0.25635543201913286
    },
    {
      "condition_mean_mae": 0.051879320333598475,
      "condition_median_mae": 0.04661224095225354,
      "feature_group": "F7_c_rate_focused",
      "heldout_fold": 0,
      "mae": 0.027538764046269235,
      "model_level": "L3_quantile_hist_gradient_boosting",
      "pinball_loss_q10": 0.009492550848442714,
      "pinball_loss_q50": 0.013769382023134618,
      "pinball_loss_q90": 0.005710851199410697,
      "q10_q90_interval_coverage": 0.5903225806451613,
      "q10_q90_interval_width_mean": 0.08341418957741553,
      "rmse": 0.06605702867932214,
      "run_scope": "sensitivity_excluding_monotonicity",
      "split_name": "condition_fold",
      "subset_name": "baseline_clean_tolerant",
      "target": "delta_capacity_Ah",
      "test_cells": 48,
      "test_parameter_sets": 16,
      "test_rows": 620,
      "train_parameter_sets": 60,
      "train_rows": 2153,
      "worst_condition_mae": 0.149341954421939
    },
    {
      "condition_mean_mae": 0.046745077235790654,
      "condition_median_mae": 0.022240392526544608,
      "feature_group": "F7_c_rate_focused",
      "heldout_fold": 1,
      "mae": 0.022462159799925836,
      "model_level": "L3_quantile_hist_gradient_boosting",
      "pinball_loss_q10": 0.009040485265028639,
      "pinball_loss_q50": 0.011231079899962918,
      "pinball_loss_q90": 0.0035544420393200183,
      "q10_q90_interval_coverage": 0.59375,
      "q10_q90_interval_width_mean": 0.051739980413817235,
      "rmse": 0.07046858304752653,
      "run_scope": "sensitivity_excluding_monotonicity",
      "split_name": "condition_fold",
      "subset_name": "baseline_clean_tolerant",
      "target": "delta_capacity_Ah",
      "test_cells": 45,
      "test_parameter_sets": 15,
      "test_rows": 640,
      "train_parameter_sets": 61,
      "train_rows": 2133,
      "worst_condition_mae": 0.18098169497455271
    },
    {
      "condition_mean_mae": 0.04429184980335244,
      "condition_median_mae": 0.022242828359694784,
      "feature_group": "F7_c_rate_focused",
      "heldout_fold": 2,
      "mae": 0.018606198272709398,
      "model_level": "L3_quantile_hist_gradient_boosting",
      "pinball_loss_q10": 0.006917644468521761,
      "pinball_loss_q50": 0.009303099136354699,
      "pinball_loss_q90": 0.003091164583521403,
      "q10_q90_interval_coverage": 0.7048665620094191,
      "q10_q90_interval_width_mean": 0.05548782409691288,
      "rmse": 0.062355549634838726,
      "run_scope": "sensitivity_excluding_monotonicity",
      "split_name": "condition_fold",
      "subset_name": "baseline_clean_tolerant",
      "target": "delta_capacity_Ah",
      "test_cells": 45,
      "test_parameter_sets": 15,
      "test_rows": 637,
      "train_parameter_sets": 61,
      "train_rows": 2136,
      "worst_condition_mae": 0.21828558587699726
    },
    {
      "condition_mean_mae": 0.09574766616882145,
      "condition_median_mae": 0.06310807569503327,
      "feature_group": "F7_c_rate_focused",
      "heldout_fold": 3,
      "mae": 0.04634410552835054,
      "model_level": "L3_quantile_hist_gradient_boosting",
      "pinball_loss_q10": 0.015651154274661804,
      "pinball_loss_q50": 0.02317205276417527,
      "pinball_loss_q90": 0.007902765124703002,
      "q10_q90_interval_coverage": 0.7382198952879581,
      "q10_q90_interval_width_mean": 0.12718877646467774,
      "rmse": 0.12343417496253933,