{
  "feature_group": "F5_log_age_histograms",
  "fold_metrics": [
    {
      "condition_mean_mae": 0.0811368018912037,
      "condition_median_mae": 0.06019604094439463,
      "feature_group": "F5_log_age_histograms",
      "heldout_fold": 1,
      "mae": 0.030805264571503153,
      "model_level": "L3_quantile_hist_gradient_boosting",
      "pinball_loss_q10": 0.011107413276739033,
      "pinball_loss_q50": 0.015402632285751576,
      "pinball_loss_q90": 0.006940952287235584,
      "q10_q90_interval_coverage": 0.6455525606469003,
      "q10_q90_interval_width_mean": 0.06667119613606759,
      "rmse": 0.09041481181849997,
      "run_scope": "primary",
      "split_name": "temperature_holdout_fold",
      "subset_name": "baseline_clean_tolerant",
      "target": "delta_capacity_Ah",
      "test_cells": 57,
      "test_parameter_sets": 19,
      "test_rows": 742,
      "train_parameter_sets": 57,
      "train_rows": 3085,
      "worst_condition_mae": 0.21287148095788866
    },
    {
      "condition_mean_mae": 0.04751148539579784,
      "condition_median_mae": 0.041424123991423756,
      "feature_group": "F5_log_age_histograms",
      "heldout_fold": 2,
      "mae": 0.030756957934286715,
      "model_level": "L3_quantile_hist_gradient_boosting",
      "pinball_loss_q10": 0.014619664035089394,
      "pinball_loss_q50": 0.015378478967143358,
      "pinball_loss_q90": 0.004494932378618398,
      "q10_q90_interval_coverage": 0.8132075471698114,
      "q10_q90_interval_width_mean": 0.10104030883994418,
      "rmse": 0.08220125654969501,
      "run_scope": "primary",
      "split_name": "temperature_holdout_fold",
      "subset_name": "baseline_clean_tolerant",
      "target": "delta_capacity_Ah",
      "test_cells": 57,
      "test_parameter_sets": 19,
      "test_rows": 1060,
      "train_parameter_sets": 57,
      "train_rows": 2767,
      "worst_condition_mae": 0.1498159428493119
    },
    {
      "condition_mean_mae": 0.09184743120553857,
      "condition_median_mae": 0.05467725565839787,
      "feature_group": "F5_log_age_histograms",
      "heldout_fold": 1,
      "mae": 0.03564166191599804,
      "model_level": "L3_quantile_hist_gradient_boosting",
      "pinball_loss_q10": 0.01285261981842522,
      "pinball_loss_q50": 0.01782083095799902,
      "pinball_loss_q90": 0.008061935678635524,
      "q10_q90_interval_coverage": 0.6799163179916318,
      "q10_q90_interval_width_mean": 0.0746294621107073,
      "rmse": 0.10217959790761208,
      "run_scope": "sensitivity_excluding_monotonicity",
      "split_name": "temperature_holdout_fold",
      "subset_name": "baseline_clean_tolerant",
      "target": "delta_capacity_Ah",
      "test_cells": 56,
      "test_parameter_sets": 19,
      "test_rows": 478,
      "train_parameter_sets": 57,
      "train_rows": 2295,
      "worst_condition_mae": 0.2866826240317393
    },
    {
      "condition_mean_mae": 0.05238325507783713,
      "condition_median_mae": 0.03308119551412935,
      "feature_group": "F5_log_age_histograms",
      "heldout_fold": 2,
      "mae": 0.030923980652773374,
      "model_level": "L3_quantile_hist_gradient_boosting",
      "pinball_loss_q10": 0.014338924843480223,
      "pinball_loss_q50": 0.015461990326386687,
      "pinball_loss_q90": 0.004684923722419849,
      "q10_q90_interval_coverage": 0.7334183673469388,
      "q10_q90_interval_width_mean": 0.08598110103296405,
      "rmse": 0.08893153456445275,
      "run_scope": "sensitivity_excluding_monotonicity",
      "split_name": "temperature_holdout_fold",
      "subset_name": "baseline_clean_tolerant",
      "target": "delta_capacity_Ah",
      "test_cells": 57,
      "test_parameter_sets": 19,
      "test_rows": 784,
      "train_parameter_sets": 57,
      "train_rows": 1989,
      "worst_condition_mae": 0.1563642822707608
    }
  ],
  "model_level": "L3_quantile_hist_gradient_boosting",
  "primary_summary": {
    "condition_mean_mae": 0.06432414364350077,
    "condition_median_mae": 0.05081008246790919,
    "fold_count": 2,
    "mean_mae": 0.030781111252894934,
    "mean_rmse": 0.08630803418409749,
    "worst_condition_mae": 0.21287148095788866
  },
  "row_counts": {
    "baseline_clean_strict_rows": 2773,
    "baseline_clean_tolerant_rows": 3827,
    "full_interval_rows": 3827,
    "selected_cells": 228,
    "selected_parameter_sets": 76,
    "selected_subset_rows": 3827,
    "sensitivity_excluding_monotonicity_rows": 2773,
    "sensitivity_flagged_monotonicity_rows": 1054
  },
  "schema_version": "gate5.capacity_baseline.v1",
  "sensitivity_excluding_monotonicity_summary": {
    "condition_mean_mae": 0.07211534314168785,
    "condition_median_mae": 0.043879225586263615,
    "fold_count": 2,
    "mean_mae": 0.03328282128438571,
    "mean_rmse": 0.09555556623603242,
    "worst_condition_mae": 0.2866826240317393
  },
  "split_name": "temperature_holdout_fold",
  "target": "delta_capacity_Ah"
}
