{
  "feature_group": "F7_c_rate_focused",
  "fold_metrics": [
    {
      "condition_mean_mae": 0.12433871510315717,
      "condition_median_mae": 0.08829785507454069,
      "feature_group": "F7_c_rate_focused",
      "heldout_fold": 1,
      "mae": 0.06456023377244614,
      "model_level": "L3_quantile_hist_gradient_boosting",
      "pinball_loss_q10": 0.02501672737348179,
      "pinball_loss_q50": 0.03228011688622307,
      "pinball_loss_q90": 0.02346322179534766,
      "q10_q90_interval_coverage": 0.7991150442477876,
      "q10_q90_interval_width_mean": 0.32789673832302435,
      "rmse": 0.11485303883338237,
      "run_scope": "primary",
      "split_name": "voltage_window_holdout_fold",
      "subset_name": "baseline_clean_tolerant",
      "target": "capacity_Ah_k1",
      "test_cells": 84,
      "test_parameter_sets": 28,
      "test_rows": 1130,
      "train_parameter_sets": 48,
      "train_rows": 2697,
      "worst_condition_mae": 0.3775009324165808
    },
    {
      "condition_mean_mae": 0.13024765757326565,
      "condition_median_mae": 0.13599981557691343,
      "feature_group": "F7_c_rate_focused",
      "heldout_fold": 2,
      "mae": 0.08910748282709885,
      "model_level": "L3_quantile_hist_gradient_boosting",
      "pinball_loss_q10": 0.023552003920552338,
      "pinball_loss_q50": 0.044553741413549425,
      "pinball_loss_q90": 0.0169465399208319,
      "q10_q90_interval_coverage": 0.7206418672501823,
      "q10_q90_interval_width_mean": 0.2480958870576642,
      "rmse": 0.1313380662763552,
      "run_scope": "primary",
      "split_name": "voltage_window_holdout_fold",
      "subset_name": "baseline_clean_tolerant",
      "target": "capacity_Ah_k1",
      "test_cells": 96,
      "test_parameter_sets": 32,
      "test_rows": 1371,
      "train_parameter_sets": 44,
      "train_rows": 2456,
      "worst_condition_mae": 0.30384354082802756
    },
    {
      "condition_mean_mae": 0.14874289342622216,
      "condition_median_mae": 0.10247716289480527,
      "feature_group": "F7_c_rate_focused",
      "heldout_fold": 3,
      "mae": 0.14751848275270177,
      "model_level": "L3_quantile_hist_gradient_boosting",
      "pinball_loss_q10": 0.058890367426205424,
      "pinball_loss_q50": 0.07375924137635088,
      "pinball_loss_q90": 0.06917067315447616,
      "q10_q90_interval_coverage": 0.0030165912518853697,
      "q10_q90_interval_width_mean": 0.5120503978905312,
      "rmse": 0.18607263145850148,
      "run_scope": "primary",
      "split_name": "voltage_window_holdout_fold",
      "subset_name": "baseline_clean_tolerant",
      "target": "capacity_Ah_k1",
      "test_cells": 48,
      "test_parameter_sets": 16,
      "test_rows": 1326,
      "train_parameter_sets": 60,
      "train_rows": 2501,
      "worst_condition_mae": 0.3337820280106521
    },
    {
      "condition_mean_mae": 0.12571279590147796,
      "condition_median_mae": 0.0822354752808317,
      "feature_group": "F7_c_rate_focused",
      "heldout_fold": 1,
      "mae": 0.06865805240168939,
      "model_level": "L3_quantile_hist_gradient_boosting",
      "pinball_loss_q10": 0.02395977079967175,
      "pinball_loss_q50": 0.034329026200844694,
      "pinball_loss_q90": 0.018517819229302426,
      "q10_q90_interval_coverage": 0.8359659781287971,
      "q10_q90_interval_width_mean": 0.2900095555530537,
      "rmse": 0.11890703939217648,
      "run_scope": "sensitivity_excluding_monotonicity",
      "split_name": "voltage_window_holdout_fold",
      "subset_name": "baseline_clean_tolerant",
      "target": "capacity_Ah_k1",
      "test_cells": 84,
      "test_parameter_sets": 28,
      "test_rows": 823,
      "train_parameter_sets": 48,
      "train_rows": 1950,
      "worst_condition_mae": 0.3465196814322907
    },
    {
      "condition_mean_mae": 0.12421997905393968,
      "condition_median_mae": 0.11698199868268237,
      "feature_group": "F7_c_rate_focused",
      "heldout_fold": 2,
      "mae": 0.08031016665872073,
      "model_level": "L3_quantile_hist_gradient_boosting",
      "pinball_loss_q10": 0.022427039564897944,
      "pinball_loss_q50": 0.040155083329360367,
      "pinball_loss_q90": 0.01699134299346854,
      "q10_q90_interval_coverage": 0.6113207547169811,
      "q10_q90_interval_width_mean": 0.22551597186019934,
      "rmse": 0.12331390466468052,
      "run_scope": "sensitivity_excluding_monotonicity",
      "split_name": "voltage_window_holdout_fold",
      "subset_name": "baseline_clean_tolerant",
      "target": "capacity_Ah_k1",
      "test_cells": 95,
      "test_parameter_sets": 32,
      "test_rows": 1060,
      "train_parameter_sets": 44,
      "train_rows": 1713,
      "worst_condition_mae": 0.2634251317701594
    },
    {
      "condition_mean_mae": 0.10830812963106776,
      "condition_median_mae": 0.0696037054367267,
      "feature_group": "F7_c_rate_focused",
      "heldout_fold": 3,
      "mae": 0.09360731579328282,
      "model_level": "L3_quantile_hist_gradient_boosting",
      "pinball_loss_q10": 0.04947343020314439,
      "pinball_loss_q50": 0.04680365789664141,
      "pinball_loss_q90": 0.021195511669889967,
      "q10_q90_interval_coverage": 0.22696629213483147,
      "q10_q90_interval_width_mean": 0.47848597703508927,
      "rmse": 0.11843898162936352,
      "run_scope": "sensitivity_excluding_monotonicity",
      "split_name": "voltage_window_holdout_fold",
      "subset_name": "baseline_clean_tolerant",
      "target": "capacity_Ah_k1",
      "test_cells": 48,
      "test_parameter_sets": 16,
      "test_rows": 890,
      "train_parameter_sets": 60,
      "train_rows": 1883,
      "worst_condition_mae": 0.2719704034829737
    }
  ],
  "model_level": "L3_quantile_hist_gradient_boosting",
  "primary_summary": {
    "condition_mean_mae": 0.13444308870088165,
    "condition_median_mae": 0.10892494451541979,
    "fold_count": 3,
    "mean_mae": 0.10039539978408225,
    "mean_rmse": 0.144087912189413,
    "worst_condition_mae": 0.3775009324165808
  },
  "row_counts": {
    "baseline_clean_strict_rows": 2773,
    "baseline_clean_tolerant_rows": 3827,
    "full_interval_rows": 3827,
    "selected_cells": 228,
    "selected_parameter_sets": 76,
    "selected_subset_rows": 3827,
    "sensitivity_excluding_monotonicity_rows": 2773,
    "sensitivity_flagged_monotonicity_rows": 1054
  },
  "schema_version": "gate5.capacity_baseline.v1",
  "sensitivity_excluding_monotonicity_summary": {
    "condition_mean_mae": 0.11941363486216179,
    "condition_median_mae": 0.08960705980008025,
    "fold_count": 3,
    "mean_mae": 0.08085851161789764,
    "mean_rmse": 0.12021997522874017,
    "worst_condition_mae": 0.3465196814322907
  },
  "split_name": "voltage_window_holdout_fold",
  "target": "capacity_Ah_k1"
}
