{
  "feature_group": "F7_c_rate_focused",
  "fold_metrics": [
    {
      "condition_mean_mae": 0.19119104293284753,
      "condition_median_mae": 0.1795133056203997,
      "feature_group": "F7_c_rate_focused",
      "heldout_fold": 1,
      "mae": 0.13493842680540138,
      "model_level": "L3_quantile_hist_gradient_boosting",
      "pinball_loss_q10": 0.06034111952789452,
      "pinball_loss_q50": 0.06746921340270069,
      "pinball_loss_q90": 0.021443290183089166,
      "q10_q90_interval_coverage": 0.5796178343949044,
      "q10_q90_interval_width_mean": 0.2007411254109829,
      "rmse": 0.23121787177494296,
      "run_scope": "primary",
      "split_name": "c_rate_holdout_fold",
      "subset_name": "baseline_clean_tolerant",
      "target": "delta_capacity_Ah",
      "test_cells": 36,
      "test_parameter_sets": 12,
      "test_rows": 157,
      "train_parameter_sets": 64,
      "train_rows": 3670,
      "worst_condition_mae": 0.3857936854779853
    },
    {
      "condition_mean_mae": 0.18919242460876318,
      "condition_median_mae": 0.18635425945011547,
      "feature_group": "F7_c_rate_focused",
      "heldout_fold": 1,
      "mae": 0.14522955974922716,
      "model_level": "L3_quantile_hist_gradient_boosting",
      "pinball_loss_q10": 0.05923184998598964,
      "pinball_loss_q50": 0.07261477987461358,
      "pinball_loss_q90": 0.02198908338181134,
      "q10_q90_interval_coverage": 0.48623853211009177,
      "q10_q90_interval_width_mean": 0.22166213636687185,
      "rmse": 0.23838962707195013,
      "run_scope": "sensitivity_excluding_monotonicity",
      "split_name": "c_rate_holdout_fold",
      "subset_name": "baseline_clean_tolerant",
      "target": "delta_capacity_Ah",
      "test_cells": 36,
      "test_parameter_sets": 12,
      "test_rows": 109,
      "train_parameter_sets": 64,
      "train_rows": 2664,
      "worst_condition_mae": 0.3339521009593695
    }
  ],
  "model_level": "L3_quantile_hist_gradient_boosting",
  "primary_summary": {
    "condition_mean_mae": 0.19119104293284753,
    "condition_median_mae": 0.1795133056203997,
    "fold_count": 1,
    "mean_mae": 0.13493842680540138,
    "mean_rmse": 0.23121787177494296,
    "worst_condition_mae": 0.3857936854779853
  },
  "row_counts": {
    "baseline_clean_strict_rows": 2773,
    "baseline_clean_tolerant_rows": 3827,
    "full_interval_rows": 3827,
    "selected_cells": 228,
    "selected_parameter_sets": 76,
    "selected_subset_rows": 3827,
    "sensitivity_excluding_monotonicity_rows": 2773,
    "sensitivity_flagged_monotonicity_rows": 1054
  },
  "schema_version": "gate5.capacity_baseline.v1",
  "sensitivity_excluding_monotonicity_summary": {
    "condition_mean_mae": 0.18919242460876318,
    "condition_median_mae": 0.18635425945011547,
    "fold_count": 1,
    "mean_mae": 0.14522955974922716,
    "mean_rmse": 0.23838962707195013,
    "worst_condition_mae": 0.3339521009593695
  },
  "split_name": "c_rate_holdout_fold",
  "target": "delta_capacity_Ah"
}
