{
  "feature_group": "F7_c_rate_focused",
  "fold_metrics": [
    {
      "condition_mean_mae": 0.05391693595988858,
      "condition_median_mae": 0.04228766032518573,
      "feature_group": "F7_c_rate_focused",
      "heldout_fold": 0,
      "mae": 0.029859918277133354,
      "model_level": "L3_quantile_hist_gradient_boosting",
      "pinball_loss_q10": 0.011522885517552787,
      "pinball_loss_q50": 0.014929959138566677,
      "pinball_loss_q90": 0.014375428981952331,
      "q10_q90_interval_coverage": 0.8246445497630331,
      "q10_q90_interval_width_mean": 0.20452003436840507,
      "rmse": 0.06948684731934819,
      "run_scope": "primary",
      "split_name": "condition_fold",
      "subset_name": "baseline_clean_tolerant",
      "target": "capacity_Ah_k1",
      "test_cells": 48,
      "test_parameter_sets": 16,
      "test_rows": 844,
      "train_parameter_sets": 60,
      "train_rows": 2983,
      "worst_condition_mae": 0.16301483919421647
    },
    {
      "condition_mean_mae": 0.04763406951940674,
      "condition_median_mae": 0.02660525602470476,
      "feature_group": "F7_c_rate_focused",
      "heldout_fold": 1,
      "mae": 0.02478459604249326,
      "model_level": "L3_quantile_hist_gradient_boosting",
      "pinball_loss_q10": 0.014905221367343648,
      "pinball_loss_q50": 0.01239229802124663,
      "pinball_loss_q90": 0.009222766107205288,
      "q10_q90_interval_coverage": 0.6947976878612717,
      "q10_q90_interval_width_mean": 0.1578716519988985,
      "rmse": 0.07694264688607258,
      "run_scope": "primary",
      "split_name": "condition_fold",
      "subset_name": "baseline_clean_tolerant",
      "target": "capacity_Ah_k1",
      "test_cells": 45,
      "test_parameter_sets": 15,
      "test_rows": 865,
      "train_parameter_sets": 61,
      "train_rows": 2962,
      "worst_condition_mae": 0.2086812863178955
    },
    {
      "condition_mean_mae": 0.04295586640511864,
      "condition_median_mae": 0.022878473146638746,
      "feature_group": "F7_c_rate_focused",
      "heldout_fold": 2,
      "mae": 0.021349777254508782,
      "model_level": "L3_quantile_hist_gradient_boosting",
      "pinball_loss_q10": 0.012674625517919771,
      "pinball_loss_q50": 0.010674888627254391,
      "pinball_loss_q90": 0.007166348129238758,
      "q10_q90_interval_coverage": 0.7556053811659192,
      "q10_q90_interval_width_mean": 0.1497814229529059,
      "rmse": 0.05633948285628818,
      "run_scope": "primary",
      "split_name": "condition_fold",
      "subset_name": "baseline_clean_tolerant",
      "target": "capacity_Ah_k1",
      "test_cells": 45,
      "test_parameter_sets": 15,
      "test_rows": 892,
      "train_parameter_sets": 61,
      "train_rows": 2935,
      "worst_condition_mae": 0.1921822872340553
    },
    {
      "condition_mean_mae": 0.09923855798357274,
      "condition_median_mae": 0.09130685337640819,
      "feature_group": "F7_c_rate_focused",
      "heldout_fold": 3,
      "mae": 0.04817298863017466,
      "model_level": "L3_quantile_hist_gradient_boosting",
      "pinball_loss_q10": 0.019210485149375588,
      "pinball_loss_q50": 0.02408649431508733,
      "pinball_loss_q90": 0.01248167552620374,
      "q10_q90_interval_coverage": 0.7996070726915521,
      "q10_q90_interval_width_mean": 0.18475268270409667,
      "rmse": 0.12467968494748873,
      "run_scope": "primary",
      "split_name": "condition_fold",
      "subset_name": "baseline_clean_tolerant",
      "target": "capacity_Ah_k1",
      "test_cells": 45,
      "test_parameter_sets": 15,
      "test_rows": 509,
      "train_parameter_sets": 61,
      "train_rows": 3318,
      "worst_condition_mae": 0.2927748893952267
    },
    {
      "condition_mean_mae": 0.07176393429808295,
      "condition_median_mae": 0.045877384943250735,
      "feature_group": "F7_c_rate_focused",
      "heldout_fold": 4,
      "mae": 0.03163497787712188,
      "model_level": "L3_quantile_hist_gradient_boosting",
      "pinball_loss_q10": 0.012556135921402905,
      "pinball_loss_q50": 0.01581748893856094,
      "pinball_loss_q90": 0.008716261527267568,
      "q10_q90_interval_coverage": 0.8284518828451883,
      "q10_q90_interval_width_mean": 0.16056133749824797,
      "rmse": 0.08727567325460682,
      "run_scope": "primary",
      "split_name": "condition_fold",
      "subset_name": "baseline_clean_tolerant",
      "target": "capacity_Ah_k1",
      "test_cells": 45,
      "test_parameter_sets": 15,
      "test_rows": 717,
      "train_parameter_sets": 61,
      "train_rows": 3110,
      "worst_condition_mae": 0.23645019171047832
    },
    {
      "condition_mean_mae": 0.06232390075306981,
      "condition_median_mae": 0.05063742544908793,
      "feature_group": "F7_c_rate_focused",
      "heldout_fold": 0,
      "mae": 0.03220302420337622,
      "model_level": "L3_quantile_hist_gradient_boosting",
      "pinball_loss_q10": 0.010485441298566663,
      "pinball_loss_q50": 0.01610151210168811,
      "pinball_loss_q90": 0.01118552460240318,
      "q10_q90_interval_coverage": 0.8145161290322581,
      "q10_q90_interval_width_mean": 0.15759904661542018,
      "rmse": 0.07792357573531662,
      "run_scope": "sensitivity_excluding_monotonicity",
      "split_name": "condition_fold",
      "subset_name": "baseline_clean_tolerant",
      "target": "capacity_Ah_k1",
      "test_cells": 48,
      "test_parameter_sets": 16,
      "test_rows": 620,
      "train_parameter_sets": 60,
      "train_rows": 2153,
      "worst_condition_mae": 0.20535657127509283
    },
    {
      "condition_mean_mae": 0.05080773715329491,
      "condition_median_mae": 0.029256949137524538,
      "feature_group": "F7_c_rate_focused",
      "heldout_fold": 1,
      "mae": 0.02561591643866067,
      "model_level": "L3_quantile_hist_gradient_boosting",
      "pinball_loss_q10": 0.013644439542556359,
      "pinball_loss_q50": 0.012807958219330335,
      "pinball_loss_q90": 0.006743676032831815,
      "q10_q90_interval_coverage": 0.740625,
      "q10_q90_interval_width_mean": 0.1293416767631202,
      "rmse": 0.07795432948341469,
      "run_scope": "sensitivity_excluding_monotonicity",
      "split_name": "condition_fold",
      "subset_name": "baseline_clean_tolerant",
      "target": "capacity_Ah_k1",
      "test_cells": 45,
      "test_parameter_sets": 15,
      "test_rows": 640,
      "train_parameter_sets": 61,
      "train_rows": 2133,
      "worst_condition_mae": 0.1965001589045092
    },
    {
      "condition_mean_mae": 0.04702866277751485,
      "condition_median_mae": 0.023550335315497037,
      "feature_group": "F7_c_rate_focused",
      "heldout_fold": 2,
      "mae": 0.0228349104352452,
      "model_level": "L3_quantile_hist_gradient_boosting",
      "pinball_loss_q10": 0.010498006627569424,
      "pinball_loss_q50": 0.0114174552176226,
      "pinball_loss_q90": 0.0057471110227908535,
      "q10_q90_interval_coverage": 0.7441130298273155,
      "q10_q90_interval_width_mean": 0.10610557570270177,
      "rmse": 0.06225202372584092,
      "run_scope": "sensitivity_excluding_monotonicity",
      "split_name": "condition_fold",
      "subset_name": "baseline_clean_tolerant",
      "target": "capacity_Ah_k1",
      "test_cells": 45,
      "test_parameter_sets": 15,
      "test_rows": 637,
      "train_parameter_sets": 61,
      "train_rows": 2136,
      "worst_condition_mae": 0.2371698417384815
    },
    {
      "condition_mean_mae": 0.0988659689921656,
      "condition_median_mae": 0.07546892879411064,
      "feature_group": "F7_c_rate_focused",
      "heldout_fold": 3,
      "mae": 0.052234112733342455,
      "model_level": "L3_quantile_hist_gradient_boosting",
      "pinball_loss_q10": 0.020359363714615098,
      "pinball_loss_q50": 0.026117056366671228,
      "pinball_loss_q90": 0.01277492098769975,
      "q10_q90_interval_coverage": 0.7984293193717278,
      "q10_q90_interval_width_mean": 0.1890314795092111,
      "rmse": 0.13592498769338954,
      "run_scope": "sensitivity_excluding_monotonicity",