{
  "feature_group": "F7_c_rate_focused",
  "fold_metrics": [
    {
      "condition_mean_mae": 0.09180216956658142,
      "condition_median_mae": 0.0671085423644996,
      "feature_group": "F7_c_rate_focused",
      "heldout_fold": 1,
      "mae": 0.03538445486029781,
      "model_level": "L3_quantile_hist_gradient_boosting",
      "pinball_loss_q10": 0.017526845610197742,
      "pinball_loss_q50": 0.017692227430148904,
      "pinball_loss_q90": 0.012675247677390814,
      "q10_q90_interval_coverage": 0.7129380053908356,
      "q10_q90_interval_width_mean": 0.18617200394931446,
      "rmse": 0.10730309391754551,
      "run_scope": "primary",
      "split_name": "temperature_holdout_fold",
      "subset_name": "baseline_clean_tolerant",
      "target": "capacity_Ah_k1",
      "test_cells": 57,
      "test_parameter_sets": 19,
      "test_rows": 742,
      "train_parameter_sets": 57,
      "train_rows": 3085,
      "worst_condition_mae": 0.3314314909542589
    },
    {
      "condition_mean_mae": 0.0613178539515395,
      "condition_median_mae": 0.05132782023970918,
      "feature_group": "F7_c_rate_focused",
      "heldout_fold": 2,
      "mae": 0.03755616269797467,
      "model_level": "L3_quantile_hist_gradient_boosting",
      "pinball_loss_q10": 0.018788348760756066,
      "pinball_loss_q50": 0.018778081348987334,
      "pinball_loss_q90": 0.011583743399618558,
      "q10_q90_interval_coverage": 0.840566037735849,
      "q10_q90_interval_width_mean": 0.17283499220750556,
      "rmse": 0.10356374488200798,
      "run_scope": "primary",
      "split_name": "temperature_holdout_fold",
      "subset_name": "baseline_clean_tolerant",
      "target": "capacity_Ah_k1",
      "test_cells": 57,
      "test_parameter_sets": 19,
      "test_rows": 1060,
      "train_parameter_sets": 57,
      "train_rows": 2767,
      "worst_condition_mae": 0.20143299759212369
    },
    {
      "condition_mean_mae": 0.10100417250164058,
      "condition_median_mae": 0.08194949524402123,
      "feature_group": "F7_c_rate_focused",
      "heldout_fold": 1,
      "mae": 0.04179087401816486,
      "model_level": "L3_quantile_hist_gradient_boosting",
      "pinball_loss_q10": 0.023201314720753805,
      "pinball_loss_q50": 0.02089543700908243,
      "pinball_loss_q90": 0.012164212894914855,
      "q10_q90_interval_coverage": 0.6861924686192469,
      "q10_q90_interval_width_mean": 0.1601627378672147,
      "rmse": 0.11491520279109137,
      "run_scope": "sensitivity_excluding_monotonicity",
      "split_name": "temperature_holdout_fold",
      "subset_name": "baseline_clean_tolerant",
      "target": "capacity_Ah_k1",
      "test_cells": 56,
      "test_parameter_sets": 19,
      "test_rows": 478,
      "train_parameter_sets": 57,
      "train_rows": 2295,
      "worst_condition_mae": 0.36179961710493364
    },
    {
      "condition_mean_mae": 0.08159305074596672,
      "condition_median_mae": 0.050643070138761306,
      "feature_group": "F7_c_rate_focused",
      "heldout_fold": 2,
      "mae": 0.06042251539123128,
      "model_level": "L3_quantile_hist_gradient_boosting",
      "pinball_loss_q10": 0.021631867051173283,
      "pinball_loss_q50": 0.03021125769561564,
      "pinball_loss_q90": 0.009859025473255132,
      "q10_q90_interval_coverage": 0.7193877551020408,
      "q10_q90_interval_width_mean": 0.13843780829942257,
      "rmse": 0.16061326633941345,
      "run_scope": "sensitivity_excluding_monotonicity",
      "split_name": "temperature_holdout_fold",
      "subset_name": "baseline_clean_tolerant",
      "target": "capacity_Ah_k1",
      "test_cells": 57,
      "test_parameter_sets": 19,
      "test_rows": 784,
      "train_parameter_sets": 57,
      "train_rows": 1989,
      "worst_condition_mae": 0.21389122235853308
    }
  ],
  "model_level": "L3_quantile_hist_gradient_boosting",
  "primary_summary": {
    "condition_mean_mae": 0.07656001175906046,
    "condition_median_mae": 0.05921818130210439,
    "fold_count": 2,
    "mean_mae": 0.036470308779136235,
    "mean_rmse": 0.10543341939977674,
    "worst_condition_mae": 0.3314314909542589
  },
  "row_counts": {
    "baseline_clean_strict_rows": 2773,
    "baseline_clean_tolerant_rows": 3827,
    "full_interval_rows": 3827,
    "selected_cells": 228,
    "selected_parameter_sets": 76,
    "selected_subset_rows": 3827,
    "sensitivity_excluding_monotonicity_rows": 2773,
    "sensitivity_flagged_monotonicity_rows": 1054
  },
  "schema_version": "gate5.capacity_baseline.v1",
  "sensitivity_excluding_monotonicity_summary": {
    "condition_mean_mae": 0.09129861162380365,
    "condition_median_mae": 0.06629628269139126,
    "fold_count": 2,
    "mean_mae": 0.05110669470469807,
    "mean_rmse": 0.1377642345652524,
    "worst_condition_mae": 0.36179961710493364
  },
  "split_name": "temperature_holdout_fold",
  "target": "capacity_Ah_k1"
}
