target,split_name,prior_pulse_feature_group,n_conditions,mean_gain,median_gain,win_rate,worst_condition_gain,bootstrap_resamples,gain_mean,gain_p05,gain_p50,gain_p95,win_rate_mean
capacity_Ah_k1,c_rate_holdout_fold,C_P3_stress_pulse,12,0.006692081995197843,0.004746222406355718,0.6666666666666666,-0.013963270168317804,1000,0.006756711524178607,0.0007186513419948485,0.006788415994578946,0.013125465083947527,0.67025
delta_capacity_Ah,c_rate_holdout_fold,C_P3_stress_pulse,12,-0.00574230319537937,-0.0006417024505351379,0.5,-0.06213648283858933,1000,-0.005622246502748781,-0.02034658984893348,-0.005521364994493055,0.008355794951829573,0.4978333333333333
