target,split_name,prior_eis_feature_group,best_noneis_feature_group,best_noneis_source_report,n_conditions,mean_gain,median_gain,win_rate,worst_condition_gain,bootstrap_resamples,gain_mean,gain_p05,gain_p50,gain_p95,win_rate_mean
capacity_Ah_k1,c_rate_holdout_fold,C_E2_log_age_eis,F5_log_age_histograms,capacity_stress_features_v1_1_hgb50_report.json,12,-0.005279204538350871,-0.0035095425550991516,0.4166666666666667,-0.04008242056706683,1000,-0.005189712581242932,-0.013944372826768745,-0.005083016717289378,0.0037428119925803616,0.4159166666666667
delta_capacity_Ah,c_rate_holdout_fold,C_E3_stress_eis,F4_state_log_age_scalar,capacity_hgb50_focused_report.json,12,0.003392623301369179,0.005546400363272988,0.6666666666666666,-0.05801461487098977,1000,0.0033930709536697363,-0.008943787326343218,0.0034471177614549798,0.014599709989930518,0.6660833333333334
