{
  "feature_group": "F6_coupled_stress",
  "fold_metrics": [
    {
      "condition_mean_mae": 0.08917233897176462,
      "condition_median_mae": 0.06358921732535434,
      "feature_group": "F6_coupled_stress",
      "heldout_fold": 1,
      "mae": 0.03244157405390152,
      "model_level": "L3_quantile_hist_gradient_boosting",
      "pinball_loss_q10": 0.010835197286376658,
      "pinball_loss_q50": 0.01622078702695076,
      "pinball_loss_q90": 0.006970435762903623,
      "q10_q90_interval_coverage": 0.7088948787061995,
      "q10_q90_interval_width_mean": 0.06892618162050726,
      "rmse": 0.09289874516954535,
      "run_scope": "primary",
      "split_name": "temperature_holdout_fold",
      "subset_name": "baseline_clean_tolerant",
      "target": "delta_capacity_Ah",
      "test_cells": 57,
      "test_parameter_sets": 19,
      "test_rows": 742,
      "train_parameter_sets": 57,
      "train_rows": 3085,
      "worst_condition_mae": 0.2659427980336431
    },
    {
      "condition_mean_mae": 0.06628558158234027,
      "condition_median_mae": 0.06563801713423184,
      "feature_group": "F6_coupled_stress",
      "heldout_fold": 2,
      "mae": 0.04677093540527435,
      "model_level": "L3_quantile_hist_gradient_boosting",
      "pinball_loss_q10": 0.01373943772106082,
      "pinball_loss_q50": 0.023385467702637174,
      "pinball_loss_q90": 0.004493848125493615,
      "q10_q90_interval_coverage": 0.8141509433962264,
      "q10_q90_interval_width_mean": 0.09605211496832407,
      "rmse": 0.08803995668992855,
      "run_scope": "primary",
      "split_name": "temperature_holdout_fold",
      "subset_name": "baseline_clean_tolerant",
      "target": "delta_capacity_Ah",
      "test_cells": 57,
      "test_parameter_sets": 19,
      "test_rows": 1060,
      "train_parameter_sets": 57,
      "train_rows": 2767,
      "worst_condition_mae": 0.20534127184809886
    },
    {
      "condition_mean_mae": 0.09347871637883119,
      "condition_median_mae": 0.057765818001516936,
      "feature_group": "F6_coupled_stress",
      "heldout_fold": 1,
      "mae": 0.03683153666467914,
      "model_level": "L3_quantile_hist_gradient_boosting",
      "pinball_loss_q10": 0.014296817142099603,
      "pinball_loss_q50": 0.01841576833233957,
      "pinball_loss_q90": 0.008128344547123271,
      "q10_q90_interval_coverage": 0.7322175732217573,
      "q10_q90_interval_width_mean": 0.08131866386404728,
      "rmse": 0.10636503498542561,
      "run_scope": "sensitivity_excluding_monotonicity",
      "split_name": "temperature_holdout_fold",
      "subset_name": "baseline_clean_tolerant",
      "target": "delta_capacity_Ah",
      "test_cells": 56,
      "test_parameter_sets": 19,
      "test_rows": 478,
      "train_parameter_sets": 57,
      "train_rows": 2295,
      "worst_condition_mae": 0.278442241286127
    },
    {
      "condition_mean_mae": 0.05196715487651272,
      "condition_median_mae": 0.031056984946604287,
      "feature_group": "F6_coupled_stress",
      "heldout_fold": 2,
      "mae": 0.03169728743715509,
      "model_level": "L3_quantile_hist_gradient_boosting",
      "pinball_loss_q10": 0.01480945785169774,
      "pinball_loss_q50": 0.015848643718577544,
      "pinball_loss_q90": 0.004663331350849628,
      "q10_q90_interval_coverage": 0.7589285714285714,
      "q10_q90_interval_width_mean": 0.09774260363856835,
      "rmse": 0.08712460514188511,
      "run_scope": "sensitivity_excluding_monotonicity",
      "split_name": "temperature_holdout_fold",
      "subset_name": "baseline_clean_tolerant",
      "target": "delta_capacity_Ah",
      "test_cells": 57,
      "test_parameter_sets": 19,
      "test_rows": 784,
      "train_parameter_sets": 57,
      "train_rows": 1989,
      "worst_condition_mae": 0.1705390629936712
    }
  ],
  "model_level": "L3_quantile_hist_gradient_boosting",
  "primary_summary": {
    "condition_mean_mae": 0.07772896027705245,
    "condition_median_mae": 0.06461361722979309,
    "fold_count": 2,
    "mean_mae": 0.03960625472958794,
    "mean_rmse": 0.09046935092973696,
    "worst_condition_mae": 0.2659427980336431
  },
  "row_counts": {
    "baseline_clean_strict_rows": 2773,
    "baseline_clean_tolerant_rows": 3827,
    "full_interval_rows": 3827,
    "selected_cells": 228,
    "selected_parameter_sets": 76,
    "selected_subset_rows": 3827,
    "sensitivity_excluding_monotonicity_rows": 2773,
    "sensitivity_flagged_monotonicity_rows": 1054
  },
  "schema_version": "gate5.capacity_baseline.v1",
  "sensitivity_excluding_monotonicity_summary": {
    "condition_mean_mae": 0.07272293562767196,
    "condition_median_mae": 0.04441140147406061,
    "fold_count": 2,
    "mean_mae": 0.03426441205091711,
    "mean_rmse": 0.09674482006365537,
    "worst_condition_mae": 0.278442241286127
  },
  "split_name": "temperature_holdout_fold",
  "target": "delta_capacity_Ah"
}
