{
  "feature_group": "F7_c_rate_focused",
  "fold_metrics": [
    {
      "condition_mean_mae": 0.09878068937466193,
      "condition_median_mae": 0.061875652674883465,
      "feature_group": "F7_c_rate_focused",
      "heldout_fold": 1,
      "mae": 0.03639030676949506,
      "model_level": "L3_quantile_hist_gradient_boosting",
      "pinball_loss_q10": 0.014000068954764145,
      "pinball_loss_q50": 0.01819515338474753,
      "pinball_loss_q90": 0.006827243868844909,
      "q10_q90_interval_coverage": 0.6037735849056604,
      "q10_q90_interval_width_mean": 0.06551163445864228,
      "rmse": 0.10409129418261942,
      "run_scope": "primary",
      "split_name": "temperature_holdout_fold",
      "subset_name": "baseline_clean_tolerant",
      "target": "delta_capacity_Ah",
      "test_cells": 57,
      "test_parameter_sets": 19,
      "test_rows": 742,
      "train_parameter_sets": 57,
      "train_rows": 3085,
      "worst_condition_mae": 0.3140606341264132
    },
    {
      "condition_mean_mae": 0.050736680058640043,
      "condition_median_mae": 0.04173423250551317,
      "feature_group": "F7_c_rate_focused",
      "heldout_fold": 2,
      "mae": 0.029631005338737918,
      "model_level": "L3_quantile_hist_gradient_boosting",
      "pinball_loss_q10": 0.015492267876648787,
      "pinball_loss_q50": 0.014815502669368959,
      "pinball_loss_q90": 0.004307602118761213,
      "q10_q90_interval_coverage": 0.7037735849056603,
      "q10_q90_interval_width_mean": 0.06267749368800754,
      "rmse": 0.0899469055564004,
      "run_scope": "primary",
      "split_name": "temperature_holdout_fold",
      "subset_name": "baseline_clean_tolerant",
      "target": "delta_capacity_Ah",
      "test_cells": 57,
      "test_parameter_sets": 19,
      "test_rows": 1060,
      "train_parameter_sets": 57,
      "train_rows": 2767,
      "worst_condition_mae": 0.1703011143696402
    },
    {
      "condition_mean_mae": 0.1057736781276781,
      "condition_median_mae": 0.06031623650246963,
      "feature_group": "F7_c_rate_focused",
      "heldout_fold": 1,
      "mae": 0.04143299481333136,
      "model_level": "L3_quantile_hist_gradient_boosting",
      "pinball_loss_q10": 0.015698696516790327,
      "pinball_loss_q50": 0.02071649740666568,
      "pinball_loss_q90": 0.00792184938208252,
      "q10_q90_interval_coverage": 0.600418410041841,
      "q10_q90_interval_width_mean": 0.07647151992088946,
      "rmse": 0.11688794597253523,
      "run_scope": "sensitivity_excluding_monotonicity",
      "split_name": "temperature_holdout_fold",
      "subset_name": "baseline_clean_tolerant",
      "target": "delta_capacity_Ah",
      "test_cells": 56,
      "test_parameter_sets": 19,
      "test_rows": 478,
      "train_parameter_sets": 57,
      "train_rows": 2295,
      "worst_condition_mae": 0.3531574607343755
    },
    {
      "condition_mean_mae": 0.057683679106204123,
      "condition_median_mae": 0.037827899904373664,
      "feature_group": "F7_c_rate_focused",
      "heldout_fold": 2,
      "mae": 0.031903922691088805,
      "model_level": "L3_quantile_hist_gradient_boosting",
      "pinball_loss_q10": 0.016861765194032985,
      "pinball_loss_q50": 0.015951961345544403,
      "pinball_loss_q90": 0.004370963700747061,
      "q10_q90_interval_coverage": 0.7346938775510204,
      "q10_q90_interval_width_mean": 0.06212242341276777,
      "rmse": 0.09401601315382646,
      "run_scope": "sensitivity_excluding_monotonicity",
      "split_name": "temperature_holdout_fold",
      "subset_name": "baseline_clean_tolerant",
      "target": "delta_capacity_Ah",
      "test_cells": 57,
      "test_parameter_sets": 19,
      "test_rows": 784,
      "train_parameter_sets": 57,
      "train_rows": 1989,
      "worst_condition_mae": 0.20406648731163426
    }
  ],
  "model_level": "L3_quantile_hist_gradient_boosting",
  "primary_summary": {
    "condition_mean_mae": 0.07475868471665098,
    "condition_median_mae": 0.051804942590198313,
    "fold_count": 2,
    "mean_mae": 0.03301065605411649,
    "mean_rmse": 0.0970190998695099,
    "worst_condition_mae": 0.3140606341264132
  },
  "row_counts": {
    "baseline_clean_strict_rows": 2773,
    "baseline_clean_tolerant_rows": 3827,
    "full_interval_rows": 3827,
    "selected_cells": 228,
    "selected_parameter_sets": 76,
    "selected_subset_rows": 3827,
    "sensitivity_excluding_monotonicity_rows": 2773,
    "sensitivity_flagged_monotonicity_rows": 1054
  },
  "schema_version": "gate5.capacity_baseline.v1",
  "sensitivity_excluding_monotonicity_summary": {
    "condition_mean_mae": 0.08172867861694111,
    "condition_median_mae": 0.04907206820342165,
    "fold_count": 2,
    "mean_mae": 0.03666845875221009,
    "mean_rmse": 0.10545197956318084,
    "worst_condition_mae": 0.3531574607343755
  },
  "split_name": "temperature_holdout_fold",
  "target": "delta_capacity_Ah"
}
