{
  "feature_group": "F4_state_log_age_scalar",
  "fold_metrics": [
    {
      "condition_mean_mae": 0.0934596066825547,
      "condition_median_mae": 0.06617760413865993,
      "feature_group": "F4_state_log_age_scalar",
      "heldout_fold": 1,
      "mae": 0.034973346986069215,
      "model_level": "L3_quantile_hist_gradient_boosting",
      "pinball_loss_q10": 0.013666050060820409,
      "pinball_loss_q50": 0.017486673493034607,
      "pinball_loss_q90": 0.0068654728005214695,
      "q10_q90_interval_coverage": 0.6671159029649596,
      "q10_q90_interval_width_mean": 0.06728369079254944,
      "rmse": 0.09840795146623452,
      "run_scope": "primary",
      "split_name": "temperature_holdout_fold",
      "subset_name": "baseline_clean_tolerant",
      "target": "delta_capacity_Ah",
      "test_cells": 57,
      "test_parameter_sets": 19,
      "test_rows": 742,
      "train_parameter_sets": 57,
      "train_rows": 3085,
      "worst_condition_mae": 0.2549572231665879
    },
    {
      "condition_mean_mae": 0.04476653863802832,
      "condition_median_mae": 0.03465729757076138,
      "feature_group": "F4_state_log_age_scalar",
      "heldout_fold": 2,
      "mae": 0.028024762401436372,
      "model_level": "L3_quantile_hist_gradient_boosting",
      "pinball_loss_q10": 0.012316051219257431,
      "pinball_loss_q50": 0.014012381200718186,
      "pinball_loss_q90": 0.004367786921779034,
      "q10_q90_interval_coverage": 0.8764150943396226,
      "q10_q90_interval_width_mean": 0.08449198828268084,
      "rmse": 0.08189355090820977,
      "run_scope": "primary",
      "split_name": "temperature_holdout_fold",
      "subset_name": "baseline_clean_tolerant",
      "target": "delta_capacity_Ah",
      "test_cells": 57,
      "test_parameter_sets": 19,
      "test_rows": 1060,
      "train_parameter_sets": 57,
      "train_rows": 2767,
      "worst_condition_mae": 0.1445567942917235
    },
    {
      "condition_mean_mae": 0.11224663325391793,
      "condition_median_mae": 0.07184107462928042,
      "feature_group": "F4_state_log_age_scalar",
      "heldout_fold": 1,
      "mae": 0.0432809487597741,
      "model_level": "L3_quantile_hist_gradient_boosting",
      "pinball_loss_q10": 0.01603738319626847,
      "pinball_loss_q50": 0.02164047437988705,
      "pinball_loss_q90": 0.008072428044510657,
      "q10_q90_interval_coverage": 0.7677824267782427,
      "q10_q90_interval_width_mean": 0.08312884872992662,
      "rmse": 0.12027614803693676,
      "run_scope": "sensitivity_excluding_monotonicity",
      "split_name": "temperature_holdout_fold",
      "subset_name": "baseline_clean_tolerant",
      "target": "delta_capacity_Ah",
      "test_cells": 56,
      "test_parameter_sets": 19,
      "test_rows": 478,
      "train_parameter_sets": 57,
      "train_rows": 2295,
      "worst_condition_mae": 0.35304465873275975
    },
    {
      "condition_mean_mae": 0.05392391026038571,
      "condition_median_mae": 0.03936672551805407,
      "feature_group": "F4_state_log_age_scalar",
      "heldout_fold": 2,
      "mae": 0.030607955850133418,
      "model_level": "L3_quantile_hist_gradient_boosting",
      "pinball_loss_q10": 0.013582595662663809,
      "pinball_loss_q50": 0.015303977925066709,
      "pinball_loss_q90": 0.004341867938895741,
      "q10_q90_interval_coverage": 0.8571428571428571,
      "q10_q90_interval_width_mean": 0.08467945561051127,
      "rmse": 0.09406810010748595,
      "run_scope": "sensitivity_excluding_monotonicity",
      "split_name": "temperature_holdout_fold",
      "subset_name": "baseline_clean_tolerant",
      "target": "delta_capacity_Ah",
      "test_cells": 57,
      "test_parameter_sets": 19,
      "test_rows": 784,
      "train_parameter_sets": 57,
      "train_rows": 1989,
      "worst_condition_mae": 0.1641514499155672
    }
  ],
  "model_level": "L3_quantile_hist_gradient_boosting",
  "primary_summary": {
    "condition_mean_mae": 0.06911307266029151,
    "condition_median_mae": 0.05041745085471065,
    "fold_count": 2,
    "mean_mae": 0.03149905469375279,
    "mean_rmse": 0.09015075118722214,
    "worst_condition_mae": 0.2549572231665879
  },
  "row_counts": {
    "baseline_clean_strict_rows": 2773,
    "baseline_clean_tolerant_rows": 3827,
    "full_interval_rows": 3827,
    "selected_cells": 228,
    "selected_parameter_sets": 76,
    "selected_subset_rows": 3827,
    "sensitivity_excluding_monotonicity_rows": 2773,
    "sensitivity_flagged_monotonicity_rows": 1054
  },
  "schema_version": "gate5.capacity_baseline.v1",
  "sensitivity_excluding_monotonicity_summary": {
    "condition_mean_mae": 0.08308527175715182,
    "condition_median_mae": 0.05560390007366725,
    "fold_count": 2,
    "mean_mae": 0.03694445230495376,
    "mean_rmse": 0.10717212407221136,
    "worst_condition_mae": 0.35304465873275975
  },
  "split_name": "temperature_holdout_fold",
  "target": "delta_capacity_Ah"
}
