{
  "feature_group": "F8_timestamp_weighted_stress",
  "fold_metrics": [
    {
      "condition_mean_mae": 0.08427179829894538,
      "condition_median_mae": 0.059528638348303686,
      "feature_group": "F8_timestamp_weighted_stress",
      "heldout_fold": 1,
      "mae": 0.03167148938975444,
      "model_level": "L3_quantile_hist_gradient_boosting",
      "pinball_loss_q10": 0.012525455401827203,
      "pinball_loss_q50": 0.01583574469487722,
      "pinball_loss_q90": 0.0069405438515670855,
      "q10_q90_interval_coverage": 0.6846361185983828,
      "q10_q90_interval_width_mean": 0.06887868631231205,
      "rmse": 0.08933386071450249,
      "run_scope": "primary",
      "split_name": "temperature_holdout_fold",
      "subset_name": "baseline_clean_tolerant",
      "target": "delta_capacity_Ah",
      "test_cells": 57,
      "test_parameter_sets": 19,
      "test_rows": 742,
      "train_parameter_sets": 57,
      "train_rows": 3085,
      "worst_condition_mae": 0.2324203904933847
    },
    {
      "condition_mean_mae": 0.05026172735152167,
      "condition_median_mae": 0.04234298874869912,
      "feature_group": "F8_timestamp_weighted_stress",
      "heldout_fold": 2,
      "mae": 0.033944270383883396,
      "model_level": "L3_quantile_hist_gradient_boosting",
      "pinball_loss_q10": 0.013030738259437699,
      "pinball_loss_q50": 0.016972135191941698,
      "pinball_loss_q90": 0.004601697080074504,
      "q10_q90_interval_coverage": 0.7471698113207547,
      "q10_q90_interval_width_mean": 0.09183734444043794,
      "rmse": 0.08080851489050102,
      "run_scope": "primary",
      "split_name": "temperature_holdout_fold",
      "subset_name": "baseline_clean_tolerant",
      "target": "delta_capacity_Ah",
      "test_cells": 57,
      "test_parameter_sets": 19,
      "test_rows": 1060,
      "train_parameter_sets": 57,
      "train_rows": 2767,
      "worst_condition_mae": 0.14896967266787947
    },
    {
      "condition_mean_mae": 0.08203998829848905,
      "condition_median_mae": 0.05749363870533101,
      "feature_group": "F8_timestamp_weighted_stress",
      "heldout_fold": 1,
      "mae": 0.03481271474143337,
      "model_level": "L3_quantile_hist_gradient_boosting",
      "pinball_loss_q10": 0.01531272242160487,
      "pinball_loss_q50": 0.017406357370716684,
      "pinball_loss_q90": 0.008163993752713539,
      "q10_q90_interval_coverage": 0.6924686192468619,
      "q10_q90_interval_width_mean": 0.07821261334988662,
      "rmse": 0.10316745333316865,
      "run_scope": "sensitivity_excluding_monotonicity",
      "split_name": "temperature_holdout_fold",
      "subset_name": "baseline_clean_tolerant",
      "target": "delta_capacity_Ah",
      "test_cells": 56,
      "test_parameter_sets": 19,
      "test_rows": 478,
      "train_parameter_sets": 57,
      "train_rows": 2295,
      "worst_condition_mae": 0.2665807702596499
    },
    {
      "condition_mean_mae": 0.05014021579554877,
      "condition_median_mae": 0.03654295056581081,
      "feature_group": "F8_timestamp_weighted_stress",
      "heldout_fold": 2,
      "mae": 0.03187104684778594,
      "model_level": "L3_quantile_hist_gradient_boosting",
      "pinball_loss_q10": 0.015006244361083236,
      "pinball_loss_q50": 0.01593552342389297,
      "pinball_loss_q90": 0.004842939917110092,
      "q10_q90_interval_coverage": 0.7206632653061225,
      "q10_q90_interval_width_mean": 0.09868942448028176,
      "rmse": 0.08215344734317487,
      "run_scope": "sensitivity_excluding_monotonicity",
      "split_name": "temperature_holdout_fold",
      "subset_name": "baseline_clean_tolerant",
      "target": "delta_capacity_Ah",
      "test_cells": 57,
      "test_parameter_sets": 19,
      "test_rows": 784,
      "train_parameter_sets": 57,
      "train_rows": 1989,
      "worst_condition_mae": 0.16383031056133732
    }
  ],
  "model_level": "L3_quantile_hist_gradient_boosting",
  "primary_summary": {
    "condition_mean_mae": 0.06726676282523353,
    "condition_median_mae": 0.05093581354850141,
    "fold_count": 2,
    "mean_mae": 0.03280787988681892,
    "mean_rmse": 0.08507118780250175,
    "worst_condition_mae": 0.2324203904933847
  },
  "row_counts": {
    "baseline_clean_strict_rows": 2773,
    "baseline_clean_tolerant_rows": 3827,
    "full_interval_rows": 3827,
    "selected_cells": 228,
    "selected_parameter_sets": 76,
    "selected_subset_rows": 3827,
    "sensitivity_excluding_monotonicity_rows": 2773,
    "sensitivity_flagged_monotonicity_rows": 1054
  },
  "schema_version": "gate5.capacity_baseline.v1",
  "sensitivity_excluding_monotonicity_summary": {
    "condition_mean_mae": 0.0660901020470189,
    "condition_median_mae": 0.04701829463557091,
    "fold_count": 2,
    "mean_mae": 0.03334188079460965,
    "mean_rmse": 0.09266045033817176,
    "worst_condition_mae": 0.2665807702596499
  },
  "split_name": "temperature_holdout_fold",
  "target": "delta_capacity_Ah"
}
