{
  "feature_group": "F5_log_age_histograms",
  "fold_metrics": [
    {
      "condition_mean_mae": 0.1046074191731142,
      "condition_median_mae": 0.07027794134536566,
      "feature_group": "F5_log_age_histograms",
      "heldout_fold": 1,
      "mae": 0.05468527753972867,
      "model_level": "L3_quantile_hist_gradient_boosting",
      "pinball_loss_q10": 0.023256157656955337,
      "pinball_loss_q50": 0.027342638769864334,
      "pinball_loss_q90": 0.008907273590120989,
      "q10_q90_interval_coverage": 0.5194690265486726,
      "q10_q90_interval_width_mean": 0.1223742784016828,
      "rmse": 0.10371469673041117,
      "run_scope": "primary",
      "split_name": "voltage_window_holdout_fold",
      "subset_name": "baseline_clean_tolerant",
      "target": "delta_capacity_Ah",
      "test_cells": 84,
      "test_parameter_sets": 28,
      "test_rows": 1130,
      "train_parameter_sets": 48,
      "train_rows": 2697,
      "worst_condition_mae": 0.31754469724574835
    },
    {
      "condition_mean_mae": 0.12192002074827549,
      "condition_median_mae": 0.12387540142577227,
      "feature_group": "F5_log_age_histograms",
      "heldout_fold": 2,
      "mae": 0.09028069166049982,
      "model_level": "L3_quantile_hist_gradient_boosting",
      "pinball_loss_q10": 0.019164332363556053,
      "pinball_loss_q50": 0.04514034583024991,
      "pinball_loss_q90": 0.006983791413488754,
      "q10_q90_interval_coverage": 0.7629467541940189,
      "q10_q90_interval_width_mean": 0.19228335226546162,
      "rmse": 0.12402797867923271,
      "run_scope": "primary",
      "split_name": "voltage_window_holdout_fold",
      "subset_name": "baseline_clean_tolerant",
      "target": "delta_capacity_Ah",
      "test_cells": 96,
      "test_parameter_sets": 32,
      "test_rows": 1371,
      "train_parameter_sets": 44,
      "train_rows": 2456,
      "worst_condition_mae": 0.271520990871596
    },
    {
      "condition_mean_mae": 0.1935050776174044,
      "condition_median_mae": 0.19489435252014686,
      "feature_group": "F5_log_age_histograms",
      "heldout_fold": 3,
      "mae": 0.19247175912040695,
      "model_level": "L3_quantile_hist_gradient_boosting",
      "pinball_loss_q10": 0.035684181420290305,
      "pinball_loss_q50": 0.09623587956020348,
      "pinball_loss_q90": 0.008609222185913628,
      "q10_q90_interval_coverage": 0.14404223227752638,
      "q10_q90_interval_width_mean": 0.3487023239337594,
      "rmse": 0.20913529700780367,
      "run_scope": "primary",
      "split_name": "voltage_window_holdout_fold",
      "subset_name": "baseline_clean_tolerant",
      "target": "delta_capacity_Ah",
      "test_cells": 48,
      "test_parameter_sets": 16,
      "test_rows": 1326,
      "train_parameter_sets": 60,
      "train_rows": 2501,
      "worst_condition_mae": 0.2823133804820358
    },
    {
      "condition_mean_mae": 0.11264002577679684,
      "condition_median_mae": 0.06720437331795173,
      "feature_group": "F5_log_age_histograms",
      "heldout_fold": 1,
      "mae": 0.05570325717858073,
      "model_level": "L3_quantile_hist_gradient_boosting",
      "pinball_loss_q10": 0.02854694492167948,
      "pinball_loss_q50": 0.027851628589290366,
      "pinball_loss_q90": 0.009338255820708899,
      "q10_q90_interval_coverage": 0.4641555285540705,
      "q10_q90_interval_width_mean": 0.14803139998525924,
      "rmse": 0.1082588563454609,
      "run_scope": "sensitivity_excluding_monotonicity",
      "split_name": "voltage_window_holdout_fold",
      "subset_name": "baseline_clean_tolerant",
      "target": "delta_capacity_Ah",
      "test_cells": 84,
      "test_parameter_sets": 28,
      "test_rows": 823,
      "train_parameter_sets": 48,
      "train_rows": 1950,
      "worst_condition_mae": 0.3495432880771377
    },
    {
      "condition_mean_mae": 0.1195738743813115,
      "condition_median_mae": 0.10025357737124263,
      "feature_group": "F5_log_age_histograms",
      "heldout_fold": 2,
      "mae": 0.09272994296754355,
      "model_level": "L3_quantile_hist_gradient_boosting",
      "pinball_loss_q10": 0.019755295614346153,
      "pinball_loss_q50": 0.04636497148377178,
      "pinball_loss_q90": 0.006407100347382295,
      "q10_q90_interval_coverage": 0.7358490566037735,
      "q10_q90_interval_width_mean": 0.19062330336380104,
      "rmse": 0.11846721510402329,
      "run_scope": "sensitivity_excluding_monotonicity",
      "split_name": "voltage_window_holdout_fold",
      "subset_name": "baseline_clean_tolerant",
      "target": "delta_capacity_Ah",
      "test_cells": 95,
      "test_parameter_sets": 32,
      "test_rows": 1060,
      "train_parameter_sets": 44,
      "train_rows": 1713,
      "worst_condition_mae": 0.29767434136246596
    },
    {
      "condition_mean_mae": 0.2154314440583379,
      "condition_median_mae": 0.20104871688333542,
      "feature_group": "F5_log_age_histograms",
      "heldout_fold": 3,
      "mae": 0.2052157468278735,
      "model_level": "L3_quantile_hist_gradient_boosting",
      "pinball_loss_q10": 0.03249808997048345,
      "pinball_loss_q50": 0.10260787341393675,
      "pinball_loss_q90": 0.011853713824009428,
      "q10_q90_interval_coverage": 0.350561797752809,
      "q10_q90_interval_width_mean": 0.3179954083843582,
      "rmse": 0.22060239985406854,
      "run_scope": "sensitivity_excluding_monotonicity",
      "split_name": "voltage_window_holdout_fold",
      "subset_name": "baseline_clean_tolerant",
      "target": "delta_capacity_Ah",
      "test_cells": 48,
      "test_parameter_sets": 16,
      "test_rows": 890,
      "train_parameter_sets": 60,
      "train_rows": 1883,
      "worst_condition_mae": 0.3476819157229541
    }
  ],
  "model_level": "L3_quantile_hist_gradient_boosting",
  "primary_summary": {
    "condition_mean_mae": 0.14001083917959803,
    "condition_median_mae": 0.12968256509709494,
    "fold_count": 3,
    "mean_mae": 0.11247924277354515,
    "mean_rmse": 0.14562599080581584,
    "worst_condition_mae": 0.31754469724574835
  },
  "row_counts": {
    "baseline_clean_strict_rows": 2773,
    "baseline_clean_tolerant_rows": 3827,
    "full_interval_rows": 3827,
    "selected_cells": 228,
    "selected_parameter_sets": 76,
    "selected_subset_rows": 3827,
    "sensitivity_excluding_monotonicity_rows": 2773,
    "sensitivity_flagged_monotonicity_rows": 1054
  },
  "schema_version": "gate5.capacity_baseline.v1",
  "sensitivity_excluding_monotonicity_summary": {
    "condition_mean_mae": 0.1492151147388154,
    "condition_median_mae": 0.12283555585750994,
    "fold_count": 3,
    "mean_mae": 0.11788298232466593,
    "mean_rmse": 0.14910949043451757,
    "worst_condition_mae": 0.3495432880771377
  },
  "split_name": "voltage_window_holdout_fold",
  "target": "delta_capacity_Ah"
}
