{
  "feature_group": "F5_log_age_histograms",
  "fold_metrics": [
    {
      "condition_mean_mae": 0.08296123274270494,
      "condition_median_mae": 0.05768928799723291,
      "feature_group": "F5_log_age_histograms",
      "heldout_fold": 1,
      "mae": 0.031887576544112214,
      "model_level": "L3_quantile_hist_gradient_boosting",
      "pinball_loss_q10": 0.01121573737690374,
      "pinball_loss_q50": 0.015943788272056107,
      "pinball_loss_q90": 0.006945895157352555,
      "q10_q90_interval_coverage": 0.7264150943396226,
      "q10_q90_interval_width_mean": 0.07044694401024365,
      "rmse": 0.09078689159707329,
      "run_scope": "primary",
      "split_name": "temperature_holdout_fold",
      "subset_name": "baseline_clean_tolerant",
      "target": "delta_capacity_Ah",
      "test_cells": 57,
      "test_parameter_sets": 19,
      "test_rows": 742,
      "train_parameter_sets": 57,
      "train_rows": 3085,
      "worst_condition_mae": 0.21724904314632473
    },
    {
      "condition_mean_mae": 0.0519184112637996,
      "condition_median_mae": 0.05221340379177726,
      "feature_group": "F5_log_age_histograms",
      "heldout_fold": 2,
      "mae": 0.03471347992100484,
      "model_level": "L3_quantile_hist_gradient_boosting",
      "pinball_loss_q10": 0.013684571184871512,
      "pinball_loss_q50": 0.01735673996050242,
      "pinball_loss_q90": 0.004493848125493615,
      "q10_q90_interval_coverage": 0.810377358490566,
      "q10_q90_interval_width_mean": 0.0949922485417372,
      "rmse": 0.08352722156372178,
      "run_scope": "primary",
      "split_name": "temperature_holdout_fold",
      "subset_name": "baseline_clean_tolerant",
      "target": "delta_capacity_Ah",
      "test_cells": 57,
      "test_parameter_sets": 19,
      "test_rows": 1060,
      "train_parameter_sets": 57,
      "train_rows": 2767,
      "worst_condition_mae": 0.14645712936600266
    },
    {
      "condition_mean_mae": 0.09461843059122703,
      "condition_median_mae": 0.053682753325697094,
      "feature_group": "F5_log_age_histograms",
      "heldout_fold": 1,
      "mae": 0.03705805286296604,
      "model_level": "L3_quantile_hist_gradient_boosting",
      "pinball_loss_q10": 0.01386489962217115,
      "pinball_loss_q50": 0.01852902643148302,
      "pinball_loss_q90": 0.008139390900866808,
      "q10_q90_interval_coverage": 0.7426778242677824,
      "q10_q90_interval_width_mean": 0.0801685456628171,
      "rmse": 0.10821637257663254,
      "run_scope": "sensitivity_excluding_monotonicity",
      "split_name": "temperature_holdout_fold",
      "subset_name": "baseline_clean_tolerant",
      "target": "delta_capacity_Ah",
      "test_cells": 56,
      "test_parameter_sets": 19,
      "test_rows": 478,
      "train_parameter_sets": 57,
      "train_rows": 2295,
      "worst_condition_mae": 0.27817402482157366
    },
    {
      "condition_mean_mae": 0.04848602859773386,
      "condition_median_mae": 0.030971462937092673,
      "feature_group": "F5_log_age_histograms",
      "heldout_fold": 2,
      "mae": 0.02973673234807479,
      "model_level": "L3_quantile_hist_gradient_boosting",
      "pinball_loss_q10": 0.014136234276137838,
      "pinball_loss_q50": 0.014868366174037395,
      "pinball_loss_q90": 0.004663331350849628,
      "q10_q90_interval_coverage": 0.7551020408163265,
      "q10_q90_interval_width_mean": 0.09105733341284013,
      "rmse": 0.08170377770341869,
      "run_scope": "sensitivity_excluding_monotonicity",
      "split_name": "temperature_holdout_fold",
      "subset_name": "baseline_clean_tolerant",
      "target": "delta_capacity_Ah",
      "test_cells": 57,
      "test_parameter_sets": 19,
      "test_rows": 784,
      "train_parameter_sets": 57,
      "train_rows": 1989,
      "worst_condition_mae": 0.14902292671564069
    }
  ],
  "model_level": "L3_quantile_hist_gradient_boosting",
  "primary_summary": {
    "condition_mean_mae": 0.06743982200325227,
    "condition_median_mae": 0.05495134589450509,
    "fold_count": 2,
    "mean_mae": 0.033300528232558524,
    "mean_rmse": 0.08715705658039753,
    "worst_condition_mae": 0.21724904314632473
  },
  "row_counts": {
    "baseline_clean_strict_rows": 2773,
    "baseline_clean_tolerant_rows": 3827,
    "full_interval_rows": 3827,
    "selected_cells": 228,
    "selected_parameter_sets": 76,
    "selected_subset_rows": 3827,
    "sensitivity_excluding_monotonicity_rows": 2773,
    "sensitivity_flagged_monotonicity_rows": 1054
  },
  "schema_version": "gate5.capacity_baseline.v1",
  "sensitivity_excluding_monotonicity_summary": {
    "condition_mean_mae": 0.07155222959448045,
    "condition_median_mae": 0.04232710813139488,
    "fold_count": 2,
    "mean_mae": 0.033397392605520416,
    "mean_rmse": 0.09496007514002561,
    "worst_condition_mae": 0.27817402482157366
  },
  "split_name": "temperature_holdout_fold",
  "target": "delta_capacity_Ah"
}
