{
  "feature_group": "F6_coupled_stress",
  "fold_metrics": [
    {
      "condition_mean_mae": 0.036763363893015474,
      "condition_median_mae": 0.027648699080145608,
      "feature_group": "F6_coupled_stress",
      "heldout_fold": 0,
      "mae": 0.023432468174220074,
      "model_level": "L3_quantile_hist_gradient_boosting",
      "pinball_loss_q10": 0.008734008787341626,
      "pinball_loss_q50": 0.011716234087110037,
      "pinball_loss_q90": 0.005634666080399568,
      "q10_q90_interval_coverage": 0.5924170616113744,
      "q10_q90_interval_width_mean": 0.06883490175650986,
      "rmse": 0.0643618685856918,
      "run_scope": "primary",
      "split_name": "condition_fold",
      "subset_name": "baseline_clean_tolerant",
      "target": "delta_capacity_Ah",
      "test_cells": 48,
      "test_parameter_sets": 16,
      "test_rows": 844,
      "train_parameter_sets": 60,
      "train_rows": 2983,
      "worst_condition_mae": 0.11639166391656376
    },
    {
      "condition_mean_mae": 0.04179987365581004,
      "condition_median_mae": 0.021510960715068295,
      "feature_group": "F6_coupled_stress",
      "heldout_fold": 1,
      "mae": 0.020295795236873464,
      "model_level": "L3_quantile_hist_gradient_boosting",
      "pinball_loss_q10": 0.007561342628515525,
      "pinball_loss_q50": 0.010147897618436732,
      "pinball_loss_q90": 0.003952954045544171,
      "q10_q90_interval_coverage": 0.6543352601156069,
      "q10_q90_interval_width_mean": 0.053894925242884764,
      "rmse": 0.06652517778935872,
      "run_scope": "primary",
      "split_name": "condition_fold",
      "subset_name": "baseline_clean_tolerant",
      "target": "delta_capacity_Ah",
      "test_cells": 45,
      "test_parameter_sets": 15,
      "test_rows": 865,
      "train_parameter_sets": 61,
      "train_rows": 2962,
      "worst_condition_mae": 0.15990913625863512
    },
    {
      "condition_mean_mae": 0.032920870271743674,
      "condition_median_mae": 0.01778817235632618,
      "feature_group": "F6_coupled_stress",
      "heldout_fold": 2,
      "mae": 0.014943428530306547,
      "model_level": "L3_quantile_hist_gradient_boosting",
      "pinball_loss_q10": 0.0063034840762577335,
      "pinball_loss_q50": 0.007471714265153273,
      "pinball_loss_q90": 0.0031328424705024584,
      "q10_q90_interval_coverage": 0.7511210762331838,
      "q10_q90_interval_width_mean": 0.05993646925106806,
      "rmse": 0.04544128431608586,
      "run_scope": "primary",
      "split_name": "condition_fold",
      "subset_name": "baseline_clean_tolerant",
      "target": "delta_capacity_Ah",
      "test_cells": 45,
      "test_parameter_sets": 15,
      "test_rows": 892,
      "train_parameter_sets": 61,
      "train_rows": 2935,
      "worst_condition_mae": 0.1743882901588879
    },
    {
      "condition_mean_mae": 0.0873381467107225,
      "condition_median_mae": 0.06949085496370216,
      "feature_group": "F6_coupled_stress",
      "heldout_fold": 3,
      "mae": 0.04104447476020608,
      "model_level": "L3_quantile_hist_gradient_boosting",
      "pinball_loss_q10": 0.013173117871649232,
      "pinball_loss_q50": 0.02052223738010304,
      "pinball_loss_q90": 0.008020137383994617,
      "q10_q90_interval_coverage": 0.7033398821218074,
      "q10_q90_interval_width_mean": 0.10700894829549638,
      "rmse": 0.10945416237088088,
      "run_scope": "primary",
      "split_name": "condition_fold",
      "subset_name": "baseline_clean_tolerant",
      "target": "delta_capacity_Ah",
      "test_cells": 45,
      "test_parameter_sets": 15,
      "test_rows": 509,
      "train_parameter_sets": 61,
      "train_rows": 3318,
      "worst_condition_mae": 0.2673423704751325
    },
    {
      "condition_mean_mae": 0.04669641544408121,
      "condition_median_mae": 0.03063821484977635,
      "feature_group": "F6_coupled_stress",
      "heldout_fold": 4,
      "mae": 0.020468993912232704,
      "model_level": "L3_quantile_hist_gradient_boosting",
      "pinball_loss_q10": 0.005616725066388931,
      "pinball_loss_q50": 0.010234496956116352,
      "pinball_loss_q90": 0.00476670127388988,
      "q10_q90_interval_coverage": 0.6555090655509066,
      "q10_q90_interval_width_mean": 0.0754668961316628,
      "rmse": 0.04900163108763464,
      "run_scope": "primary",
      "split_name": "condition_fold",
      "subset_name": "baseline_clean_tolerant",
      "target": "delta_capacity_Ah",
      "test_cells": 45,
      "test_parameter_sets": 15,
      "test_rows": 717,
      "train_parameter_sets": 61,
      "train_rows": 3110,
      "worst_condition_mae": 0.17626817014465315
    },
    {
      "condition_mean_mae": 0.04685862834997795,
      "condition_median_mae": 0.029297698053258686,
      "feature_group": "F6_coupled_stress",
      "heldout_fold": 0,
      "mae": 0.025749767335379332,
      "model_level": "L3_quantile_hist_gradient_boosting",
      "pinball_loss_q10": 0.008586892967510472,
      "pinball_loss_q50": 0.012874883667689666,
      "pinball_loss_q90": 0.005744888649697473,
      "q10_q90_interval_coverage": 0.5806451612903226,
      "q10_q90_interval_width_mean": 0.06427191567512082,
      "rmse": 0.06813708187058785,
      "run_scope": "sensitivity_excluding_monotonicity",
      "split_name": "condition_fold",
      "subset_name": "baseline_clean_tolerant",
      "target": "delta_capacity_Ah",
      "test_cells": 48,
      "test_parameter_sets": 16,
      "test_rows": 620,
      "train_parameter_sets": 60,
      "train_rows": 2153,
      "worst_condition_mae": 0.1716575378860578
    },
    {
      "condition_mean_mae": 0.03870378934983502,
      "condition_median_mae": 0.023242198977928282,
      "feature_group": "F6_coupled_stress",
      "heldout_fold": 1,
      "mae": 0.021337444274249835,
      "model_level": "L3_quantile_hist_gradient_boosting",
      "pinball_loss_q10": 0.007533225184744562,
      "pinball_loss_q50": 0.010668722137124918,
      "pinball_loss_q90": 0.003983385575238611,
      "q10_q90_interval_coverage": 0.6734375,
      "q10_q90_interval_width_mean": 0.05427978553286602,
      "rmse": 0.06148154333719761,
      "run_scope": "sensitivity_excluding_monotonicity",
      "split_name": "condition_fold",
      "subset_name": "baseline_clean_tolerant",
      "target": "delta_capacity_Ah",
      "test_cells": 45,
      "test_parameter_sets": 15,
      "test_rows": 640,
      "train_parameter_sets": 61,
      "train_rows": 2133,
      "worst_condition_mae": 0.1459476597250016
    },
    {
      "condition_mean_mae": 0.034611820504394514,
      "condition_median_mae": 0.01244912519610678,
      "feature_group": "F6_coupled_stress",
      "heldout_fold": 2,
      "mae": 0.015267613208605625,
      "model_level": "L3_quantile_hist_gradient_boosting",
      "pinball_loss_q10": 0.006568395749562583,
      "pinball_loss_q50": 0.007633806604302813,
      "pinball_loss_q90": 0.0031261356554128645,
      "q10_q90_interval_coverage": 0.7378335949764521,
      "q10_q90_interval_width_mean": 0.06600032798719163,
      "rmse": 0.04942536674912054,
      "run_scope": "sensitivity_excluding_monotonicity",
      "split_name": "condition_fold",
      "subset_name": "baseline_clean_tolerant",
      "target": "delta_capacity_Ah",
      "test_cells": 45,
      "test_parameter_sets": 15,
      "test_rows": 637,
      "train_parameter_sets": 61,
      "train_rows": 2136,
      "worst_condition_mae": 0.17195296893067197
    },
    {
      "condition_mean_mae": 0.08431981770633984,
      "condition_median_mae": 0.06414181555320861,
      "feature_group": "F6_coupled_stress",
      "heldout_fold": 3,
      "mae": 0.03998997936822542,
      "model_level": "L3_quantile_hist_gradient_boosting",
      "pinball_loss_q10": 0.013138545625717306,
      "pinball_loss_q50": 0.01999498968411271,
      "pinball_loss_q90": 0.008040146164926619,
      "q10_q90_interval_coverage": 0.6884816753926701,
      "q10_q90_interval_width_mean": 0.11224644754941142,
      "rmse": 0.10805591266122205,