{
  "feature_group": "F9_event_segmented_stress",
  "fold_metrics": [
    {
      "condition_mean_mae": 0.12724455575548502,
      "condition_median_mae": 0.07523867496571005,
      "feature_group": "F9_event_segmented_stress",
      "heldout_fold": 1,
      "mae": 0.05779686531711987,
      "model_level": "L3_quantile_hist_gradient_boosting",
      "pinball_loss_q10": 0.02287756350596413,
      "pinball_loss_q50": 0.028898432658559934,
      "pinball_loss_q90": 0.03070007520066052,
      "q10_q90_interval_coverage": 0.8256637168141593,
      "q10_q90_interval_width_mean": 0.36449476100827943,
      "rmse": 0.11795153796458482,
      "run_scope": "primary",
      "split_name": "voltage_window_holdout_fold",
      "subset_name": "baseline_clean_tolerant",
      "target": "capacity_Ah_k1",
      "test_cells": 84,
      "test_parameter_sets": 28,
      "test_rows": 1130,
      "train_parameter_sets": 48,
      "train_rows": 2697,
      "worst_condition_mae": 0.428309172623373
    },
    {
      "condition_mean_mae": 0.13652755816841722,
      "condition_median_mae": 0.14153563430991617,
      "feature_group": "F9_event_segmented_stress",
      "heldout_fold": 2,
      "mae": 0.10207762197032832,
      "model_level": "L3_quantile_hist_gradient_boosting",
      "pinball_loss_q10": 0.021964347061690807,
      "pinball_loss_q50": 0.05103881098516416,
      "pinball_loss_q90": 0.017397458557433593,
      "q10_q90_interval_coverage": 0.8431801604668125,
      "q10_q90_interval_width_mean": 0.2779072324139073,
      "rmse": 0.13574024911055696,
      "run_scope": "primary",
      "split_name": "voltage_window_holdout_fold",
      "subset_name": "baseline_clean_tolerant",
      "target": "capacity_Ah_k1",
      "test_cells": 96,
      "test_parameter_sets": 32,
      "test_rows": 1371,
      "train_parameter_sets": 44,
      "train_rows": 2456,
      "worst_condition_mae": 0.30866025106594613
    },
    {
      "condition_mean_mae": 0.30043802363692107,
      "condition_median_mae": 0.2674381984626618,
      "feature_group": "F9_event_segmented_stress",
      "heldout_fold": 3,
      "mae": 0.2985099649885419,
      "model_level": "L3_quantile_hist_gradient_boosting",
      "pinball_loss_q10": 0.07641946523819788,
      "pinball_loss_q50": 0.14925498249427094,
      "pinball_loss_q90": 0.03701407799394456,
      "q10_q90_interval_coverage": 0.05203619909502263,
      "q10_q90_interval_width_mean": 0.7237134504620097,
      "rmse": 0.3311287031768193,
      "run_scope": "primary",
      "split_name": "voltage_window_holdout_fold",
      "subset_name": "baseline_clean_tolerant",
      "target": "capacity_Ah_k1",
      "test_cells": 48,
      "test_parameter_sets": 16,
      "test_rows": 1326,
      "train_parameter_sets": 60,
      "train_rows": 2501,
      "worst_condition_mae": 0.474828921390919
    },
    {
      "condition_mean_mae": 0.12686602362512017,
      "condition_median_mae": 0.07106245842280884,
      "feature_group": "F9_event_segmented_stress",
      "heldout_fold": 1,
      "mae": 0.059697726966821234,
      "model_level": "L3_quantile_hist_gradient_boosting",
      "pinball_loss_q10": 0.021004160926597314,
      "pinball_loss_q50": 0.029848863483410617,
      "pinball_loss_q90": 0.014391649474873806,
      "q10_q90_interval_coverage": 0.7351154313487241,
      "q10_q90_interval_width_mean": 0.176588135344424,
      "rmse": 0.11962320153778862,
      "run_scope": "sensitivity_excluding_monotonicity",
      "split_name": "voltage_window_holdout_fold",
      "subset_name": "baseline_clean_tolerant",
      "target": "capacity_Ah_k1",
      "test_cells": 84,
      "test_parameter_sets": 28,
      "test_rows": 823,
      "train_parameter_sets": 48,
      "train_rows": 1950,
      "worst_condition_mae": 0.3878968578839112
    },
    {
      "condition_mean_mae": 0.15089075237661867,
      "condition_median_mae": 0.14568095392754726,
      "feature_group": "F9_event_segmented_stress",
      "heldout_fold": 2,
      "mae": 0.12966299547542812,
      "model_level": "L3_quantile_hist_gradient_boosting",
      "pinball_loss_q10": 0.022171625148723815,
      "pinball_loss_q50": 0.06483149773771406,
      "pinball_loss_q90": 0.013434552520818469,
      "q10_q90_interval_coverage": 0.7688679245283019,
      "q10_q90_interval_width_mean": 0.24131704317748506,
      "rmse": 0.16280425135464993,
      "run_scope": "sensitivity_excluding_monotonicity",
      "split_name": "voltage_window_holdout_fold",
      "subset_name": "baseline_clean_tolerant",
      "target": "capacity_Ah_k1",
      "test_cells": 95,
      "test_parameter_sets": 32,
      "test_rows": 1060,
      "train_parameter_sets": 44,
      "train_rows": 1713,
      "worst_condition_mae": 0.27022575829210566
    },
    {
      "condition_mean_mae": 0.27019982605008547,
      "condition_median_mae": 0.26879080330629224,
      "feature_group": "F9_event_segmented_stress",
      "heldout_fold": 3,
      "mae": 0.2603900037477787,
      "model_level": "L3_quantile_hist_gradient_boosting",
      "pinball_loss_q10": 0.0833390507052013,
      "pinball_loss_q50": 0.13019500187388935,
      "pinball_loss_q90": 0.030248588313824865,
      "q10_q90_interval_coverage": 0.10674157303370786,
      "q10_q90_interval_width_mean": 0.802952095414916,
      "rmse": 0.27912199516905545,
      "run_scope": "sensitivity_excluding_monotonicity",
      "split_name": "voltage_window_holdout_fold",
      "subset_name": "baseline_clean_tolerant",
      "target": "capacity_Ah_k1",
      "test_cells": 48,
      "test_parameter_sets": 16,
      "test_rows": 890,
      "train_parameter_sets": 60,
      "train_rows": 1883,
      "worst_condition_mae": 0.4055019015303455
    }
  ],
  "model_level": "L3_quantile_hist_gradient_boosting",
  "primary_summary": {
    "condition_mean_mae": 0.18807004585360776,
    "condition_median_mae": 0.16140416924609602,
    "fold_count": 3,
    "mean_mae": 0.15279481742533002,
    "mean_rmse": 0.19494016341732037,
    "worst_condition_mae": 0.474828921390919
  },
  "row_counts": {
    "baseline_clean_strict_rows": 2773,
    "baseline_clean_tolerant_rows": 3827,
    "full_interval_rows": 3827,
    "selected_cells": 228,
    "selected_parameter_sets": 76,
    "selected_subset_rows": 3827,
    "sensitivity_excluding_monotonicity_rows": 2773,
    "sensitivity_flagged_monotonicity_rows": 1054
  },
  "schema_version": "gate5.capacity_baseline.v1",
  "sensitivity_excluding_monotonicity_summary": {
    "condition_mean_mae": 0.18265220068394142,
    "condition_median_mae": 0.16184473855221612,
    "fold_count": 3,
    "mean_mae": 0.14991690873000935,
    "mean_rmse": 0.18718314935383132,
    "worst_condition_mae": 0.4055019015303455
  },
  "split_name": "voltage_window_holdout_fold",
  "target": "capacity_Ah_k1"
}
