{
  "feature_group": "F8_timestamp_weighted_stress",
  "fold_metrics": [
    {
      "condition_mean_mae": 0.17339093276564468,
      "condition_median_mae": 0.15682286586837121,
      "feature_group": "F8_timestamp_weighted_stress",
      "heldout_fold": 1,
      "mae": 0.11863774390530016,
      "model_level": "L3_quantile_hist_gradient_boosting",
      "pinball_loss_q10": 0.050508030059854166,
      "pinball_loss_q50": 0.05931887195265008,
      "pinball_loss_q90": 0.023038392565661127,
      "q10_q90_interval_coverage": 0.6560509554140127,
      "q10_q90_interval_width_mean": 0.2484445333763828,
      "rmse": 0.21356613658519172,
      "run_scope": "primary",
      "split_name": "c_rate_holdout_fold",
      "subset_name": "baseline_clean_tolerant",
      "target": "capacity_Ah_k1",
      "test_cells": 36,
      "test_parameter_sets": 12,
      "test_rows": 157,
      "train_parameter_sets": 64,
      "train_rows": 3670,
      "worst_condition_mae": 0.3457754227687236
    },
    {
      "condition_mean_mae": 0.19594780813153678,
      "condition_median_mae": 0.19572479267109688,
      "feature_group": "F8_timestamp_weighted_stress",
      "heldout_fold": 1,
      "mae": 0.14552847817443165,
      "model_level": "L3_quantile_hist_gradient_boosting",
      "pinball_loss_q10": 0.04957654587556477,
      "pinball_loss_q50": 0.07276423908721583,
      "pinball_loss_q90": 0.026179388605312225,
      "q10_q90_interval_coverage": 0.6605504587155964,
      "q10_q90_interval_width_mean": 0.2965622207834376,
      "rmse": 0.2470938636380972,
      "run_scope": "sensitivity_excluding_monotonicity",
      "split_name": "c_rate_holdout_fold",
      "subset_name": "baseline_clean_tolerant",
      "target": "capacity_Ah_k1",
      "test_cells": 36,
      "test_parameter_sets": 12,
      "test_rows": 109,
      "train_parameter_sets": 64,
      "train_rows": 2664,
      "worst_condition_mae": 0.3380695725916115
    }
  ],
  "model_level": "L3_quantile_hist_gradient_boosting",
  "primary_summary": {
    "condition_mean_mae": 0.17339093276564468,
    "condition_median_mae": 0.15682286586837121,
    "fold_count": 1,
    "mean_mae": 0.11863774390530016,
    "mean_rmse": 0.21356613658519172,
    "worst_condition_mae": 0.3457754227687236
  },
  "row_counts": {
    "baseline_clean_strict_rows": 2773,
    "baseline_clean_tolerant_rows": 3827,
    "full_interval_rows": 3827,
    "selected_cells": 228,
    "selected_parameter_sets": 76,
    "selected_subset_rows": 3827,
    "sensitivity_excluding_monotonicity_rows": 2773,
    "sensitivity_flagged_monotonicity_rows": 1054
  },
  "schema_version": "gate5.capacity_baseline.v1",
  "sensitivity_excluding_monotonicity_summary": {
    "condition_mean_mae": 0.19594780813153678,
    "condition_median_mae": 0.19572479267109688,
    "fold_count": 1,
    "mean_mae": 0.14552847817443165,
    "mean_rmse": 0.2470938636380972,
    "worst_condition_mae": 0.3380695725916115
  },
  "split_name": "c_rate_holdout_fold",
  "target": "capacity_Ah_k1"
}
