{
  "feature_group": "F5_log_age_histograms",
  "fold_metrics": [
    {
      "condition_mean_mae": 0.11666931655148939,
      "condition_median_mae": 0.07463692893100092,
      "feature_group": "F5_log_age_histograms",
      "heldout_fold": 1,
      "mae": 0.06331687962851922,
      "model_level": "L3_quantile_hist_gradient_boosting",
      "pinball_loss_q10": 0.024491706372744726,
      "pinball_loss_q50": 0.03165843981425961,
      "pinball_loss_q90": 0.021111606335189385,
      "q10_q90_interval_coverage": 0.7876106194690266,
      "q10_q90_interval_width_mean": 0.2879599510598507,
      "rmse": 0.11331517442989959,
      "run_scope": "primary",
      "split_name": "voltage_window_holdout_fold",
      "subset_name": "baseline_clean_tolerant",
      "target": "capacity_Ah_k1",
      "test_cells": 84,
      "test_parameter_sets": 28,
      "test_rows": 1130,
      "train_parameter_sets": 48,
      "train_rows": 2697,
      "worst_condition_mae": 0.3409326452707074
    },
    {
      "condition_mean_mae": 0.12170011534099158,
      "condition_median_mae": 0.13129682336376014,
      "feature_group": "F5_log_age_histograms",
      "heldout_fold": 2,
      "mae": 0.08308654759224081,
      "model_level": "L3_quantile_hist_gradient_boosting",
      "pinball_loss_q10": 0.0198495226079616,
      "pinball_loss_q50": 0.041543273796120404,
      "pinball_loss_q90": 0.01757292542362098,
      "q10_q90_interval_coverage": 0.812545587162655,
      "q10_q90_interval_width_mean": 0.25916587939949964,
      "rmse": 0.12399361835734034,
      "run_scope": "primary",
      "split_name": "voltage_window_holdout_fold",
      "subset_name": "baseline_clean_tolerant",
      "target": "capacity_Ah_k1",
      "test_cells": 96,
      "test_parameter_sets": 32,
      "test_rows": 1371,
      "train_parameter_sets": 44,
      "train_rows": 2456,
      "worst_condition_mae": 0.27105658248592446
    },
    {
      "condition_mean_mae": 0.32722858677356104,
      "condition_median_mae": 0.2873766901968055,
      "feature_group": "F5_log_age_histograms",
      "heldout_fold": 3,
      "mae": 0.32607932665408,
      "model_level": "L3_quantile_hist_gradient_boosting",
      "pinball_loss_q10": 0.07180877277828518,
      "pinball_loss_q50": 0.16303966332704,
      "pinball_loss_q90": 0.03805551741513667,
      "q10_q90_interval_coverage": 0.0196078431372549,
      "q10_q90_interval_width_mean": 0.6763295050561544,
      "rmse": 0.34901232196678317,
      "run_scope": "primary",
      "split_name": "voltage_window_holdout_fold",
      "subset_name": "baseline_clean_tolerant",
      "target": "capacity_Ah_k1",
      "test_cells": 48,
      "test_parameter_sets": 16,
      "test_rows": 1326,
      "train_parameter_sets": 60,
      "train_rows": 2501,
      "worst_condition_mae": 0.44670441485897616
    },
    {
      "condition_mean_mae": 0.1279284025407989,
      "condition_median_mae": 0.07359101593911965,
      "feature_group": "F5_log_age_histograms",
      "heldout_fold": 1,
      "mae": 0.06630796035532319,
      "model_level": "L3_quantile_hist_gradient_boosting",
      "pinball_loss_q10": 0.024482162229383857,
      "pinball_loss_q50": 0.03315398017766159,
      "pinball_loss_q90": 0.01829360121524423,
      "q10_q90_interval_coverage": 0.8128797083839611,
      "q10_q90_interval_width_mean": 0.24384440711406985,
      "rmse": 0.12018578593499919,
      "run_scope": "sensitivity_excluding_monotonicity",
      "split_name": "voltage_window_holdout_fold",
      "subset_name": "baseline_clean_tolerant",
      "target": "capacity_Ah_k1",
      "test_cells": 84,
      "test_parameter_sets": 28,
      "test_rows": 823,
      "train_parameter_sets": 48,
      "train_rows": 1950,
      "worst_condition_mae": 0.40356283070296034
    },
    {
      "condition_mean_mae": 0.11433365812906712,
      "condition_median_mae": 0.10972657617575265,
      "feature_group": "F5_log_age_histograms",
      "heldout_fold": 2,
      "mae": 0.08247432488883294,
      "model_level": "L3_quantile_hist_gradient_boosting",
      "pinball_loss_q10": 0.019080382975570093,
      "pinball_loss_q50": 0.04123716244441647,
      "pinball_loss_q90": 0.016727171015207376,
      "q10_q90_interval_coverage": 0.8273584905660377,
      "q10_q90_interval_width_mean": 0.2457981658225867,
      "rmse": 0.11690512231415214,
      "run_scope": "sensitivity_excluding_monotonicity",
      "split_name": "voltage_window_holdout_fold",
      "subset_name": "baseline_clean_tolerant",
      "target": "capacity_Ah_k1",
      "test_cells": 95,
      "test_parameter_sets": 32,
      "test_rows": 1060,
      "train_parameter_sets": 44,
      "train_rows": 1713,
      "worst_condition_mae": 0.27231365708757915
    },
    {
      "condition_mean_mae": 0.27215379422129266,
      "condition_median_mae": 0.25723538285466185,
      "feature_group": "F5_log_age_histograms",
      "heldout_fold": 3,
      "mae": 0.2610005861858106,
      "model_level": "L3_quantile_hist_gradient_boosting",
      "pinball_loss_q10": 0.0843931335499704,
      "pinball_loss_q50": 0.1305002930929053,
      "pinball_loss_q90": 0.10253844872392306,
      "q10_q90_interval_coverage": 0.0033707865168539327,
      "q10_q90_interval_width_mean": 0.7300403889638118,
      "rmse": 0.27976894552254866,
      "run_scope": "sensitivity_excluding_monotonicity",
      "split_name": "voltage_window_holdout_fold",
      "subset_name": "baseline_clean_tolerant",
      "target": "capacity_Ah_k1",
      "test_cells": 48,
      "test_parameter_sets": 16,
      "test_rows": 890,
      "train_parameter_sets": 60,
      "train_rows": 1883,
      "worst_condition_mae": 0.4151736869357522
    }
  ],
  "model_level": "L3_quantile_hist_gradient_boosting",
  "primary_summary": {
    "condition_mean_mae": 0.18853267288868067,
    "condition_median_mae": 0.16443681416385553,
    "fold_count": 3,
    "mean_mae": 0.15749425129161335,
    "mean_rmse": 0.19544037158467434,
    "worst_condition_mae": 0.44670441485897616
  },
  "row_counts": {
    "baseline_clean_strict_rows": 2773,
    "baseline_clean_tolerant_rows": 3827,
    "full_interval_rows": 3827,
    "selected_cells": 228,
    "selected_parameter_sets": 76,
    "selected_subset_rows": 3827,
    "sensitivity_excluding_monotonicity_rows": 2773,
    "sensitivity_flagged_monotonicity_rows": 1054
  },
  "schema_version": "gate5.capacity_baseline.v1",
  "sensitivity_excluding_monotonicity_summary": {
    "condition_mean_mae": 0.17147195163038623,
    "condition_median_mae": 0.1468509916565114,
    "fold_count": 3,
    "mean_mae": 0.13659429047665558,
    "mean_rmse": 0.1722866179239,
    "worst_condition_mae": 0.4151736869357522
  },
  "split_name": "voltage_window_holdout_fold",
  "target": "capacity_Ah_k1"
}
