{
  "feature_group": "F6_coupled_stress",
  "fold_metrics": [
    {
      "condition_mean_mae": 0.043514697700829254,
      "condition_median_mae": 0.03019334891543138,
      "feature_group": "F6_coupled_stress",
      "heldout_fold": 0,
      "mae": 0.0266084831221623,
      "model_level": "L3_quantile_hist_gradient_boosting",
      "pinball_loss_q10": 0.010230207862732665,
      "pinball_loss_q50": 0.01330424156108115,
      "pinball_loss_q90": 0.015203275342968394,
      "q10_q90_interval_coverage": 0.8127962085308057,
      "q10_q90_interval_width_mean": 0.1985506562389808,
      "rmse": 0.06699007047808475,
      "run_scope": "primary",
      "split_name": "condition_fold",
      "subset_name": "baseline_clean_tolerant",
      "target": "capacity_Ah_k1",
      "test_cells": 48,
      "test_parameter_sets": 16,
      "test_rows": 844,
      "train_parameter_sets": 60,
      "train_rows": 2983,
      "worst_condition_mae": 0.12053947260671631
    },
    {
      "condition_mean_mae": 0.04361323434444002,
      "condition_median_mae": 0.027844711859890587,
      "feature_group": "F6_coupled_stress",
      "heldout_fold": 1,
      "mae": 0.024263107604603637,
      "model_level": "L3_quantile_hist_gradient_boosting",
      "pinball_loss_q10": 0.012643456344725738,
      "pinball_loss_q50": 0.012131553802301819,
      "pinball_loss_q90": 0.007824087152675714,
      "q10_q90_interval_coverage": 0.7687861271676301,
      "q10_q90_interval_width_mean": 0.14526857692362427,
      "rmse": 0.07009493227403144,
      "run_scope": "primary",
      "split_name": "condition_fold",
      "subset_name": "baseline_clean_tolerant",
      "target": "capacity_Ah_k1",
      "test_cells": 45,
      "test_parameter_sets": 15,
      "test_rows": 865,
      "train_parameter_sets": 61,
      "train_rows": 2962,
      "worst_condition_mae": 0.14057189362285066
    },
    {
      "condition_mean_mae": 0.04428979553750239,
      "condition_median_mae": 0.02429428600376929,
      "feature_group": "F6_coupled_stress",
      "heldout_fold": 2,
      "mae": 0.020463533813173722,
      "model_level": "L3_quantile_hist_gradient_boosting",
      "pinball_loss_q10": 0.01283566683765375,
      "pinball_loss_q50": 0.010231766906586861,
      "pinball_loss_q90": 0.0073141220839689595,
      "q10_q90_interval_coverage": 0.7309417040358744,
      "q10_q90_interval_width_mean": 0.15485932976315858,
      "rmse": 0.051521435380981195,
      "run_scope": "primary",
      "split_name": "condition_fold",
      "subset_name": "baseline_clean_tolerant",
      "target": "capacity_Ah_k1",
      "test_cells": 45,
      "test_parameter_sets": 15,
      "test_rows": 892,
      "train_parameter_sets": 61,
      "train_rows": 2935,
      "worst_condition_mae": 0.2506171042587894
    },
    {
      "condition_mean_mae": 0.08335043427264524,
      "condition_median_mae": 0.0623929458948864,
      "feature_group": "F6_coupled_stress",
      "heldout_fold": 3,
      "mae": 0.04020878218965794,
      "model_level": "L3_quantile_hist_gradient_boosting",
      "pinball_loss_q10": 0.016263193041815626,
      "pinball_loss_q50": 0.02010439109482897,
      "pinball_loss_q90": 0.012162481116949609,
      "q10_q90_interval_coverage": 0.8153241650294696,
      "q10_q90_interval_width_mean": 0.18316435986141757,
      "rmse": 0.1062808324684003,
      "run_scope": "primary",
      "split_name": "condition_fold",
      "subset_name": "baseline_clean_tolerant",
      "target": "capacity_Ah_k1",
      "test_cells": 45,
      "test_parameter_sets": 15,
      "test_rows": 509,
      "train_parameter_sets": 61,
      "train_rows": 3318,
      "worst_condition_mae": 0.2699648173595739
    },
    {
      "condition_mean_mae": 0.054900587712174355,
      "condition_median_mae": 0.034601529195042044,
      "feature_group": "F6_coupled_stress",
      "heldout_fold": 4,
      "mae": 0.02268726035774847,
      "model_level": "L3_quantile_hist_gradient_boosting",
      "pinball_loss_q10": 0.009058781000432937,
      "pinball_loss_q50": 0.011343630178874235,
      "pinball_loss_q90": 0.00869772139871873,
      "q10_q90_interval_coverage": 0.8298465829846583,
      "q10_q90_interval_width_mean": 0.14285238254196594,
      "rmse": 0.05667801111174359,
      "run_scope": "primary",
      "split_name": "condition_fold",
      "subset_name": "baseline_clean_tolerant",
      "target": "capacity_Ah_k1",
      "test_cells": 45,
      "test_parameter_sets": 15,
      "test_rows": 717,
      "train_parameter_sets": 61,
      "train_rows": 3110,
      "worst_condition_mae": 0.193819910478494
    },
    {
      "condition_mean_mae": 0.05414115405742153,
      "condition_median_mae": 0.03804605619245704,
      "feature_group": "F6_coupled_stress",
      "heldout_fold": 0,
      "mae": 0.028733253263671456,
      "model_level": "L3_quantile_hist_gradient_boosting",
      "pinball_loss_q10": 0.009966929232640184,
      "pinball_loss_q50": 0.014366626631835728,
      "pinball_loss_q90": 0.010619006849125997,
      "q10_q90_interval_coverage": 0.7790322580645161,
      "q10_q90_interval_width_mean": 0.14145149587719322,
      "rmse": 0.07186254728727387,
      "run_scope": "sensitivity_excluding_monotonicity",
      "split_name": "condition_fold",
      "subset_name": "baseline_clean_tolerant",
      "target": "capacity_Ah_k1",
      "test_cells": 48,
      "test_parameter_sets": 16,
      "test_rows": 620,
      "train_parameter_sets": 60,
      "train_rows": 2153,
      "worst_condition_mae": 0.16779840549555006
    },
    {
      "condition_mean_mae": 0.047678324134450646,
      "condition_median_mae": 0.025800033445334405,
      "feature_group": "F6_coupled_stress",
      "heldout_fold": 1,
      "mae": 0.02524346193556088,
      "model_level": "L3_quantile_hist_gradient_boosting",
      "pinball_loss_q10": 0.012457007073277716,
      "pinball_loss_q50": 0.01262173096778044,
      "pinball_loss_q90": 0.006746727459474739,
      "q10_q90_interval_coverage": 0.7203125,
      "q10_q90_interval_width_mean": 0.1253215000623698,
      "rmse": 0.07133851203208001,
      "run_scope": "sensitivity_excluding_monotonicity",
      "split_name": "condition_fold",
      "subset_name": "baseline_clean_tolerant",
      "target": "capacity_Ah_k1",
      "test_cells": 45,
      "test_parameter_sets": 15,
      "test_rows": 640,
      "train_parameter_sets": 61,
      "train_rows": 2133,
      "worst_condition_mae": 0.1968671472179886
    },
    {
      "condition_mean_mae": 0.04280200739902578,
      "condition_median_mae": 0.020804016190629673,
      "feature_group": "F6_coupled_stress",
      "heldout_fold": 2,
      "mae": 0.02072792175558884,
      "model_level": "L3_quantile_hist_gradient_boosting",
      "pinball_loss_q10": 0.013519227829758177,
      "pinball_loss_q50": 0.01036396087779442,
      "pinball_loss_q90": 0.007147606129745129,
      "q10_q90_interval_coverage": 0.7237048665620094,
      "q10_q90_interval_width_mean": 0.15917150219297257,
      "rmse": 0.05529395729464464,
      "run_scope": "sensitivity_excluding_monotonicity",
      "split_name": "condition_fold",
      "subset_name": "baseline_clean_tolerant",
      "target": "capacity_Ah_k1",
      "test_cells": 45,
      "test_parameter_sets": 15,
      "test_rows": 637,
      "train_parameter_sets": 61,
      "train_rows": 2136,
      "worst_condition_mae": 0.23630268221822331
    },
    {
      "condition_mean_mae": 0.0945409631819887,
      "condition_median_mae": 0.059940780784187186,
      "feature_group": "F6_coupled_stress",
      "heldout_fold": 3,
      "mae": 0.045420155715213725,
      "model_level": "L3_quantile_hist_gradient_boosting",
      "pinball_loss_q10": 0.018968529123397936,
      "pinball_loss_q50": 0.022710077857606863,
      "pinball_loss_q90": 0.014528020578575883,
      "q10_q90_interval_coverage": 0.6963350785340314,
      "q10_q90_interval_width_mean": 0.20933032577717564,
      "rmse": 0.1267505597416757,