{
  "feature_group": "F8_timestamp_weighted_stress",
  "fold_metrics": [
    {
      "condition_mean_mae": 0.10263658898856279,
      "condition_median_mae": 0.06935371691159867,
      "feature_group": "F8_timestamp_weighted_stress",
      "heldout_fold": 1,
      "mae": 0.05321017248697551,
      "model_level": "L3_quantile_hist_gradient_boosting",
      "pinball_loss_q10": 0.024408322868581207,
      "pinball_loss_q50": 0.026605086243487754,
      "pinball_loss_q90": 0.008970960064035532,
      "q10_q90_interval_coverage": 0.4929203539823009,
      "q10_q90_interval_width_mean": 0.11618497044864415,
      "rmse": 0.10194412502398044,
      "run_scope": "primary",
      "split_name": "voltage_window_holdout_fold",
      "subset_name": "baseline_clean_tolerant",
      "target": "delta_capacity_Ah",
      "test_cells": 84,
      "test_parameter_sets": 28,
      "test_rows": 1130,
      "train_parameter_sets": 48,
      "train_rows": 2697,
      "worst_condition_mae": 0.31313524155239936
    },
    {
      "condition_mean_mae": 0.11862083857811773,
      "condition_median_mae": 0.114068470356044,
      "feature_group": "F8_timestamp_weighted_stress",
      "heldout_fold": 2,
      "mae": 0.08753364647385878,
      "model_level": "L3_quantile_hist_gradient_boosting",
      "pinball_loss_q10": 0.020056279081800982,
      "pinball_loss_q50": 0.04376682323692939,
      "pinball_loss_q90": 0.006860598820044352,
      "q10_q90_interval_coverage": 0.7527352297592997,
      "q10_q90_interval_width_mean": 0.19847014777352256,
      "rmse": 0.1181639514467597,
      "run_scope": "primary",
      "split_name": "voltage_window_holdout_fold",
      "subset_name": "baseline_clean_tolerant",
      "target": "delta_capacity_Ah",
      "test_cells": 96,
      "test_parameter_sets": 32,
      "test_rows": 1371,
      "train_parameter_sets": 44,
      "train_rows": 2456,
      "worst_condition_mae": 0.2900840980221706
    },
    {
      "condition_mean_mae": 0.17048733554085657,
      "condition_median_mae": 0.1802837060486654,
      "feature_group": "F8_timestamp_weighted_stress",
      "heldout_fold": 3,
      "mae": 0.16980526979464622,
      "model_level": "L3_quantile_hist_gradient_boosting",
      "pinball_loss_q10": 0.03189626591659012,
      "pinball_loss_q50": 0.08490263489732311,
      "pinball_loss_q90": 0.012593038176320442,
      "q10_q90_interval_coverage": 0.1191553544494721,
      "q10_q90_interval_width_mean": 0.3064914471024684,
      "rmse": 0.1898603836053389,
      "run_scope": "primary",
      "split_name": "voltage_window_holdout_fold",
      "subset_name": "baseline_clean_tolerant",
      "target": "delta_capacity_Ah",
      "test_cells": 48,
      "test_parameter_sets": 16,
      "test_rows": 1326,
      "train_parameter_sets": 60,
      "train_rows": 2501,
      "worst_condition_mae": 0.26008943490740866
    },
    {
      "condition_mean_mae": 0.11397694491142618,
      "condition_median_mae": 0.06971091734618318,
      "feature_group": "F8_timestamp_weighted_stress",
      "heldout_fold": 1,
      "mae": 0.05674865451426452,
      "model_level": "L3_quantile_hist_gradient_boosting",
      "pinball_loss_q10": 0.023989517852317115,
      "pinball_loss_q50": 0.02837432725713226,
      "pinball_loss_q90": 0.008727549540383217,
      "q10_q90_interval_coverage": 0.49210206561360875,
      "q10_q90_interval_width_mean": 0.11830862670577096,
      "rmse": 0.10969281214286881,
      "run_scope": "sensitivity_excluding_monotonicity",
      "split_name": "voltage_window_holdout_fold",
      "subset_name": "baseline_clean_tolerant",
      "target": "delta_capacity_Ah",
      "test_cells": 84,
      "test_parameter_sets": 28,
      "test_rows": 823,
      "train_parameter_sets": 48,
      "train_rows": 1950,
      "worst_condition_mae": 0.3251781013983687
    },
    {
      "condition_mean_mae": 0.10650551281106266,
      "condition_median_mae": 0.09920990407774456,
      "feature_group": "F8_timestamp_weighted_stress",
      "heldout_fold": 2,
      "mae": 0.06763202995402696,
      "model_level": "L3_quantile_hist_gradient_boosting",
      "pinball_loss_q10": 0.020167079645250566,
      "pinball_loss_q50": 0.03381601497701348,
      "pinball_loss_q90": 0.0065333114161766626,
      "q10_q90_interval_coverage": 0.7707547169811321,
      "q10_q90_interval_width_mean": 0.20195520289518396,
      "rmse": 0.10862157480099748,
      "run_scope": "sensitivity_excluding_monotonicity",
      "split_name": "voltage_window_holdout_fold",
      "subset_name": "baseline_clean_tolerant",
      "target": "delta_capacity_Ah",
      "test_cells": 95,
      "test_parameter_sets": 32,
      "test_rows": 1060,
      "train_parameter_sets": 44,
      "train_rows": 1713,
      "worst_condition_mae": 0.3064000361943939
    },
    {
      "condition_mean_mae": 0.20995892455706697,
      "condition_median_mae": 0.21135180981668983,
      "feature_group": "F8_timestamp_weighted_stress",
      "heldout_fold": 3,
      "mae": 0.20136496806127432,
      "model_level": "L3_quantile_hist_gradient_boosting",
      "pinball_loss_q10": 0.032312907877641524,
      "pinball_loss_q50": 0.10068248403063716,
      "pinball_loss_q90": 0.013593557310311848,
      "q10_q90_interval_coverage": 0.19101123595505617,
      "q10_q90_interval_width_mean": 0.31178545594278406,
      "rmse": 0.22729019401468797,
      "run_scope": "sensitivity_excluding_monotonicity",
      "split_name": "voltage_window_holdout_fold",
      "subset_name": "baseline_clean_tolerant",
      "target": "delta_capacity_Ah",
      "test_cells": 48,
      "test_parameter_sets": 16,
      "test_rows": 890,
      "train_parameter_sets": 60,
      "train_rows": 1883,
      "worst_condition_mae": 0.32962661288807893
    }
  ],
  "model_level": "L3_quantile_hist_gradient_boosting",
  "primary_summary": {
    "condition_mean_mae": 0.13058158770251235,
    "condition_median_mae": 0.1212352977721027,
    "fold_count": 3,
    "mean_mae": 0.10351636291849349,
    "mean_rmse": 0.13665615335869302,
    "worst_condition_mae": 0.31313524155239936
  },
  "row_counts": {
    "baseline_clean_strict_rows": 2773,
    "baseline_clean_tolerant_rows": 3827,
    "full_interval_rows": 3827,
    "selected_cells": 228,
    "selected_parameter_sets": 76,
    "selected_subset_rows": 3827,
    "sensitivity_excluding_monotonicity_rows": 2773,
    "sensitivity_flagged_monotonicity_rows": 1054
  },
  "schema_version": "gate5.capacity_baseline.v1",
  "sensitivity_excluding_monotonicity_summary": {
    "condition_mean_mae": 0.14348046075985194,
    "condition_median_mae": 0.1267575437468725,
    "fold_count": 3,
    "mean_mae": 0.10858188417652194,
    "mean_rmse": 0.1485348603195181,
    "worst_condition_mae": 0.32962661288807893
  },
  "split_name": "voltage_window_holdout_fold",
  "target": "delta_capacity_Ah"
}
