{
  "feature_group": "F8_timestamp_weighted_stress",
  "fold_metrics": [
    {
      "condition_mean_mae": 0.08483178642100388,
      "condition_median_mae": 0.04557740761305045,
      "feature_group": "F8_timestamp_weighted_stress",
      "heldout_fold": 1,
      "mae": 0.03239968522343127,
      "model_level": "L3_quantile_hist_gradient_boosting",
      "pinball_loss_q10": 0.017435945853051898,
      "pinball_loss_q50": 0.016199842611715635,
      "pinball_loss_q90": 0.012859606733586966,
      "q10_q90_interval_coverage": 0.6846361185983828,
      "q10_q90_interval_width_mean": 0.19214462226511442,
      "rmse": 0.08867469109440211,
      "run_scope": "primary",
      "split_name": "temperature_holdout_fold",
      "subset_name": "baseline_clean_tolerant",
      "target": "capacity_Ah_k1",
      "test_cells": 57,
      "test_parameter_sets": 19,
      "test_rows": 742,
      "train_parameter_sets": 57,
      "train_rows": 3085,
      "worst_condition_mae": 0.2701022891861535
    },
    {
      "condition_mean_mae": 0.06526061116889258,
      "condition_median_mae": 0.0575785140102954,
      "feature_group": "F8_timestamp_weighted_stress",
      "heldout_fold": 2,
      "mae": 0.0504591646680227,
      "model_level": "L3_quantile_hist_gradient_boosting",
      "pinball_loss_q10": 0.016095927668865095,
      "pinball_loss_q50": 0.02522958233401135,
      "pinball_loss_q90": 0.012357108769145574,
      "q10_q90_interval_coverage": 0.6113207547169811,
      "q10_q90_interval_width_mean": 0.1375764196271174,
      "rmse": 0.12199281691504096,
      "run_scope": "primary",
      "split_name": "temperature_holdout_fold",
      "subset_name": "baseline_clean_tolerant",
      "target": "capacity_Ah_k1",
      "test_cells": 57,
      "test_parameter_sets": 19,
      "test_rows": 1060,
      "train_parameter_sets": 57,
      "train_rows": 2767,
      "worst_condition_mae": 0.15597632918043555
    },
    {
      "condition_mean_mae": 0.09478577182744048,
      "condition_median_mae": 0.07684459447352977,
      "feature_group": "F8_timestamp_weighted_stress",
      "heldout_fold": 1,
      "mae": 0.03945307765822225,
      "model_level": "L3_quantile_hist_gradient_boosting",
      "pinball_loss_q10": 0.019045974138003813,
      "pinball_loss_q50": 0.019726538829111125,
      "pinball_loss_q90": 0.01304072405195575,
      "q10_q90_interval_coverage": 0.7154811715481172,
      "q10_q90_interval_width_mean": 0.17035504569314117,
      "rmse": 0.10791326756439411,
      "run_scope": "sensitivity_excluding_monotonicity",
      "split_name": "temperature_holdout_fold",
      "subset_name": "baseline_clean_tolerant",
      "target": "capacity_Ah_k1",
      "test_cells": 56,
      "test_parameter_sets": 19,
      "test_rows": 478,
      "train_parameter_sets": 57,
      "train_rows": 2295,
      "worst_condition_mae": 0.3050418625516113
    },
    {
      "condition_mean_mae": 0.08229424756642734,
      "condition_median_mae": 0.0681951315558866,
      "feature_group": "F8_timestamp_weighted_stress",
      "heldout_fold": 2,
      "mae": 0.06494422723357243,
      "model_level": "L3_quantile_hist_gradient_boosting",
      "pinball_loss_q10": 0.01779572396658165,
      "pinball_loss_q50": 0.032472113616786216,
      "pinball_loss_q90": 0.010841178024974332,
      "q10_q90_interval_coverage": 0.6556122448979592,
      "q10_q90_interval_width_mean": 0.13259491494640194,
      "rmse": 0.1653102719775257,
      "run_scope": "sensitivity_excluding_monotonicity",
      "split_name": "temperature_holdout_fold",
      "subset_name": "baseline_clean_tolerant",
      "target": "capacity_Ah_k1",
      "test_cells": 57,
      "test_parameter_sets": 19,
      "test_rows": 784,
      "train_parameter_sets": 57,
      "train_rows": 1989,
      "worst_condition_mae": 0.2280527043192997
    }
  ],
  "model_level": "L3_quantile_hist_gradient_boosting",
  "primary_summary": {
    "condition_mean_mae": 0.07504619879494823,
    "condition_median_mae": 0.05157796081167293,
    "fold_count": 2,
    "mean_mae": 0.04142942494572699,
    "mean_rmse": 0.10533375400472153,
    "worst_condition_mae": 0.2701022891861535
  },
  "row_counts": {
    "baseline_clean_strict_rows": 2773,
    "baseline_clean_tolerant_rows": 3827,
    "full_interval_rows": 3827,
    "selected_cells": 228,
    "selected_parameter_sets": 76,
    "selected_subset_rows": 3827,
    "sensitivity_excluding_monotonicity_rows": 2773,
    "sensitivity_flagged_monotonicity_rows": 1054
  },
  "schema_version": "gate5.capacity_baseline.v1",
  "sensitivity_excluding_monotonicity_summary": {
    "condition_mean_mae": 0.0885400096969339,
    "condition_median_mae": 0.0725198630147082,
    "fold_count": 2,
    "mean_mae": 0.052198652445897345,
    "mean_rmse": 0.1366117697709599,
    "worst_condition_mae": 0.3050418625516113
  },
  "split_name": "temperature_holdout_fold",
  "target": "capacity_Ah_k1"
}
