{
  "feature_group": "F10_c_rate_v1_1",
  "fold_metrics": [
    {
      "condition_mean_mae": 0.10014022490491459,
      "condition_median_mae": 0.07822172375324467,
      "feature_group": "F10_c_rate_v1_1",
      "heldout_fold": 1,
      "mae": 0.03767944764430408,
      "model_level": "L3_quantile_hist_gradient_boosting",
      "pinball_loss_q10": 0.017744093033614045,
      "pinball_loss_q50": 0.01883972382215204,
      "pinball_loss_q90": 0.011902540455706209,
      "q10_q90_interval_coverage": 0.738544474393531,
      "q10_q90_interval_width_mean": 0.16680568609121904,
      "rmse": 0.11337848008958026,
      "run_scope": "primary",
      "split_name": "temperature_holdout_fold",
      "subset_name": "baseline_clean_tolerant",
      "target": "capacity_Ah_k1",
      "test_cells": 57,
      "test_parameter_sets": 19,
      "test_rows": 742,
      "train_parameter_sets": 57,
      "train_rows": 3085,
      "worst_condition_mae": 0.3416182965206529
    },
    {
      "condition_mean_mae": 0.05821279529397588,
      "condition_median_mae": 0.044669457956201405,
      "feature_group": "F10_c_rate_v1_1",
      "heldout_fold": 2,
      "mae": 0.035234460049833945,
      "model_level": "L3_quantile_hist_gradient_boosting",
      "pinball_loss_q10": 0.018400132555735714,
      "pinball_loss_q50": 0.017617230024916972,
      "pinball_loss_q90": 0.010914998147495376,
      "q10_q90_interval_coverage": 0.8245283018867925,
      "q10_q90_interval_width_mean": 0.16213062501392042,
      "rmse": 0.1026257527706974,
      "run_scope": "primary",
      "split_name": "temperature_holdout_fold",
      "subset_name": "baseline_clean_tolerant",
      "target": "capacity_Ah_k1",
      "test_cells": 57,
      "test_parameter_sets": 19,
      "test_rows": 1060,
      "train_parameter_sets": 57,
      "train_rows": 2767,
      "worst_condition_mae": 0.1833873239170112
    },
    {
      "condition_mean_mae": 0.10747252864293125,
      "condition_median_mae": 0.09092607196455256,
      "feature_group": "F10_c_rate_v1_1",
      "heldout_fold": 1,
      "mae": 0.043321379434960804,
      "model_level": "L3_quantile_hist_gradient_boosting",
      "pinball_loss_q10": 0.02048045542061255,
      "pinball_loss_q50": 0.021660689717480402,
      "pinball_loss_q90": 0.011399813759452449,
      "q10_q90_interval_coverage": 0.6903765690376569,
      "q10_q90_interval_width_mean": 0.14307803972118852,
      "rmse": 0.11944226353676705,
      "run_scope": "sensitivity_excluding_monotonicity",
      "split_name": "temperature_holdout_fold",
      "subset_name": "baseline_clean_tolerant",
      "target": "capacity_Ah_k1",
      "test_cells": 56,
      "test_parameter_sets": 19,
      "test_rows": 478,
      "train_parameter_sets": 57,
      "train_rows": 2295,
      "worst_condition_mae": 0.3755148276930354
    },
    {
      "condition_mean_mae": 0.06910495156388881,
      "condition_median_mae": 0.05192981971191687,
      "feature_group": "F10_c_rate_v1_1",
      "heldout_fold": 2,
      "mae": 0.03792103007254704,
      "model_level": "L3_quantile_hist_gradient_boosting",
      "pinball_loss_q10": 0.019649973195070426,
      "pinball_loss_q50": 0.01896051503627352,
      "pinball_loss_q90": 0.00960459551583708,
      "q10_q90_interval_coverage": 0.8316326530612245,
      "q10_q90_interval_width_mean": 0.1394477470390501,
      "rmse": 0.1144716570020538,
      "run_scope": "sensitivity_excluding_monotonicity",
      "split_name": "temperature_holdout_fold",
      "subset_name": "baseline_clean_tolerant",
      "target": "capacity_Ah_k1",
      "test_cells": 57,
      "test_parameter_sets": 19,
      "test_rows": 784,
      "train_parameter_sets": 57,
      "train_rows": 1989,
      "worst_condition_mae": 0.22981236667957558
    }
  ],
  "model_level": "L3_quantile_hist_gradient_boosting",
  "primary_summary": {
    "condition_mean_mae": 0.07917651009944524,
    "condition_median_mae": 0.06144559085472304,
    "fold_count": 2,
    "mean_mae": 0.03645695384706901,
    "mean_rmse": 0.10800211643013882,
    "worst_condition_mae": 0.3416182965206529
  },
  "row_counts": {
    "baseline_clean_strict_rows": 2773,
    "baseline_clean_tolerant_rows": 3827,
    "full_interval_rows": 3827,
    "selected_cells": 228,
    "selected_parameter_sets": 76,
    "selected_subset_rows": 3827,
    "sensitivity_excluding_monotonicity_rows": 2773,
    "sensitivity_flagged_monotonicity_rows": 1054
  },
  "schema_version": "gate5.capacity_baseline.v1",
  "sensitivity_excluding_monotonicity_summary": {
    "condition_mean_mae": 0.08828874010341003,
    "condition_median_mae": 0.07142794583823471,
    "fold_count": 2,
    "mean_mae": 0.04062120475375392,
    "mean_rmse": 0.11695696026941044,
    "worst_condition_mae": 0.3755148276930354
  },
  "split_name": "temperature_holdout_fold",
  "target": "capacity_Ah_k1"
}
