{
  "feature_group": "F8_timestamp_weighted_stress",
  "fold_metrics": [
    {
      "condition_mean_mae": 0.043888687910219236,
      "condition_median_mae": 0.030602061625370915,
      "feature_group": "F8_timestamp_weighted_stress",
      "heldout_fold": 0,
      "mae": 0.027062384774075805,
      "model_level": "L3_quantile_hist_gradient_boosting",
      "pinball_loss_q10": 0.01024172931707417,
      "pinball_loss_q50": 0.013531192387037903,
      "pinball_loss_q90": 0.014924321906869152,
      "q10_q90_interval_coverage": 0.840047393364929,
      "q10_q90_interval_width_mean": 0.20096733547474865,
      "rmse": 0.0684341179179862,
      "run_scope": "primary",
      "split_name": "condition_fold",
      "subset_name": "baseline_clean_tolerant",
      "target": "capacity_Ah_k1",
      "test_cells": 48,
      "test_parameter_sets": 16,
      "test_rows": 844,
      "train_parameter_sets": 60,
      "train_rows": 2983,
      "worst_condition_mae": 0.11926366524310926
    },
    {
      "condition_mean_mae": 0.04877971805181564,
      "condition_median_mae": 0.0317705866726948,
      "feature_group": "F8_timestamp_weighted_stress",
      "heldout_fold": 1,
      "mae": 0.026553276507651435,
      "model_level": "L3_quantile_hist_gradient_boosting",
      "pinball_loss_q10": 0.012679856010710198,
      "pinball_loss_q50": 0.013276638253825718,
      "pinball_loss_q90": 0.007756278858767568,
      "q10_q90_interval_coverage": 0.7468208092485549,
      "q10_q90_interval_width_mean": 0.14344912630444145,
      "rmse": 0.07550143297923323,
      "run_scope": "primary",
      "split_name": "condition_fold",
      "subset_name": "baseline_clean_tolerant",
      "target": "capacity_Ah_k1",
      "test_cells": 45,
      "test_parameter_sets": 15,
      "test_rows": 865,
      "train_parameter_sets": 61,
      "train_rows": 2962,
      "worst_condition_mae": 0.1876458841438097
    },
    {
      "condition_mean_mae": 0.04146164907375793,
      "condition_median_mae": 0.022644004910049625,
      "feature_group": "F8_timestamp_weighted_stress",
      "heldout_fold": 2,
      "mae": 0.02206988350218318,
      "model_level": "L3_quantile_hist_gradient_boosting",
      "pinball_loss_q10": 0.012122873943871884,
      "pinball_loss_q50": 0.01103494175109159,
      "pinball_loss_q90": 0.007383626763395344,
      "q10_q90_interval_coverage": 0.7242152466367713,
      "q10_q90_interval_width_mean": 0.14891752037964393,
      "rmse": 0.0492856714805902,
      "run_scope": "primary",
      "split_name": "condition_fold",
      "subset_name": "baseline_clean_tolerant",
      "target": "capacity_Ah_k1",
      "test_cells": 45,
      "test_parameter_sets": 15,
      "test_rows": 892,
      "train_parameter_sets": 61,
      "train_rows": 2935,
      "worst_condition_mae": 0.20764544739720361
    },
    {
      "condition_mean_mae": 0.08829961438997265,
      "condition_median_mae": 0.0651682992157018,
      "feature_group": "F8_timestamp_weighted_stress",
      "heldout_fold": 3,
      "mae": 0.042118295301320566,
      "model_level": "L3_quantile_hist_gradient_boosting",
      "pinball_loss_q10": 0.016889593617310954,
      "pinball_loss_q50": 0.021059147650660283,
      "pinball_loss_q90": 0.012259457070964241,
      "q10_q90_interval_coverage": 0.8015717092337917,
      "q10_q90_interval_width_mean": 0.18647419008733127,
      "rmse": 0.11354631606826256,
      "run_scope": "primary",
      "split_name": "condition_fold",
      "subset_name": "baseline_clean_tolerant",
      "target": "capacity_Ah_k1",
      "test_cells": 45,
      "test_parameter_sets": 15,
      "test_rows": 509,
      "train_parameter_sets": 61,
      "train_rows": 3318,
      "worst_condition_mae": 0.3082535526067082
    },
    {
      "condition_mean_mae": 0.05809579790931405,
      "condition_median_mae": 0.03374114951505122,
      "feature_group": "F8_timestamp_weighted_stress",
      "heldout_fold": 4,
      "mae": 0.023139990423328816,
      "model_level": "L3_quantile_hist_gradient_boosting",
      "pinball_loss_q10": 0.010087537344389432,
      "pinball_loss_q50": 0.011569995211664408,
      "pinball_loss_q90": 0.009297087479928676,
      "q10_q90_interval_coverage": 0.8354253835425384,
      "q10_q90_interval_width_mean": 0.15475759555261406,
      "rmse": 0.05816089576946164,
      "run_scope": "primary",
      "split_name": "condition_fold",
      "subset_name": "baseline_clean_tolerant",
      "target": "capacity_Ah_k1",
      "test_cells": 45,
      "test_parameter_sets": 15,
      "test_rows": 717,
      "train_parameter_sets": 61,
      "train_rows": 3110,
      "worst_condition_mae": 0.21442482420808331
    },
    {
      "condition_mean_mae": 0.05755593381799664,
      "condition_median_mae": 0.040419930336926875,
      "feature_group": "F8_timestamp_weighted_stress",
      "heldout_fold": 0,
      "mae": 0.029475450655351797,
      "model_level": "L3_quantile_hist_gradient_boosting",
      "pinball_loss_q10": 0.009488987510211077,
      "pinball_loss_q50": 0.014737725327675899,
      "pinball_loss_q90": 0.011513616572365847,
      "q10_q90_interval_coverage": 0.7725806451612903,
      "q10_q90_interval_width_mean": 0.1491475523899631,
      "rmse": 0.07699600171615402,
      "run_scope": "sensitivity_excluding_monotonicity",
      "split_name": "condition_fold",
      "subset_name": "baseline_clean_tolerant",
      "target": "capacity_Ah_k1",
      "test_cells": 48,
      "test_parameter_sets": 16,
      "test_rows": 620,
      "train_parameter_sets": 60,
      "train_rows": 2153,
      "worst_condition_mae": 0.2092880931608101
    },
    {
      "condition_mean_mae": 0.050907034064404263,
      "condition_median_mae": 0.025721578605815587,
      "feature_group": "F8_timestamp_weighted_stress",
      "heldout_fold": 1,
      "mae": 0.02542314520736754,
      "model_level": "L3_quantile_hist_gradient_boosting",
      "pinball_loss_q10": 0.012510842594082305,
      "pinball_loss_q50": 0.01271157260368377,
      "pinball_loss_q90": 0.006028052005358371,
      "q10_q90_interval_coverage": 0.7890625,
      "q10_q90_interval_width_mean": 0.12580319484977773,
      "rmse": 0.07342000883460814,
      "run_scope": "sensitivity_excluding_monotonicity",
      "split_name": "condition_fold",
      "subset_name": "baseline_clean_tolerant",
      "target": "capacity_Ah_k1",
      "test_cells": 45,
      "test_parameter_sets": 15,
      "test_rows": 640,
      "train_parameter_sets": 61,
      "train_rows": 2133,
      "worst_condition_mae": 0.2598710571022138
    },
    {
      "condition_mean_mae": 0.043857423620537996,
      "condition_median_mae": 0.0225446987096185,
      "feature_group": "F8_timestamp_weighted_stress",
      "heldout_fold": 2,
      "mae": 0.022207034381180484,
      "model_level": "L3_quantile_hist_gradient_boosting",
      "pinball_loss_q10": 0.013074839547788758,
      "pinball_loss_q50": 0.011103517190590242,
      "pinball_loss_q90": 0.0065121103119047275,
      "q10_q90_interval_coverage": 0.7221350078492935,
      "q10_q90_interval_width_mean": 0.14261665023566125,
      "rmse": 0.056596360738907975,
      "run_scope": "sensitivity_excluding_monotonicity",
      "split_name": "condition_fold",
      "subset_name": "baseline_clean_tolerant",
      "target": "capacity_Ah_k1",
      "test_cells": 45,
      "test_parameter_sets": 15,
      "test_rows": 637,
      "train_parameter_sets": 61,
      "train_rows": 2136,
      "worst_condition_mae": 0.22996378775720389
    },
    {
      "condition_mean_mae": 0.09556490082414912,
      "condition_median_mae": 0.06538812971087384,
      "feature_group": "F8_timestamp_weighted_stress",
      "heldout_fold": 3,
      "mae": 0.04540913814281012,
      "model_level": "L3_quantile_hist_gradient_boosting",
      "pinball_loss_q10": 0.01807797126463614,
      "pinball_loss_q50": 0.02270456907140506,
      "pinball_loss_q90": 0.013888595879970685,
      "q10_q90_interval_coverage": 0.7225130890052356,