{
  "feature_group": "F9_event_segmented_stress",
  "fold_metrics": [
    {
      "condition_mean_mae": 0.05015455877556524,
      "condition_median_mae": 0.031823678513917,
      "feature_group": "F9_event_segmented_stress",
      "heldout_fold": 0,
      "mae": 0.02854219611695345,
      "model_level": "L3_quantile_hist_gradient_boosting",
      "pinball_loss_q10": 0.010167420069419819,
      "pinball_loss_q50": 0.014271098058476725,
      "pinball_loss_q90": 0.01575340384807393,
      "q10_q90_interval_coverage": 0.8080568720379147,
      "q10_q90_interval_width_mean": 0.20171922402623682,
      "rmse": 0.07168696291054823,
      "run_scope": "primary",
      "split_name": "condition_fold",
      "subset_name": "baseline_clean_tolerant",
      "target": "capacity_Ah_k1",
      "test_cells": 48,
      "test_parameter_sets": 16,
      "test_rows": 844,
      "train_parameter_sets": 60,
      "train_rows": 2983,
      "worst_condition_mae": 0.15851358139334915
    },
    {
      "condition_mean_mae": 0.04824971980517194,
      "condition_median_mae": 0.028285572903269142,
      "feature_group": "F9_event_segmented_stress",
      "heldout_fold": 1,
      "mae": 0.025161550390387536,
      "model_level": "L3_quantile_hist_gradient_boosting",
      "pinball_loss_q10": 0.012712214620370896,
      "pinball_loss_q50": 0.012580775195193768,
      "pinball_loss_q90": 0.008343150954674318,
      "q10_q90_interval_coverage": 0.7283236994219653,
      "q10_q90_interval_width_mean": 0.15465311668287648,
      "rmse": 0.07373432468664394,
      "run_scope": "primary",
      "split_name": "condition_fold",
      "subset_name": "baseline_clean_tolerant",
      "target": "capacity_Ah_k1",
      "test_cells": 45,
      "test_parameter_sets": 15,
      "test_rows": 865,
      "train_parameter_sets": 61,
      "train_rows": 2962,
      "worst_condition_mae": 0.18364536649792398
    },
    {
      "condition_mean_mae": 0.03973038930274922,
      "condition_median_mae": 0.01821246280236185,
      "feature_group": "F9_event_segmented_stress",
      "heldout_fold": 2,
      "mae": 0.018637502591727556,
      "model_level": "L3_quantile_hist_gradient_boosting",
      "pinball_loss_q10": 0.012790823431226237,
      "pinball_loss_q50": 0.009318751295863778,
      "pinball_loss_q90": 0.00679967039881489,
      "q10_q90_interval_coverage": 0.7410313901345291,
      "q10_q90_interval_width_mean": 0.15288992176768784,
      "rmse": 0.048693882364005445,
      "run_scope": "primary",
      "split_name": "condition_fold",
      "subset_name": "baseline_clean_tolerant",
      "target": "capacity_Ah_k1",
      "test_cells": 45,
      "test_parameter_sets": 15,
      "test_rows": 892,
      "train_parameter_sets": 61,
      "train_rows": 2935,
      "worst_condition_mae": 0.23788849689183647
    },
    {
      "condition_mean_mae": 0.09709765120462079,
      "condition_median_mae": 0.07104810259775829,
      "feature_group": "F9_event_segmented_stress",
      "heldout_fold": 3,
      "mae": 0.044912482813645016,
      "model_level": "L3_quantile_hist_gradient_boosting",
      "pinball_loss_q10": 0.0172056142670959,
      "pinball_loss_q50": 0.022456241406822508,
      "pinball_loss_q90": 0.012008678137498794,
      "q10_q90_interval_coverage": 0.7996070726915521,
      "q10_q90_interval_width_mean": 0.17884320020356587,
      "rmse": 0.11745867983625118,
      "run_scope": "primary",
      "split_name": "condition_fold",
      "subset_name": "baseline_clean_tolerant",
      "target": "capacity_Ah_k1",
      "test_cells": 45,
      "test_parameter_sets": 15,
      "test_rows": 509,
      "train_parameter_sets": 61,
      "train_rows": 3318,
      "worst_condition_mae": 0.33051580131148844
    },
    {
      "condition_mean_mae": 0.07666145466068502,
      "condition_median_mae": 0.04972097455102145,
      "feature_group": "F9_event_segmented_stress",
      "heldout_fold": 4,
      "mae": 0.0395821569249941,
      "model_level": "L3_quantile_hist_gradient_boosting",
      "pinball_loss_q10": 0.01678420869845007,
      "pinball_loss_q50": 0.01979107846249705,
      "pinball_loss_q90": 0.008734174947171994,
      "q10_q90_interval_coverage": 0.797768479776848,
      "q10_q90_interval_width_mean": 0.1850308441879839,
      "rmse": 0.08182644586739073,
      "run_scope": "primary",
      "split_name": "condition_fold",
      "subset_name": "baseline_clean_tolerant",
      "target": "capacity_Ah_k1",
      "test_cells": 45,
      "test_parameter_sets": 15,
      "test_rows": 717,
      "train_parameter_sets": 61,
      "train_rows": 3110,
      "worst_condition_mae": 0.24381343211376946
    },
    {
      "condition_mean_mae": 0.055177574847809004,
      "condition_median_mae": 0.03566883772303475,
      "feature_group": "F9_event_segmented_stress",
      "heldout_fold": 0,
      "mae": 0.02863277262578146,
      "model_level": "L3_quantile_hist_gradient_boosting",
      "pinball_loss_q10": 0.01094218795418839,
      "pinball_loss_q50": 0.01431638631289073,
      "pinball_loss_q90": 0.011315505457566068,
      "q10_q90_interval_coverage": 0.7709677419354839,
      "q10_q90_interval_width_mean": 0.14874744801801335,
      "rmse": 0.07420117550433702,
      "run_scope": "sensitivity_excluding_monotonicity",
      "split_name": "condition_fold",
      "subset_name": "baseline_clean_tolerant",
      "target": "capacity_Ah_k1",
      "test_cells": 48,
      "test_parameter_sets": 16,
      "test_rows": 620,
      "train_parameter_sets": 60,
      "train_rows": 2153,
      "worst_condition_mae": 0.20679837635532086
    },
    {
      "condition_mean_mae": 0.04957525260196486,
      "condition_median_mae": 0.023935562803685466,
      "feature_group": "F9_event_segmented_stress",
      "heldout_fold": 1,
      "mae": 0.025232041541883986,
      "model_level": "L3_quantile_hist_gradient_boosting",
      "pinball_loss_q10": 0.012827457387379667,
      "pinball_loss_q50": 0.012616020770941993,
      "pinball_loss_q90": 0.0065561847244815456,
      "q10_q90_interval_coverage": 0.7296875,
      "q10_q90_interval_width_mean": 0.1328304595521465,
      "rmse": 0.07523074765718003,
      "run_scope": "sensitivity_excluding_monotonicity",
      "split_name": "condition_fold",
      "subset_name": "baseline_clean_tolerant",
      "target": "capacity_Ah_k1",
      "test_cells": 45,
      "test_parameter_sets": 15,
      "test_rows": 640,
      "train_parameter_sets": 61,
      "train_rows": 2133,
      "worst_condition_mae": 0.18909148953210508
    },
    {
      "condition_mean_mae": 0.046554644805433316,
      "condition_median_mae": 0.01809646734227823,
      "feature_group": "F9_event_segmented_stress",
      "heldout_fold": 2,
      "mae": 0.02191459751429733,
      "model_level": "L3_quantile_hist_gradient_boosting",
      "pinball_loss_q10": 0.01224877816072289,
      "pinball_loss_q50": 0.010957298757148666,
      "pinball_loss_q90": 0.0064095882114181026,
      "q10_q90_interval_coverage": 0.7425431711145997,
      "q10_q90_interval_width_mean": 0.13904922167299658,
      "rmse": 0.057111239293887194,
      "run_scope": "sensitivity_excluding_monotonicity",
      "split_name": "condition_fold",
      "subset_name": "baseline_clean_tolerant",
      "target": "capacity_Ah_k1",
      "test_cells": 45,
      "test_parameter_sets": 15,
      "test_rows": 637,
      "train_parameter_sets": 61,
      "train_rows": 2136,
      "worst_condition_mae": 0.2683904957182352
    },
    {
      "condition_mean_mae": 0.09825344500381411,
      "condition_median_mae": 0.06499550548335306,
      "feature_group": "F9_event_segmented_stress",
      "heldout_fold": 3,
      "mae": 0.04629545727479462,
      "model_level": "L3_quantile_hist_gradient_boosting",
      "pinball_loss_q10": 0.02160147719487544,
      "pinball_loss_q50": 0.02314772863739731,
      "pinball_loss_q90": 0.01358941005781908,
      "q10_q90_interval_coverage": 0.8010471204188482,
      "q10_q90_interval_width_mean": 0.21978305040768112,