{
  "feature_group": "F5_log_age_histograms",
  "fold_metrics": [
    {
      "condition_mean_mae": 0.09555221055973355,
      "condition_median_mae": 0.06030876837856511,
      "feature_group": "F5_log_age_histograms",
      "heldout_fold": 1,
      "mae": 0.03554174511245105,
      "model_level": "L3_quantile_hist_gradient_boosting",
      "pinball_loss_q10": 0.01604106549654369,
      "pinball_loss_q50": 0.017770872556225524,
      "pinball_loss_q90": 0.012019734372841245,
      "q10_q90_interval_coverage": 0.7196765498652291,
      "q10_q90_interval_width_mean": 0.1772976752718853,
      "rmse": 0.09593155392321202,
      "run_scope": "primary",
      "split_name": "temperature_holdout_fold",
      "subset_name": "baseline_clean_tolerant",
      "target": "capacity_Ah_k1",
      "test_cells": 57,
      "test_parameter_sets": 19,
      "test_rows": 742,
      "train_parameter_sets": 57,
      "train_rows": 3085,
      "worst_condition_mae": 0.26930039456550187
    },
    {
      "condition_mean_mae": 0.0654182142133718,
      "condition_median_mae": 0.051693625218866106,
      "feature_group": "F5_log_age_histograms",
      "heldout_fold": 2,
      "mae": 0.05011165821824446,
      "model_level": "L3_quantile_hist_gradient_boosting",
      "pinball_loss_q10": 0.01609105626548127,
      "pinball_loss_q50": 0.02505582910912223,
      "pinball_loss_q90": 0.013094665407848137,
      "q10_q90_interval_coverage": 0.6084905660377359,
      "q10_q90_interval_width_mean": 0.12582402678231316,
      "rmse": 0.12213090635819097,
      "run_scope": "primary",
      "split_name": "temperature_holdout_fold",
      "subset_name": "baseline_clean_tolerant",
      "target": "capacity_Ah_k1",
      "test_cells": 57,
      "test_parameter_sets": 19,
      "test_rows": 1060,
      "train_parameter_sets": 57,
      "train_rows": 2767,
      "worst_condition_mae": 0.16294142082822985
    },
    {
      "condition_mean_mae": 0.09802597649455486,
      "condition_median_mae": 0.060462826294281694,
      "feature_group": "F5_log_age_histograms",
      "heldout_fold": 1,
      "mae": 0.03912923140895211,
      "model_level": "L3_quantile_hist_gradient_boosting",
      "pinball_loss_q10": 0.020339331760072375,
      "pinball_loss_q50": 0.019564615704476054,
      "pinball_loss_q90": 0.012794353367703742,
      "q10_q90_interval_coverage": 0.7175732217573222,
      "q10_q90_interval_width_mean": 0.17858886923050346,
      "rmse": 0.1085980516727067,
      "run_scope": "sensitivity_excluding_monotonicity",
      "split_name": "temperature_holdout_fold",
      "subset_name": "baseline_clean_tolerant",
      "target": "capacity_Ah_k1",
      "test_cells": 56,
      "test_parameter_sets": 19,
      "test_rows": 478,
      "train_parameter_sets": 57,
      "train_rows": 2295,
      "worst_condition_mae": 0.28445945493653063
    },
    {
      "condition_mean_mae": 0.08155741480553946,
      "condition_median_mae": 0.06907754998139719,
      "feature_group": "F5_log_age_histograms",
      "heldout_fold": 2,
      "mae": 0.06403172429872724,
      "model_level": "L3_quantile_hist_gradient_boosting",
      "pinball_loss_q10": 0.018486393024385317,
      "pinball_loss_q50": 0.03201586214936362,
      "pinball_loss_q90": 0.011132029252433031,
      "q10_q90_interval_coverage": 0.6237244897959183,
      "q10_q90_interval_width_mean": 0.13605042132535064,
      "rmse": 0.1645960508707074,
      "run_scope": "sensitivity_excluding_monotonicity",
      "split_name": "temperature_holdout_fold",
      "subset_name": "baseline_clean_tolerant",
      "target": "capacity_Ah_k1",
      "test_cells": 57,
      "test_parameter_sets": 19,
      "test_rows": 784,
      "train_parameter_sets": 57,
      "train_rows": 1989,
      "worst_condition_mae": 0.22564070083571303
    }
  ],
  "model_level": "L3_quantile_hist_gradient_boosting",
  "primary_summary": {
    "condition_mean_mae": 0.08048521238655268,
    "condition_median_mae": 0.05600119679871561,
    "fold_count": 2,
    "mean_mae": 0.04282670166534776,
    "mean_rmse": 0.1090312301407015,
    "worst_condition_mae": 0.26930039456550187
  },
  "row_counts": {
    "baseline_clean_strict_rows": 2773,
    "baseline_clean_tolerant_rows": 3827,
    "full_interval_rows": 3827,
    "selected_cells": 228,
    "selected_parameter_sets": 76,
    "selected_subset_rows": 3827,
    "sensitivity_excluding_monotonicity_rows": 2773,
    "sensitivity_flagged_monotonicity_rows": 1054
  },
  "schema_version": "gate5.capacity_baseline.v1",
  "sensitivity_excluding_monotonicity_summary": {
    "condition_mean_mae": 0.08979169565004716,
    "condition_median_mae": 0.06477018813783944,
    "fold_count": 2,
    "mean_mae": 0.05158047785383967,
    "mean_rmse": 0.13659705127170704,
    "worst_condition_mae": 0.28445945493653063
  },
  "split_name": "temperature_holdout_fold",
  "target": "capacity_Ah_k1"
}
