{
  "feature_group": "F5_log_age_histograms",
  "fold_metrics": [
    {
      "condition_mean_mae": 0.03658784264622732,
      "condition_median_mae": 0.026696855126503088,
      "feature_group": "F5_log_age_histograms",
      "heldout_fold": 0,
      "mae": 0.023365146820693957,
      "model_level": "L3_quantile_hist_gradient_boosting",
      "pinball_loss_q10": 0.008542248109158901,
      "pinball_loss_q50": 0.011682573410346979,
      "pinball_loss_q90": 0.005635152760384231,
      "q10_q90_interval_coverage": 0.5722748815165877,
      "q10_q90_interval_width_mean": 0.0695044152556604,
      "rmse": 0.06325453206977849,
      "run_scope": "primary",
      "split_name": "condition_fold",
      "subset_name": "baseline_clean_tolerant",
      "target": "delta_capacity_Ah",
      "test_cells": 48,
      "test_parameter_sets": 16,
      "test_rows": 844,
      "train_parameter_sets": 60,
      "train_rows": 2983,
      "worst_condition_mae": 0.12583030597476152
    },
    {
      "condition_mean_mae": 0.03328399184814431,
      "condition_median_mae": 0.019358286354634748,
      "feature_group": "F5_log_age_histograms",
      "heldout_fold": 1,
      "mae": 0.018326730147256793,
      "model_level": "L3_quantile_hist_gradient_boosting",
      "pinball_loss_q10": 0.007859093758197894,
      "pinball_loss_q50": 0.009163365073628396,
      "pinball_loss_q90": 0.0038804719411369296,
      "q10_q90_interval_coverage": 0.6809248554913295,
      "q10_q90_interval_width_mean": 0.05326308603126748,
      "rmse": 0.06406145206146292,
      "run_scope": "primary",
      "split_name": "condition_fold",
      "subset_name": "baseline_clean_tolerant",
      "target": "delta_capacity_Ah",
      "test_cells": 45,
      "test_parameter_sets": 15,
      "test_rows": 865,
      "train_parameter_sets": 61,
      "train_rows": 2962,
      "worst_condition_mae": 0.12383964304811762
    },
    {
      "condition_mean_mae": 0.03541655274192161,
      "condition_median_mae": 0.020718865982430747,
      "feature_group": "F5_log_age_histograms",
      "heldout_fold": 2,
      "mae": 0.015952977266388613,
      "model_level": "L3_quantile_hist_gradient_boosting",
      "pinball_loss_q10": 0.006768900349654914,
      "pinball_loss_q50": 0.007976488633194306,
      "pinball_loss_q90": 0.003121066647040669,
      "q10_q90_interval_coverage": 0.7645739910313901,
      "q10_q90_interval_width_mean": 0.06537899363405497,
      "rmse": 0.047476535441549346,
      "run_scope": "primary",
      "split_name": "condition_fold",
      "subset_name": "baseline_clean_tolerant",
      "target": "delta_capacity_Ah",
      "test_cells": 45,
      "test_parameter_sets": 15,
      "test_rows": 892,
      "train_parameter_sets": 61,
      "train_rows": 2935,
      "worst_condition_mae": 0.1748905956671025
    },
    {
      "condition_mean_mae": 0.08757431968681553,
      "condition_median_mae": 0.06925190485693704,
      "feature_group": "F5_log_age_histograms",
      "heldout_fold": 3,
      "mae": 0.041382981896286,
      "model_level": "L3_quantile_hist_gradient_boosting",
      "pinball_loss_q10": 0.013370902911304695,
      "pinball_loss_q50": 0.020691490948143,
      "pinball_loss_q90": 0.00801799951722335,
      "q10_q90_interval_coverage": 0.6856581532416502,
      "q10_q90_interval_width_mean": 0.10033194662746146,
      "rmse": 0.10609220613954694,
      "run_scope": "primary",
      "split_name": "condition_fold",
      "subset_name": "baseline_clean_tolerant",
      "target": "delta_capacity_Ah",
      "test_cells": 45,
      "test_parameter_sets": 15,
      "test_rows": 509,
      "train_parameter_sets": 61,
      "train_rows": 3318,
      "worst_condition_mae": 0.31421215716577294
    },
    {
      "condition_mean_mae": 0.0542260947306101,
      "condition_median_mae": 0.025309911316304726,
      "feature_group": "F5_log_age_histograms",
      "heldout_fold": 4,
      "mae": 0.02173128443600179,
      "model_level": "L3_quantile_hist_gradient_boosting",
      "pinball_loss_q10": 0.005210680175321527,
      "pinball_loss_q50": 0.010865642218000895,
      "pinball_loss_q90": 0.004741056242807368,
      "q10_q90_interval_coverage": 0.6722454672245467,
      "q10_q90_interval_width_mean": 0.07588929595627848,
      "rmse": 0.05400457017513629,
      "run_scope": "primary",
      "split_name": "condition_fold",
      "subset_name": "baseline_clean_tolerant",
      "target": "delta_capacity_Ah",
      "test_cells": 45,
      "test_parameter_sets": 15,
      "test_rows": 717,
      "train_parameter_sets": 61,
      "train_rows": 3110,
      "worst_condition_mae": 0.22048378843898653
    },
    {
      "condition_mean_mae": 0.0457605842456649,
      "condition_median_mae": 0.02919864696332353,
      "feature_group": "F5_log_age_histograms",
      "heldout_fold": 0,
      "mae": 0.026335570528018017,
      "model_level": "L3_quantile_hist_gradient_boosting",
      "pinball_loss_q10": 0.00887176199292178,
      "pinball_loss_q50": 0.013167785264009009,
      "pinball_loss_q90": 0.0057139390270043834,
      "q10_q90_interval_coverage": 0.617741935483871,
      "q10_q90_interval_width_mean": 0.06971846528282236,
      "rmse": 0.06878263305385092,
      "run_scope": "sensitivity_excluding_monotonicity",
      "split_name": "condition_fold",
      "subset_name": "baseline_clean_tolerant",
      "target": "delta_capacity_Ah",
      "test_cells": 48,
      "test_parameter_sets": 16,
      "test_rows": 620,
      "train_parameter_sets": 60,
      "train_rows": 2153,
      "worst_condition_mae": 0.1756757909600782
    },
    {
      "condition_mean_mae": 0.03755570917252686,
      "condition_median_mae": 0.021171998474541733,
      "feature_group": "F5_log_age_histograms",
      "heldout_fold": 1,
      "mae": 0.02075605265192569,
      "model_level": "L3_quantile_hist_gradient_boosting",
      "pinball_loss_q10": 0.007953570270316469,
      "pinball_loss_q50": 0.010378026325962846,
      "pinball_loss_q90": 0.0035910527213503934,
      "q10_q90_interval_coverage": 0.7296875,
      "q10_q90_interval_width_mean": 0.05299988335176098,
      "rmse": 0.06414828388315821,
      "run_scope": "sensitivity_excluding_monotonicity",
      "split_name": "condition_fold",
      "subset_name": "baseline_clean_tolerant",
      "target": "delta_capacity_Ah",
      "test_cells": 45,
      "test_parameter_sets": 15,
      "test_rows": 640,
      "train_parameter_sets": 61,
      "train_rows": 2133,
      "worst_condition_mae": 0.1311078208984765
    },
    {
      "condition_mean_mae": 0.03856071578183303,
      "condition_median_mae": 0.01625175640409262,
      "feature_group": "F5_log_age_histograms",
      "heldout_fold": 2,
      "mae": 0.015563435945829287,
      "model_level": "L3_quantile_hist_gradient_boosting",
      "pinball_loss_q10": 0.0064395446403453975,
      "pinball_loss_q50": 0.0077817179729146434,
      "pinball_loss_q90": 0.003061745874448181,
      "q10_q90_interval_coverage": 0.750392464678179,
      "q10_q90_interval_width_mean": 0.0602765614079618,
      "rmse": 0.05291917104030351,
      "run_scope": "sensitivity_excluding_monotonicity",
      "split_name": "condition_fold",
      "subset_name": "baseline_clean_tolerant",
      "target": "delta_capacity_Ah",
      "test_cells": 45,
      "test_parameter_sets": 15,
      "test_rows": 637,
      "train_parameter_sets": 61,
      "train_rows": 2136,
      "worst_condition_mae": 0.21094983303958675
    },
    {
      "condition_mean_mae": 0.09113879674747764,
      "condition_median_mae": 0.06606202069962988,
      "feature_group": "F5_log_age_histograms",
      "heldout_fold": 3,
      "mae": 0.04244727684603331,
      "model_level": "L3_quantile_hist_gradient_boosting",
      "pinball_loss_q10": 0.012841146684540259,
      "pinball_loss_q50": 0.021223638423016656,
      "pinball_loss_q90": 0.008052824953825899,
      "q10_q90_interval_coverage": 0.6884816753926701,
      "q10_q90_interval_width_mean": 0.11018579217077103,