{
  "feature_group": "F9_event_segmented_stress",
  "fold_metrics": [
    {
      "condition_mean_mae": 0.08646697093262509,
      "condition_median_mae": 0.047911612140360944,
      "feature_group": "F9_event_segmented_stress",
      "heldout_fold": 1,
      "mae": 0.030996996716550436,
      "model_level": "L3_quantile_hist_gradient_boosting",
      "pinball_loss_q10": 0.013289338067754519,
      "pinball_loss_q50": 0.015498498358275218,
      "pinball_loss_q90": 0.006974019718393345,
      "q10_q90_interval_coverage": 0.633423180592992,
      "q10_q90_interval_width_mean": 0.0717085765051649,
      "rmse": 0.09162947565570823,
      "run_scope": "primary",
      "split_name": "temperature_holdout_fold",
      "subset_name": "baseline_clean_tolerant",
      "target": "delta_capacity_Ah",
      "test_cells": 57,
      "test_parameter_sets": 19,
      "test_rows": 742,
      "train_parameter_sets": 57,
      "train_rows": 3085,
      "worst_condition_mae": 0.25544209522026945
    },
    {
      "condition_mean_mae": 0.048960528147936375,
      "condition_median_mae": 0.04664876782949762,
      "feature_group": "F9_event_segmented_stress",
      "heldout_fold": 2,
      "mae": 0.03292315516194612,
      "model_level": "L3_quantile_hist_gradient_boosting",
      "pinball_loss_q10": 0.015091906901370678,
      "pinball_loss_q50": 0.01646157758097306,
      "pinball_loss_q90": 0.004533544771959445,
      "q10_q90_interval_coverage": 0.6018867924528302,
      "q10_q90_interval_width_mean": 0.07448567886792261,
      "rmse": 0.08235551197746242,
      "run_scope": "primary",
      "split_name": "temperature_holdout_fold",
      "subset_name": "baseline_clean_tolerant",
      "target": "delta_capacity_Ah",
      "test_cells": 57,
      "test_parameter_sets": 19,
      "test_rows": 1060,
      "train_parameter_sets": 57,
      "train_rows": 2767,
      "worst_condition_mae": 0.14427674284920797
    },
    {
      "condition_mean_mae": 0.09770711044843192,
      "condition_median_mae": 0.053551776295393844,
      "feature_group": "F9_event_segmented_stress",
      "heldout_fold": 1,
      "mae": 0.03839624921826246,
      "model_level": "L3_quantile_hist_gradient_boosting",
      "pinball_loss_q10": 0.014718423572039056,
      "pinball_loss_q50": 0.01919812460913123,
      "pinball_loss_q90": 0.008064756615537913,
      "q10_q90_interval_coverage": 0.6422594142259415,
      "q10_q90_interval_width_mean": 0.07407795339071273,
      "rmse": 0.10821056861418413,
      "run_scope": "sensitivity_excluding_monotonicity",
      "split_name": "temperature_holdout_fold",
      "subset_name": "baseline_clean_tolerant",
      "target": "delta_capacity_Ah",
      "test_cells": 56,
      "test_parameter_sets": 19,
      "test_rows": 478,
      "train_parameter_sets": 57,
      "train_rows": 2295,
      "worst_condition_mae": 0.32486622192817427
    },
    {
      "condition_mean_mae": 0.05361764426361112,
      "condition_median_mae": 0.03242540715581719,
      "feature_group": "F9_event_segmented_stress",
      "heldout_fold": 2,
      "mae": 0.032490382235853266,
      "model_level": "L3_quantile_hist_gradient_boosting",
      "pinball_loss_q10": 0.016199367569308006,
      "pinball_loss_q50": 0.016245191117926633,
      "pinball_loss_q90": 0.004665015388369071,
      "q10_q90_interval_coverage": 0.6415816326530612,
      "q10_q90_interval_width_mean": 0.07084355900172984,
      "rmse": 0.08447800362852148,
      "run_scope": "sensitivity_excluding_monotonicity",
      "split_name": "temperature_holdout_fold",
      "subset_name": "baseline_clean_tolerant",
      "target": "delta_capacity_Ah",
      "test_cells": 57,
      "test_parameter_sets": 19,
      "test_rows": 784,
      "train_parameter_sets": 57,
      "train_rows": 1989,
      "worst_condition_mae": 0.16538421276273169
    }
  ],
  "model_level": "L3_quantile_hist_gradient_boosting",
  "primary_summary": {
    "condition_mean_mae": 0.06771374954028073,
    "condition_median_mae": 0.04728018998492928,
    "fold_count": 2,
    "mean_mae": 0.03196007593924828,
    "mean_rmse": 0.08699249381658533,
    "worst_condition_mae": 0.25544209522026945
  },
  "row_counts": {
    "baseline_clean_strict_rows": 2773,
    "baseline_clean_tolerant_rows": 3827,
    "full_interval_rows": 3827,
    "selected_cells": 228,
    "selected_parameter_sets": 76,
    "selected_subset_rows": 3827,
    "sensitivity_excluding_monotonicity_rows": 2773,
    "sensitivity_flagged_monotonicity_rows": 1054
  },
  "schema_version": "gate5.capacity_baseline.v1",
  "sensitivity_excluding_monotonicity_summary": {
    "condition_mean_mae": 0.07566237735602152,
    "condition_median_mae": 0.04298859172560551,
    "fold_count": 2,
    "mean_mae": 0.03544331572705786,
    "mean_rmse": 0.0963442861213528,
    "worst_condition_mae": 0.32486622192817427
  },
  "split_name": "temperature_holdout_fold",
  "target": "delta_capacity_Ah"
}
