{
  "feature_group": "F7_c_rate_focused",
  "fold_metrics": [
    {
      "condition_mean_mae": 0.10490804857781176,
      "condition_median_mae": 0.06169839258013217,
      "feature_group": "F7_c_rate_focused",
      "heldout_fold": 1,
      "mae": 0.05901029062396159,
      "model_level": "L3_quantile_hist_gradient_boosting",
      "pinball_loss_q10": 0.024804499449440798,
      "pinball_loss_q50": 0.029505145311980795,
      "pinball_loss_q90": 0.009313541470849068,
      "q10_q90_interval_coverage": 0.45486725663716815,
      "q10_q90_interval_width_mean": 0.15462456295027782,
      "rmse": 0.10174986082857818,
      "run_scope": "primary",
      "split_name": "voltage_window_holdout_fold",
      "subset_name": "baseline_clean_tolerant",
      "target": "delta_capacity_Ah",
      "test_cells": 84,
      "test_parameter_sets": 28,
      "test_rows": 1130,
      "train_parameter_sets": 48,
      "train_rows": 2697,
      "worst_condition_mae": 0.3241355796780753
    },
    {
      "condition_mean_mae": 0.1101733669850476,
      "condition_median_mae": 0.09716429866466203,
      "feature_group": "F7_c_rate_focused",
      "heldout_fold": 2,
      "mae": 0.06763470234102613,
      "model_level": "L3_quantile_hist_gradient_boosting",
      "pinball_loss_q10": 0.017584496935625006,
      "pinball_loss_q50": 0.033817351170513064,
      "pinball_loss_q90": 0.007246309571763874,
      "q10_q90_interval_coverage": 0.6761487964989059,
      "q10_q90_interval_width_mean": 0.1435756276917276,
      "rmse": 0.11354087557189718,
      "run_scope": "primary",
      "split_name": "voltage_window_holdout_fold",
      "subset_name": "baseline_clean_tolerant",
      "target": "delta_capacity_Ah",
      "test_cells": 96,
      "test_parameter_sets": 32,
      "test_rows": 1371,
      "train_parameter_sets": 44,
      "train_rows": 2456,
      "worst_condition_mae": 0.29224190436746117
    },
    {
      "condition_mean_mae": 0.035017425760646814,
      "condition_median_mae": 0.030429804358194902,
      "feature_group": "F7_c_rate_focused",
      "heldout_fold": 3,
      "mae": 0.0349001961614787,
      "model_level": "L3_quantile_hist_gradient_boosting",
      "pinball_loss_q10": 0.020678392802750006,
      "pinball_loss_q50": 0.01745009808073935,
      "pinball_loss_q90": 0.007459981024472561,
      "q10_q90_interval_coverage": 0.15082956259426847,
      "q10_q90_interval_width_mean": 0.2004077872091739,
      "rmse": 0.04233085018715657,
      "run_scope": "primary",
      "split_name": "voltage_window_holdout_fold",
      "subset_name": "baseline_clean_tolerant",
      "target": "delta_capacity_Ah",
      "test_cells": 48,
      "test_parameter_sets": 16,
      "test_rows": 1326,
      "train_parameter_sets": 60,
      "train_rows": 2501,
      "worst_condition_mae": 0.058284610834367374
    },
    {
      "condition_mean_mae": 0.10993394855601947,
      "condition_median_mae": 0.06513925072860803,
      "feature_group": "F7_c_rate_focused",
      "heldout_fold": 1,
      "mae": 0.05566333136650834,
      "model_level": "L3_quantile_hist_gradient_boosting",
      "pinball_loss_q10": 0.020838706247894242,
      "pinball_loss_q50": 0.02783166568325417,
      "pinball_loss_q90": 0.00954747539926892,
      "q10_q90_interval_coverage": 0.503037667071689,
      "q10_q90_interval_width_mean": 0.1582285443877752,
      "rmse": 0.10536653803201343,
      "run_scope": "sensitivity_excluding_monotonicity",
      "split_name": "voltage_window_holdout_fold",
      "subset_name": "baseline_clean_tolerant",
      "target": "delta_capacity_Ah",
      "test_cells": 84,
      "test_parameter_sets": 28,
      "test_rows": 823,
      "train_parameter_sets": 48,
      "train_rows": 1950,
      "worst_condition_mae": 0.2948143734267096
    },
    {
      "condition_mean_mae": 0.10653606182252673,
      "condition_median_mae": 0.09078463705029635,
      "feature_group": "F7_c_rate_focused",
      "heldout_fold": 2,
      "mae": 0.06036279684204842,
      "model_level": "L3_quantile_hist_gradient_boosting",
      "pinball_loss_q10": 0.01809747833602924,
      "pinball_loss_q50": 0.03018139842102421,
      "pinball_loss_q90": 0.006447279125061556,
      "q10_q90_interval_coverage": 0.7405660377358491,
      "q10_q90_interval_width_mean": 0.15932611710967484,
      "rmse": 0.10762461450629197,
      "run_scope": "sensitivity_excluding_monotonicity",
      "split_name": "voltage_window_holdout_fold",
      "subset_name": "baseline_clean_tolerant",
      "target": "delta_capacity_Ah",
      "test_cells": 95,
      "test_parameter_sets": 32,
      "test_rows": 1060,
      "train_parameter_sets": 44,
      "train_rows": 1713,
      "worst_condition_mae": 0.32054008447650345
    },
    {
      "condition_mean_mae": 0.05304258618605801,
      "condition_median_mae": 0.04804705141524314,
      "feature_group": "F7_c_rate_focused",
      "heldout_fold": 3,
      "mae": 0.050216621171441815,
      "model_level": "L3_quantile_hist_gradient_boosting",
      "pinball_loss_q10": 0.023630315028940446,
      "pinball_loss_q50": 0.025108310585720908,
      "pinball_loss_q90": 0.004341004635334778,
      "q10_q90_interval_coverage": 0.6213483146067416,
      "q10_q90_interval_width_mean": 0.24228952081784866,
      "rmse": 0.05413430639753522,
      "run_scope": "sensitivity_excluding_monotonicity",
      "split_name": "voltage_window_holdout_fold",
      "subset_name": "baseline_clean_tolerant",
      "target": "delta_capacity_Ah",
      "test_cells": 48,
      "test_parameter_sets": 16,
      "test_rows": 890,
      "train_parameter_sets": 60,
      "train_rows": 1883,
      "worst_condition_mae": 0.08310491339091566
    }
  ],
  "model_level": "L3_quantile_hist_gradient_boosting",
  "primary_summary": {
    "condition_mean_mae": 0.08336628044116873,
    "condition_median_mae": 0.06309749853432971,
    "fold_count": 3,
    "mean_mae": 0.053848396375488806,
    "mean_rmse": 0.0858738621958773,
    "worst_condition_mae": 0.3241355796780753
  },
  "row_counts": {
    "baseline_clean_strict_rows": 2773,
    "baseline_clean_tolerant_rows": 3827,
    "full_interval_rows": 3827,
    "selected_cells": 228,
    "selected_parameter_sets": 76,
    "selected_subset_rows": 3827,
    "sensitivity_excluding_monotonicity_rows": 2773,
    "sensitivity_flagged_monotonicity_rows": 1054
  },
  "schema_version": "gate5.capacity_baseline.v1",
  "sensitivity_excluding_monotonicity_summary": {
    "condition_mean_mae": 0.0898375321882014,
    "condition_median_mae": 0.06799031306471584,
    "fold_count": 3,
    "mean_mae": 0.05541424979333286,
    "mean_rmse": 0.0890418196452802,
    "worst_condition_mae": 0.32054008447650345
  },
  "split_name": "voltage_window_holdout_fold",
  "target": "delta_capacity_Ah"
}
