{
  "feature_group": "F6_coupled_stress",
  "fold_metrics": [
    {
      "condition_mean_mae": 0.08460921768568531,
      "condition_median_mae": 0.05225376707413382,
      "feature_group": "F6_coupled_stress",
      "heldout_fold": 1,
      "mae": 0.032481014489756016,
      "model_level": "L3_quantile_hist_gradient_boosting",
      "pinball_loss_q10": 0.01781493518668864,
      "pinball_loss_q50": 0.016240507244878008,
      "pinball_loss_q90": 0.011987505361937259,
      "q10_q90_interval_coverage": 0.715633423180593,
      "q10_q90_interval_width_mean": 0.1907991686531111,
      "rmse": 0.08765546057377122,
      "run_scope": "primary",
      "split_name": "temperature_holdout_fold",
      "subset_name": "baseline_clean_tolerant",
      "target": "capacity_Ah_k1",
      "test_cells": 57,
      "test_parameter_sets": 19,
      "test_rows": 742,
      "train_parameter_sets": 57,
      "train_rows": 3085,
      "worst_condition_mae": 0.24456827507716825
    },
    {
      "condition_mean_mae": 0.06531784004127228,
      "condition_median_mae": 0.05268551644571993,
      "feature_group": "F6_coupled_stress",
      "heldout_fold": 2,
      "mae": 0.050255372661905225,
      "model_level": "L3_quantile_hist_gradient_boosting",
      "pinball_loss_q10": 0.016627712836806113,
      "pinball_loss_q50": 0.025127686330952612,
      "pinball_loss_q90": 0.013094665407848137,
      "q10_q90_interval_coverage": 0.5981132075471698,
      "q10_q90_interval_width_mean": 0.1294214223865396,
      "rmse": 0.12058280468976502,
      "run_scope": "primary",
      "split_name": "temperature_holdout_fold",
      "subset_name": "baseline_clean_tolerant",
      "target": "capacity_Ah_k1",
      "test_cells": 57,
      "test_parameter_sets": 19,
      "test_rows": 1060,
      "train_parameter_sets": 57,
      "train_rows": 2767,
      "worst_condition_mae": 0.15902199232240197
    },
    {
      "condition_mean_mae": 0.0918377625308141,
      "condition_median_mae": 0.05784848297255106,
      "feature_group": "F6_coupled_stress",
      "heldout_fold": 1,
      "mae": 0.03849770751007819,
      "model_level": "L3_quantile_hist_gradient_boosting",
      "pinball_loss_q10": 0.02112454551566227,
      "pinball_loss_q50": 0.019248853755039094,
      "pinball_loss_q90": 0.012690847449444995,
      "q10_q90_interval_coverage": 0.7112970711297071,
      "q10_q90_interval_width_mean": 0.1800472022984793,
      "rmse": 0.10613317051019619,
      "run_scope": "sensitivity_excluding_monotonicity",
      "split_name": "temperature_holdout_fold",
      "subset_name": "baseline_clean_tolerant",
      "target": "capacity_Ah_k1",
      "test_cells": 56,
      "test_parameter_sets": 19,
      "test_rows": 478,
      "train_parameter_sets": 57,
      "train_rows": 2295,
      "worst_condition_mae": 0.29918405012445365
    },
    {
      "condition_mean_mae": 0.08398588596476045,
      "condition_median_mae": 0.07182092705433553,
      "feature_group": "F6_coupled_stress",
      "heldout_fold": 2,
      "mae": 0.06461839992736873,
      "model_level": "L3_quantile_hist_gradient_boosting",
      "pinball_loss_q10": 0.018801682761445948,
      "pinball_loss_q50": 0.032309199963684365,
      "pinball_loss_q90": 0.011132029252433031,
      "q10_q90_interval_coverage": 0.6288265306122449,
      "q10_q90_interval_width_mean": 0.13844740772026995,
      "rmse": 0.16832895231838624,
      "run_scope": "sensitivity_excluding_monotonicity",
      "split_name": "temperature_holdout_fold",
      "subset_name": "baseline_clean_tolerant",
      "target": "capacity_Ah_k1",
      "test_cells": 57,
      "test_parameter_sets": 19,
      "test_rows": 784,
      "train_parameter_sets": 57,
      "train_rows": 1989,
      "worst_condition_mae": 0.22787820766170314
    }
  ],
  "model_level": "L3_quantile_hist_gradient_boosting",
  "primary_summary": {
    "condition_mean_mae": 0.07496352886347879,
    "condition_median_mae": 0.05246964175992687,
    "fold_count": 2,
    "mean_mae": 0.04136819357583062,
    "mean_rmse": 0.10411913263176811,
    "worst_condition_mae": 0.24456827507716825
  },
  "row_counts": {
    "baseline_clean_strict_rows": 2773,
    "baseline_clean_tolerant_rows": 3827,
    "full_interval_rows": 3827,
    "selected_cells": 228,
    "selected_parameter_sets": 76,
    "selected_subset_rows": 3827,
    "sensitivity_excluding_monotonicity_rows": 2773,
    "sensitivity_flagged_monotonicity_rows": 1054
  },
  "schema_version": "gate5.capacity_baseline.v1",
  "sensitivity_excluding_monotonicity_summary": {
    "condition_mean_mae": 0.08791182424778728,
    "condition_median_mae": 0.0648347050134433,
    "fold_count": 2,
    "mean_mae": 0.05155805371872346,
    "mean_rmse": 0.1372310614142912,
    "worst_condition_mae": 0.29918405012445365
  },
  "split_name": "temperature_holdout_fold",
  "target": "capacity_Ah_k1"
}
