{
  "feature_group": "F7_c_rate_focused",
  "fold_metrics": [
    {
      "condition_mean_mae": 0.0532935193755864,
      "condition_median_mae": 0.04753795032424979,
      "feature_group": "F7_c_rate_focused",
      "heldout_fold": 0,
      "mae": 0.031476689765695974,
      "model_level": "L3_quantile_hist_gradient_boosting",
      "pinball_loss_q10": 0.012280280735735082,
      "pinball_loss_q50": 0.015738344882847987,
      "pinball_loss_q90": 0.012567266245299824,
      "q10_q90_interval_coverage": 0.8376777251184834,
      "q10_q90_interval_width_mean": 0.19180868003087503,
      "rmse": 0.068656324337196,
      "run_scope": "primary",
      "split_name": "condition_fold",
      "subset_name": "baseline_clean_tolerant",
      "target": "capacity_Ah_k1",
      "test_cells": 48,
      "test_parameter_sets": 16,
      "test_rows": 844,
      "train_parameter_sets": 60,
      "train_rows": 2983,
      "worst_condition_mae": 0.14779950143943313
    },
    {
      "condition_mean_mae": 0.04631428467512132,
      "condition_median_mae": 0.027361301409540153,
      "feature_group": "F7_c_rate_focused",
      "heldout_fold": 1,
      "mae": 0.024434931362887373,
      "model_level": "L3_quantile_hist_gradient_boosting",
      "pinball_loss_q10": 0.014697754631382754,
      "pinball_loss_q50": 0.012217465681443686,
      "pinball_loss_q90": 0.009550825178690492,
      "q10_q90_interval_coverage": 0.715606936416185,
      "q10_q90_interval_width_mean": 0.1584179220023387,
      "rmse": 0.07967003015900925,
      "run_scope": "primary",
      "split_name": "condition_fold",
      "subset_name": "baseline_clean_tolerant",
      "target": "capacity_Ah_k1",
      "test_cells": 45,
      "test_parameter_sets": 15,
      "test_rows": 865,
      "train_parameter_sets": 61,
      "train_rows": 2962,
      "worst_condition_mae": 0.19279975793607362
    },
    {
      "condition_mean_mae": 0.04759589900557294,
      "condition_median_mae": 0.022583632540363857,
      "feature_group": "F7_c_rate_focused",
      "heldout_fold": 2,
      "mae": 0.025504325074164363,
      "model_level": "L3_quantile_hist_gradient_boosting",
      "pinball_loss_q10": 0.012606174338353949,
      "pinball_loss_q50": 0.012752162537082182,
      "pinball_loss_q90": 0.007074636862547809,
      "q10_q90_interval_coverage": 0.7455156950672646,
      "q10_q90_interval_width_mean": 0.13854262972471643,
      "rmse": 0.0625017878803992,
      "run_scope": "primary",
      "split_name": "condition_fold",
      "subset_name": "baseline_clean_tolerant",
      "target": "capacity_Ah_k1",
      "test_cells": 45,
      "test_parameter_sets": 15,
      "test_rows": 892,
      "train_parameter_sets": 61,
      "train_rows": 2935,
      "worst_condition_mae": 0.22095409005535604
    },
    {
      "condition_mean_mae": 0.09800627345164177,
      "condition_median_mae": 0.08295097758937403,
      "feature_group": "F7_c_rate_focused",
      "heldout_fold": 3,
      "mae": 0.04751938561845789,
      "model_level": "L3_quantile_hist_gradient_boosting",
      "pinball_loss_q10": 0.01959984967168208,
      "pinball_loss_q50": 0.023759692809228947,
      "pinball_loss_q90": 0.012608460416464346,
      "q10_q90_interval_coverage": 0.8015717092337917,
      "q10_q90_interval_width_mean": 0.18552112581282312,
      "rmse": 0.12561536821270444,
      "run_scope": "primary",
      "split_name": "condition_fold",
      "subset_name": "baseline_clean_tolerant",
      "target": "capacity_Ah_k1",
      "test_cells": 45,
      "test_parameter_sets": 15,
      "test_rows": 509,
      "train_parameter_sets": 61,
      "train_rows": 3318,
      "worst_condition_mae": 0.3260702114473461
    },
    {
      "condition_mean_mae": 0.07724847962114736,
      "condition_median_mae": 0.037406144394898,
      "feature_group": "F7_c_rate_focused",
      "heldout_fold": 4,
      "mae": 0.030612475611538473,
      "model_level": "L3_quantile_hist_gradient_boosting",
      "pinball_loss_q10": 0.012340619811144989,
      "pinball_loss_q50": 0.015306237805769236,
      "pinball_loss_q90": 0.008513021401007187,
      "q10_q90_interval_coverage": 0.8075313807531381,
      "q10_q90_interval_width_mean": 0.15570951564815957,
      "rmse": 0.09319658418205064,
      "run_scope": "primary",
      "split_name": "condition_fold",
      "subset_name": "baseline_clean_tolerant",
      "target": "capacity_Ah_k1",
      "test_cells": 45,
      "test_parameter_sets": 15,
      "test_rows": 717,
      "train_parameter_sets": 61,
      "train_rows": 3110,
      "worst_condition_mae": 0.3048780957037735
    },
    {
      "condition_mean_mae": 0.06393382390113929,
      "condition_median_mae": 0.047391360862223036,
      "feature_group": "F7_c_rate_focused",
      "heldout_fold": 0,
      "mae": 0.03485796703770818,
      "model_level": "L3_quantile_hist_gradient_boosting",
      "pinball_loss_q10": 0.012150269162380184,
      "pinball_loss_q50": 0.01742898351885409,
      "pinball_loss_q90": 0.010333699527233836,
      "q10_q90_interval_coverage": 0.8370967741935483,
      "q10_q90_interval_width_mean": 0.16457721908582318,
      "rmse": 0.07831807798215108,
      "run_scope": "sensitivity_excluding_monotonicity",
      "split_name": "condition_fold",
      "subset_name": "baseline_clean_tolerant",
      "target": "capacity_Ah_k1",
      "test_cells": 48,
      "test_parameter_sets": 16,
      "test_rows": 620,
      "train_parameter_sets": 60,
      "train_rows": 2153,
      "worst_condition_mae": 0.1916624684729074
    },
    {
      "condition_mean_mae": 0.0480720150529528,
      "condition_median_mae": 0.023053990682958582,
      "feature_group": "F7_c_rate_focused",
      "heldout_fold": 1,
      "mae": 0.024389374462865147,
      "model_level": "L3_quantile_hist_gradient_boosting",
      "pinball_loss_q10": 0.013045847974730023,
      "pinball_loss_q50": 0.012194687231432574,
      "pinball_loss_q90": 0.006857993235896529,
      "q10_q90_interval_coverage": 0.753125,
      "q10_q90_interval_width_mean": 0.12949863274851298,
      "rmse": 0.0797678947542108,
      "run_scope": "sensitivity_excluding_monotonicity",
      "split_name": "condition_fold",
      "subset_name": "baseline_clean_tolerant",
      "target": "capacity_Ah_k1",
      "test_cells": 45,
      "test_parameter_sets": 15,
      "test_rows": 640,
      "train_parameter_sets": 61,
      "train_rows": 2133,
      "worst_condition_mae": 0.2057985620725419
    },
    {
      "condition_mean_mae": 0.04775359809060207,
      "condition_median_mae": 0.020447885108395764,
      "feature_group": "F7_c_rate_focused",
      "heldout_fold": 2,
      "mae": 0.02308719732579483,
      "model_level": "L3_quantile_hist_gradient_boosting",
      "pinball_loss_q10": 0.01291908002394982,
      "pinball_loss_q50": 0.011543598662897414,
      "pinball_loss_q90": 0.0064857027154675406,
      "q10_q90_interval_coverage": 0.7425431711145997,
      "q10_q90_interval_width_mean": 0.1265268435337416,
      "rmse": 0.06309990880643013,
      "run_scope": "sensitivity_excluding_monotonicity",
      "split_name": "condition_fold",
      "subset_name": "baseline_clean_tolerant",
      "target": "capacity_Ah_k1",
      "test_cells": 45,
      "test_parameter_sets": 15,
      "test_rows": 637,
      "train_parameter_sets": 61,
      "train_rows": 2136,
      "worst_condition_mae": 0.24518241695442722
    },
    {
      "condition_mean_mae": 0.0957696312038455,
      "condition_median_mae": 0.06600144928605127,
      "feature_group": "F7_c_rate_focused",
      "heldout_fold": 3,
      "mae": 0.05002436655472703,
      "model_level": "L3_quantile_hist_gradient_boosting",
      "pinball_loss_q10": 0.021088095970964088,
      "pinball_loss_q50": 0.025012183277363514,
      "pinball_loss_q90": 0.014677145733447349,
      "q10_q90_interval_coverage": 0.7617801047120419,
      "q10_q90_interval_width_mean": 0.20299349334811692,
      "rmse": 0.13212619776295786,
      "run_scope": "sensitivity_excluding_monotonicity",