{
  "feature_group": "F4_state_log_age_scalar",
  "fold_metrics": [
    {
      "condition_mean_mae": 0.03974616062749487,
      "condition_median_mae": 0.027907524748794363,
      "feature_group": "F4_state_log_age_scalar",
      "heldout_fold": 0,
      "mae": 0.022198938661549938,
      "model_level": "L3_quantile_hist_gradient_boosting",
      "pinball_loss_q10": 0.007391318021315292,
      "pinball_loss_q50": 0.011099469330774969,
      "pinball_loss_q90": 0.00549150994018347,
      "q10_q90_interval_coverage": 0.6481042654028436,
      "q10_q90_interval_width_mean": 0.06045843114161132,
      "rmse": 0.061725717539311366,
      "run_scope": "primary",
      "split_name": "condition_fold",
      "subset_name": "baseline_clean_tolerant",
      "target": "delta_capacity_Ah",
      "test_cells": 48,
      "test_parameter_sets": 16,
      "test_rows": 844,
      "train_parameter_sets": 60,
      "train_rows": 2983,
      "worst_condition_mae": 0.11409570388379169
    },
    {
      "condition_mean_mae": 0.0394313037311162,
      "condition_median_mae": 0.022410718552700683,
      "feature_group": "F4_state_log_age_scalar",
      "heldout_fold": 1,
      "mae": 0.019877656143130043,
      "model_level": "L3_quantile_hist_gradient_boosting",
      "pinball_loss_q10": 0.00811772648609076,
      "pinball_loss_q50": 0.009938828071565022,
      "pinball_loss_q90": 0.0035468255009130276,
      "q10_q90_interval_coverage": 0.6971098265895954,
      "q10_q90_interval_width_mean": 0.05128385372404822,
      "rmse": 0.06810226532173985,
      "run_scope": "primary",
      "split_name": "condition_fold",
      "subset_name": "baseline_clean_tolerant",
      "target": "delta_capacity_Ah",
      "test_cells": 45,
      "test_parameter_sets": 15,
      "test_rows": 865,
      "train_parameter_sets": 61,
      "train_rows": 2962,
      "worst_condition_mae": 0.13702112207732894
    },
    {
      "condition_mean_mae": 0.03797559093418452,
      "condition_median_mae": 0.022566300419880128,
      "feature_group": "F4_state_log_age_scalar",
      "heldout_fold": 2,
      "mae": 0.01681094196381777,
      "model_level": "L3_quantile_hist_gradient_boosting",
      "pinball_loss_q10": 0.006313032414382429,
      "pinball_loss_q50": 0.008405470981908886,
      "pinball_loss_q90": 0.003114705147419527,
      "q10_q90_interval_coverage": 0.7477578475336323,
      "q10_q90_interval_width_mean": 0.058168726133863924,
      "rmse": 0.049455773202188656,
      "run_scope": "primary",
      "split_name": "condition_fold",
      "subset_name": "baseline_clean_tolerant",
      "target": "delta_capacity_Ah",
      "test_cells": 45,
      "test_parameter_sets": 15,
      "test_rows": 892,
      "train_parameter_sets": 61,
      "train_rows": 2935,
      "worst_condition_mae": 0.18314878977291119
    },
    {
      "condition_mean_mae": 0.09338485217398737,
      "condition_median_mae": 0.08841219731596556,
      "feature_group": "F4_state_log_age_scalar",
      "heldout_fold": 3,
      "mae": 0.043515042147921956,
      "model_level": "L3_quantile_hist_gradient_boosting",
      "pinball_loss_q10": 0.014256909413193467,
      "pinball_loss_q50": 0.021757521073960978,
      "pinball_loss_q90": 0.007708531890644667,
      "q10_q90_interval_coverage": 0.7269155206286837,
      "q10_q90_interval_width_mean": 0.09666063418977647,
      "rmse": 0.11445772790714115,
      "run_scope": "primary",
      "split_name": "condition_fold",
      "subset_name": "baseline_clean_tolerant",
      "target": "delta_capacity_Ah",
      "test_cells": 45,
      "test_parameter_sets": 15,
      "test_rows": 509,
      "train_parameter_sets": 61,
      "train_rows": 3318,
      "worst_condition_mae": 0.31766219481212193
    },
    {
      "condition_mean_mae": 0.06833875314968996,
      "condition_median_mae": 0.038916685693197325,
      "feature_group": "F4_state_log_age_scalar",
      "heldout_fold": 4,
      "mae": 0.024723856733324723,
      "model_level": "L3_quantile_hist_gradient_boosting",
      "pinball_loss_q10": 0.00677427630547366,
      "pinball_loss_q50": 0.012361928366662361,
      "pinball_loss_q90": 0.004745506542748359,
      "q10_q90_interval_coverage": 0.6722454672245467,
      "q10_q90_interval_width_mean": 0.07339768528087008,
      "rmse": 0.06696180713825253,
      "run_scope": "primary",
      "split_name": "condition_fold",
      "subset_name": "baseline_clean_tolerant",
      "target": "delta_capacity_Ah",
      "test_cells": 45,
      "test_parameter_sets": 15,
      "test_rows": 717,
      "train_parameter_sets": 61,
      "train_rows": 3110,
      "worst_condition_mae": 0.2798227587799558
    },
    {
      "condition_mean_mae": 0.0456582686614809,
      "condition_median_mae": 0.027619085236675278,
      "feature_group": "F4_state_log_age_scalar",
      "heldout_fold": 0,
      "mae": 0.024572822405675723,
      "model_level": "L3_quantile_hist_gradient_boosting",
      "pinball_loss_q10": 0.008407137899165388,
      "pinball_loss_q50": 0.012286411202837862,
      "pinball_loss_q90": 0.00558350229909872,
      "q10_q90_interval_coverage": 0.6306451612903226,
      "q10_q90_interval_width_mean": 0.06002832609624359,
      "rmse": 0.06499073427462704,
      "run_scope": "sensitivity_excluding_monotonicity",
      "split_name": "condition_fold",
      "subset_name": "baseline_clean_tolerant",
      "target": "delta_capacity_Ah",
      "test_cells": 48,
      "test_parameter_sets": 16,
      "test_rows": 620,
      "train_parameter_sets": 60,
      "train_rows": 2153,
      "worst_condition_mae": 0.14750133055828712
    },
    {
      "condition_mean_mae": 0.03887679161732767,
      "condition_median_mae": 0.019741664721858777,
      "feature_group": "F4_state_log_age_scalar",
      "heldout_fold": 1,
      "mae": 0.020416976795301786,
      "model_level": "L3_quantile_hist_gradient_boosting",
      "pinball_loss_q10": 0.00801710233555999,
      "pinball_loss_q50": 0.010208488397650893,
      "pinball_loss_q90": 0.003538858249518134,
      "q10_q90_interval_coverage": 0.7140625,
      "q10_q90_interval_width_mean": 0.05436898029632649,
      "rmse": 0.07010028556248966,
      "run_scope": "sensitivity_excluding_monotonicity",
      "split_name": "condition_fold",
      "subset_name": "baseline_clean_tolerant",
      "target": "delta_capacity_Ah",
      "test_cells": 45,
      "test_parameter_sets": 15,
      "test_rows": 640,
      "train_parameter_sets": 61,
      "train_rows": 2133,
      "worst_condition_mae": 0.16067309024864393
    },
    {
      "condition_mean_mae": 0.03950633468406997,
      "condition_median_mae": 0.024016333991905007,
      "feature_group": "F4_state_log_age_scalar",
      "heldout_fold": 2,
      "mae": 0.017284304150148123,
      "model_level": "L3_quantile_hist_gradient_boosting",
      "pinball_loss_q10": 0.006890306301668782,
      "pinball_loss_q50": 0.008642152075074062,
      "pinball_loss_q90": 0.003114836011024203,
      "q10_q90_interval_coverage": 0.7048665620094191,
      "q10_q90_interval_width_mean": 0.06273461125067274,
      "rmse": 0.05557284075605868,
      "run_scope": "sensitivity_excluding_monotonicity",
      "split_name": "condition_fold",
      "subset_name": "baseline_clean_tolerant",
      "target": "delta_capacity_Ah",
      "test_cells": 45,
      "test_parameter_sets": 15,
      "test_rows": 637,
      "train_parameter_sets": 61,
      "train_rows": 2136,
      "worst_condition_mae": 0.17943712194612704
    },
    {
      "condition_mean_mae": 0.10003896301141504,
      "condition_median_mae": 0.07569852658684277,
      "feature_group": "F4_state_log_age_scalar",
      "heldout_fold": 3,
      "mae": 0.046804416922717924,
      "model_level": "L3_quantile_hist_gradient_boosting",
      "pinball_loss_q10": 0.014581220074318134,
      "pinball_loss_q50": 0.023402208461358962,
      "pinball_loss_q90": 0.007833969615355261,
      "q10_q90_interval_coverage": 0.7198952879581152,