{
  "feature_group": "F8_timestamp_weighted_stress",
  "fold_metrics": [
    {
      "condition_mean_mae": 0.1229562601435491,
      "condition_median_mae": 0.0756296351598152,
      "feature_group": "F8_timestamp_weighted_stress",
      "heldout_fold": 1,
      "mae": 0.06445742474120214,
      "model_level": "L3_quantile_hist_gradient_boosting",
      "pinball_loss_q10": 0.024633399101656347,
      "pinball_loss_q50": 0.03222871237060107,
      "pinball_loss_q90": 0.02515634022678986,
      "q10_q90_interval_coverage": 0.8194690265486726,
      "q10_q90_interval_width_mean": 0.32765058695419347,
      "rmse": 0.11613448686130155,
      "run_scope": "primary",
      "split_name": "voltage_window_holdout_fold",
      "subset_name": "baseline_clean_tolerant",
      "target": "capacity_Ah_k1",
      "test_cells": 84,
      "test_parameter_sets": 28,
      "test_rows": 1130,
      "train_parameter_sets": 48,
      "train_rows": 2697,
      "worst_condition_mae": 0.3544286016434544
    },
    {
      "condition_mean_mae": 0.1123488862380241,
      "condition_median_mae": 0.12662203266914318,
      "feature_group": "F8_timestamp_weighted_stress",
      "heldout_fold": 2,
      "mae": 0.07728063821732119,
      "model_level": "L3_quantile_hist_gradient_boosting",
      "pinball_loss_q10": 0.018484531070155383,
      "pinball_loss_q50": 0.038640319108660594,
      "pinball_loss_q90": 0.0178721620943456,
      "q10_q90_interval_coverage": 0.8234865061998541,
      "q10_q90_interval_width_mean": 0.2460767084782537,
      "rmse": 0.11648436175612586,
      "run_scope": "primary",
      "split_name": "voltage_window_holdout_fold",
      "subset_name": "baseline_clean_tolerant",
      "target": "capacity_Ah_k1",
      "test_cells": 96,
      "test_parameter_sets": 32,
      "test_rows": 1371,
      "train_parameter_sets": 44,
      "train_rows": 2456,
      "worst_condition_mae": 0.2623017549510742
    },
    {
      "condition_mean_mae": 0.25377197203578206,
      "condition_median_mae": 0.22985130586923458,
      "feature_group": "F8_timestamp_weighted_stress",
      "heldout_fold": 3,
      "mae": 0.252530123130921,
      "model_level": "L3_quantile_hist_gradient_boosting",
      "pinball_loss_q10": 0.08157634862599634,
      "pinball_loss_q50": 0.1262650615654605,
      "pinball_loss_q90": 0.03913912852116631,
      "q10_q90_interval_coverage": 0.02865761689291101,
      "q10_q90_interval_width_mean": 0.7731350819836492,
      "rmse": 0.2732441565616264,
      "run_scope": "primary",
      "split_name": "voltage_window_holdout_fold",
      "subset_name": "baseline_clean_tolerant",
      "target": "capacity_Ah_k1",
      "test_cells": 48,
      "test_parameter_sets": 16,
      "test_rows": 1326,
      "train_parameter_sets": 60,
      "train_rows": 2501,
      "worst_condition_mae": 0.3773604768129481
    },
    {
      "condition_mean_mae": 0.12323457860912489,
      "condition_median_mae": 0.07422621029343399,
      "feature_group": "F8_timestamp_weighted_stress",
      "heldout_fold": 1,
      "mae": 0.0644726813867542,
      "model_level": "L3_quantile_hist_gradient_boosting",
      "pinball_loss_q10": 0.022689892201162284,
      "pinball_loss_q50": 0.0322363406933771,
      "pinball_loss_q90": 0.016661274217063447,
      "q10_q90_interval_coverage": 0.8177399756986634,
      "q10_q90_interval_width_mean": 0.2366434585470169,
      "rmse": 0.11791311574184515,
      "run_scope": "sensitivity_excluding_monotonicity",
      "split_name": "voltage_window_holdout_fold",
      "subset_name": "baseline_clean_tolerant",
      "target": "capacity_Ah_k1",
      "test_cells": 84,
      "test_parameter_sets": 28,
      "test_rows": 823,
      "train_parameter_sets": 48,
      "train_rows": 1950,
      "worst_condition_mae": 0.37089725006514584
    },
    {
      "condition_mean_mae": 0.12671281589971475,
      "condition_median_mae": 0.12624037942129346,
      "feature_group": "F8_timestamp_weighted_stress",
      "heldout_fold": 2,
      "mae": 0.09630649485148328,
      "model_level": "L3_quantile_hist_gradient_boosting",
      "pinball_loss_q10": 0.01973009282160637,
      "pinball_loss_q50": 0.04815324742574164,
      "pinball_loss_q90": 0.0157394693332563,
      "q10_q90_interval_coverage": 0.839622641509434,
      "q10_q90_interval_width_mean": 0.23767981798905105,
      "rmse": 0.125864255632563,
      "run_scope": "sensitivity_excluding_monotonicity",
      "split_name": "voltage_window_holdout_fold",
      "subset_name": "baseline_clean_tolerant",
      "target": "capacity_Ah_k1",
      "test_cells": 95,
      "test_parameter_sets": 32,
      "test_rows": 1060,
      "train_parameter_sets": 44,
      "train_rows": 1713,
      "worst_condition_mae": 0.24462668108395652
    },
    {
      "condition_mean_mae": 0.3002484872789462,
      "condition_median_mae": 0.3122288922029199,
      "feature_group": "F8_timestamp_weighted_stress",
      "heldout_fold": 3,
      "mae": 0.2875847295165916,
      "model_level": "L3_quantile_hist_gradient_boosting",
      "pinball_loss_q10": 0.08306659897753219,
      "pinball_loss_q50": 0.1437923647582958,
      "pinball_loss_q90": 0.03667468966279892,
      "q10_q90_interval_coverage": 0.05955056179775281,
      "q10_q90_interval_width_mean": 0.7916666769452669,
      "rmse": 0.30752765576003016,
      "run_scope": "sensitivity_excluding_monotonicity",
      "split_name": "voltage_window_holdout_fold",
      "subset_name": "baseline_clean_tolerant",
      "target": "capacity_Ah_k1",
      "test_cells": 48,
      "test_parameter_sets": 16,
      "test_rows": 890,
      "train_parameter_sets": 60,
      "train_rows": 1883,
      "worst_condition_mae": 0.4567200254477595
    }
  ],
  "model_level": "L3_quantile_hist_gradient_boosting",
  "primary_summary": {
    "condition_mean_mae": 0.1630257061391184,
    "condition_median_mae": 0.14403432456606433,
    "fold_count": 3,
    "mean_mae": 0.13142272869648144,
    "mean_rmse": 0.16862100172635128,
    "worst_condition_mae": 0.3773604768129481
  },
  "row_counts": {
    "baseline_clean_strict_rows": 2773,
    "baseline_clean_tolerant_rows": 3827,
    "full_interval_rows": 3827,
    "selected_cells": 228,
    "selected_parameter_sets": 76,
    "selected_subset_rows": 3827,
    "sensitivity_excluding_monotonicity_rows": 2773,
    "sensitivity_flagged_monotonicity_rows": 1054
  },
  "schema_version": "gate5.capacity_baseline.v1",
  "sensitivity_excluding_monotonicity_summary": {
    "condition_mean_mae": 0.1833986272625953,
    "condition_median_mae": 0.1708984939725491,
    "fold_count": 3,
    "mean_mae": 0.1494546352516097,
    "mean_rmse": 0.1837683423781461,
    "worst_condition_mae": 0.4567200254477595
  },
  "split_name": "voltage_window_holdout_fold",
  "target": "capacity_Ah_k1"
}
