{
  "feature_group": "F9_event_segmented_stress",
  "fold_metrics": [
    {
      "condition_mean_mae": 0.08833499778557048,
      "condition_median_mae": 0.052972618096156034,
      "feature_group": "F9_event_segmented_stress",
      "heldout_fold": 1,
      "mae": 0.03544941018935671,
      "model_level": "L3_quantile_hist_gradient_boosting",
      "pinball_loss_q10": 0.017353900472978117,
      "pinball_loss_q50": 0.017724705094678356,
      "pinball_loss_q90": 0.011734385733542105,
      "q10_q90_interval_coverage": 0.706199460916442,
      "q10_q90_interval_width_mean": 0.17910668957224038,
      "rmse": 0.10189351689805434,
      "run_scope": "primary",
      "split_name": "temperature_holdout_fold",
      "subset_name": "baseline_clean_tolerant",
      "target": "capacity_Ah_k1",
      "test_cells": 57,
      "test_parameter_sets": 19,
      "test_rows": 742,
      "train_parameter_sets": 57,
      "train_rows": 3085,
      "worst_condition_mae": 0.279255439541278
    },
    {
      "condition_mean_mae": 0.06691858749183008,
      "condition_median_mae": 0.05283825616698328,
      "feature_group": "F9_event_segmented_stress",
      "heldout_fold": 2,
      "mae": 0.04969607919870557,
      "model_level": "L3_quantile_hist_gradient_boosting",
      "pinball_loss_q10": 0.01758356575680056,
      "pinball_loss_q50": 0.024848039599352785,
      "pinball_loss_q90": 0.011388924580202351,
      "q10_q90_interval_coverage": 0.7245283018867924,
      "q10_q90_interval_width_mean": 0.16865538635342095,
      "rmse": 0.11899683185278774,
      "run_scope": "primary",
      "split_name": "temperature_holdout_fold",
      "subset_name": "baseline_clean_tolerant",
      "target": "capacity_Ah_k1",
      "test_cells": 57,
      "test_parameter_sets": 19,
      "test_rows": 1060,
      "train_parameter_sets": 57,
      "train_rows": 2767,
      "worst_condition_mae": 0.16845365020669137
    },
    {
      "condition_mean_mae": 0.10262334415398586,
      "condition_median_mae": 0.06413535523415242,
      "feature_group": "F9_event_segmented_stress",
      "heldout_fold": 1,
      "mae": 0.03933310193041947,
      "model_level": "L3_quantile_hist_gradient_boosting",
      "pinball_loss_q10": 0.022365792720209825,
      "pinball_loss_q50": 0.019666550965209736,
      "pinball_loss_q90": 0.011645924170946051,
      "q10_q90_interval_coverage": 0.6841004184100419,
      "q10_q90_interval_width_mean": 0.16809074245704392,
      "rmse": 0.11189252028751134,
      "run_scope": "sensitivity_excluding_monotonicity",
      "split_name": "temperature_holdout_fold",
      "subset_name": "baseline_clean_tolerant",
      "target": "capacity_Ah_k1",
      "test_cells": 56,
      "test_parameter_sets": 19,
      "test_rows": 478,
      "train_parameter_sets": 57,
      "train_rows": 2295,
      "worst_condition_mae": 0.3194878949761602
    },
    {
      "condition_mean_mae": 0.08124245041386383,
      "condition_median_mae": 0.06549639752169845,
      "feature_group": "F9_event_segmented_stress",
      "heldout_fold": 2,
      "mae": 0.05963246604535575,
      "model_level": "L3_quantile_hist_gradient_boosting",
      "pinball_loss_q10": 0.021120234635383806,
      "pinball_loss_q50": 0.029816233022677874,
      "pinball_loss_q90": 0.010100261843804428,
      "q10_q90_interval_coverage": 0.7525510204081632,
      "q10_q90_interval_width_mean": 0.15562666569428638,
      "rmse": 0.15340006357722466,
      "run_scope": "sensitivity_excluding_monotonicity",
      "split_name": "temperature_holdout_fold",
      "subset_name": "baseline_clean_tolerant",
      "target": "capacity_Ah_k1",
      "test_cells": 57,
      "test_parameter_sets": 19,
      "test_rows": 784,
      "train_parameter_sets": 57,
      "train_rows": 1989,
      "worst_condition_mae": 0.23068685548262824
    }
  ],
  "model_level": "L3_quantile_hist_gradient_boosting",
  "primary_summary": {
    "condition_mean_mae": 0.07762679263870029,
    "condition_median_mae": 0.05290543713156966,
    "fold_count": 2,
    "mean_mae": 0.04257274469403114,
    "mean_rmse": 0.11044517437542103,
    "worst_condition_mae": 0.279255439541278
  },
  "row_counts": {
    "baseline_clean_strict_rows": 2773,
    "baseline_clean_tolerant_rows": 3827,
    "full_interval_rows": 3827,
    "selected_cells": 228,
    "selected_parameter_sets": 76,
    "selected_subset_rows": 3827,
    "sensitivity_excluding_monotonicity_rows": 2773,
    "sensitivity_flagged_monotonicity_rows": 1054
  },
  "schema_version": "gate5.capacity_baseline.v1",
  "sensitivity_excluding_monotonicity_summary": {
    "condition_mean_mae": 0.09193289728392484,
    "condition_median_mae": 0.06481587637792544,
    "fold_count": 2,
    "mean_mae": 0.04948278398788761,
    "mean_rmse": 0.132646291932368,
    "worst_condition_mae": 0.3194878949761602
  },
  "split_name": "temperature_holdout_fold",
  "target": "capacity_Ah_k1"
}
