{
  "feature_group": "F8_timestamp_weighted_stress",
  "fold_metrics": [
    {
      "condition_mean_mae": 0.03675191514488531,
      "condition_median_mae": 0.026779945040069166,
      "feature_group": "F8_timestamp_weighted_stress",
      "heldout_fold": 0,
      "mae": 0.02454677407400357,
      "model_level": "L3_quantile_hist_gradient_boosting",
      "pinball_loss_q10": 0.009163872785627308,
      "pinball_loss_q50": 0.012273387037001786,
      "pinball_loss_q90": 0.005574129389145614,
      "q10_q90_interval_coverage": 0.5533175355450237,
      "q10_q90_interval_width_mean": 0.06803766419824153,
      "rmse": 0.06669556786174291,
      "run_scope": "primary",
      "split_name": "condition_fold",
      "subset_name": "baseline_clean_tolerant",
      "target": "delta_capacity_Ah",
      "test_cells": 48,
      "test_parameter_sets": 16,
      "test_rows": 844,
      "train_parameter_sets": 60,
      "train_rows": 2983,
      "worst_condition_mae": 0.12681432846583668
    },
    {
      "condition_mean_mae": 0.03638804743521156,
      "condition_median_mae": 0.019586200412871346,
      "feature_group": "F8_timestamp_weighted_stress",
      "heldout_fold": 1,
      "mae": 0.0189792764013312,
      "model_level": "L3_quantile_hist_gradient_boosting",
      "pinball_loss_q10": 0.007606078240067189,
      "pinball_loss_q50": 0.0094896382006656,
      "pinball_loss_q90": 0.0036455887096299854,
      "q10_q90_interval_coverage": 0.7225433526011561,
      "q10_q90_interval_width_mean": 0.05528490824766101,
      "rmse": 0.06305100395400784,
      "run_scope": "primary",
      "split_name": "condition_fold",
      "subset_name": "baseline_clean_tolerant",
      "target": "delta_capacity_Ah",
      "test_cells": 45,
      "test_parameter_sets": 15,
      "test_rows": 865,
      "train_parameter_sets": 61,
      "train_rows": 2962,
      "worst_condition_mae": 0.1303534228416205
    },
    {
      "condition_mean_mae": 0.03462654460677974,
      "condition_median_mae": 0.02309748237099432,
      "feature_group": "F8_timestamp_weighted_stress",
      "heldout_fold": 2,
      "mae": 0.014988162284970106,
      "model_level": "L3_quantile_hist_gradient_boosting",
      "pinball_loss_q10": 0.0067752546317098586,
      "pinball_loss_q50": 0.007494081142485053,
      "pinball_loss_q90": 0.003115023798373851,
      "q10_q90_interval_coverage": 0.7780269058295964,
      "q10_q90_interval_width_mean": 0.06211303654229631,
      "rmse": 0.046936808431181934,
      "run_scope": "primary",
      "split_name": "condition_fold",
      "subset_name": "baseline_clean_tolerant",
      "target": "delta_capacity_Ah",
      "test_cells": 45,
      "test_parameter_sets": 15,
      "test_rows": 892,
      "train_parameter_sets": 61,
      "train_rows": 2935,
      "worst_condition_mae": 0.1869037140574941
    },
    {
      "condition_mean_mae": 0.08572476894466825,
      "condition_median_mae": 0.07239327918324245,
      "feature_group": "F8_timestamp_weighted_stress",
      "heldout_fold": 3,
      "mae": 0.04075999286848414,
      "model_level": "L3_quantile_hist_gradient_boosting",
      "pinball_loss_q10": 0.012937209993728422,
      "pinball_loss_q50": 0.02037999643424207,
      "pinball_loss_q90": 0.008038455060645022,
      "q10_q90_interval_coverage": 0.7151277013752456,
      "q10_q90_interval_width_mean": 0.10928071460103995,
      "rmse": 0.10825723017049382,
      "run_scope": "primary",
      "split_name": "condition_fold",
      "subset_name": "baseline_clean_tolerant",
      "target": "delta_capacity_Ah",
      "test_cells": 45,
      "test_parameter_sets": 15,
      "test_rows": 509,
      "train_parameter_sets": 61,
      "train_rows": 3318,
      "worst_condition_mae": 0.2875809189476237
    },
    {
      "condition_mean_mae": 0.04483095430010208,
      "condition_median_mae": 0.02251684162761916,
      "feature_group": "F8_timestamp_weighted_stress",
      "heldout_fold": 4,
      "mae": 0.019553818882726504,
      "model_level": "L3_quantile_hist_gradient_boosting",
      "pinball_loss_q10": 0.005799809349797452,
      "pinball_loss_q50": 0.009776909441363252,
      "pinball_loss_q90": 0.004777194695302246,
      "q10_q90_interval_coverage": 0.6708507670850767,
      "q10_q90_interval_width_mean": 0.07702124514185961,
      "rmse": 0.047557046487405726,
      "run_scope": "primary",
      "split_name": "condition_fold",
      "subset_name": "baseline_clean_tolerant",
      "target": "delta_capacity_Ah",
      "test_cells": 45,
      "test_parameter_sets": 15,
      "test_rows": 717,
      "train_parameter_sets": 61,
      "train_rows": 3110,
      "worst_condition_mae": 0.16870888606058607
    },
    {
      "condition_mean_mae": 0.04802458832688189,
      "condition_median_mae": 0.03230647651069034,
      "feature_group": "F8_timestamp_weighted_stress",
      "heldout_fold": 0,
      "mae": 0.026482166733728465,
      "model_level": "L3_quantile_hist_gradient_boosting",
      "pinball_loss_q10": 0.008266367241862109,
      "pinball_loss_q50": 0.013241083366864232,
      "pinball_loss_q90": 0.005752626550462538,
      "q10_q90_interval_coverage": 0.6096774193548387,
      "q10_q90_interval_width_mean": 0.062470960064642374,
      "rmse": 0.06774297911206803,
      "run_scope": "sensitivity_excluding_monotonicity",
      "split_name": "condition_fold",
      "subset_name": "baseline_clean_tolerant",
      "target": "delta_capacity_Ah",
      "test_cells": 48,
      "test_parameter_sets": 16,
      "test_rows": 620,
      "train_parameter_sets": 60,
      "train_rows": 2153,
      "worst_condition_mae": 0.1580622391850117
    },
    {
      "condition_mean_mae": 0.03950089028987492,
      "condition_median_mae": 0.0196062164549167,
      "feature_group": "F8_timestamp_weighted_stress",
      "heldout_fold": 1,
      "mae": 0.020308429290229208,
      "model_level": "L3_quantile_hist_gradient_boosting",
      "pinball_loss_q10": 0.008402116342942568,
      "pinball_loss_q50": 0.010154214645114604,
      "pinball_loss_q90": 0.0036196418704146117,
      "q10_q90_interval_coverage": 0.6671875,
      "q10_q90_interval_width_mean": 0.05598684486118196,
      "rmse": 0.05959164581578697,
      "run_scope": "sensitivity_excluding_monotonicity",
      "split_name": "condition_fold",
      "subset_name": "baseline_clean_tolerant",
      "target": "delta_capacity_Ah",
      "test_cells": 45,
      "test_parameter_sets": 15,
      "test_rows": 640,
      "train_parameter_sets": 61,
      "train_rows": 2133,
      "worst_condition_mae": 0.1431043432260503
    },
    {
      "condition_mean_mae": 0.03697186664547396,
      "condition_median_mae": 0.021519811038574383,
      "feature_group": "F8_timestamp_weighted_stress",
      "heldout_fold": 2,
      "mae": 0.016932755958233493,
      "model_level": "L3_quantile_hist_gradient_boosting",
      "pinball_loss_q10": 0.006930169764179248,
      "pinball_loss_q50": 0.008466377979116747,
      "pinball_loss_q90": 0.0032000470027309224,
      "q10_q90_interval_coverage": 0.7142857142857143,
      "q10_q90_interval_width_mean": 0.06674961932571327,
      "rmse": 0.05117343367622379,
      "run_scope": "sensitivity_excluding_monotonicity",
      "split_name": "condition_fold",
      "subset_name": "baseline_clean_tolerant",
      "target": "delta_capacity_Ah",
      "test_cells": 45,
      "test_parameter_sets": 15,
      "test_rows": 637,
      "train_parameter_sets": 61,
      "train_rows": 2136,
      "worst_condition_mae": 0.16976931169080406
    },
    {
      "condition_mean_mae": 0.08278566853681069,
      "condition_median_mae": 0.07094177756752948,
      "feature_group": "F8_timestamp_weighted_stress",
      "heldout_fold": 3,
      "mae": 0.03918770543397811,
      "model_level": "L3_quantile_hist_gradient_boosting",
      "pinball_loss_q10": 0.01270241153621443,
      "pinball_loss_q50": 0.019593852716989053,
      "pinball_loss_q90": 0.007993065628241735,
      "q10_q90_interval_coverage": 0.7068062827225131,