{
  "feature_group": "F4_state_log_age_scalar",
  "fold_metrics": [
    {
      "condition_mean_mae": 0.1103767465858074,
      "condition_median_mae": 0.061882496485582916,
      "feature_group": "F4_state_log_age_scalar",
      "heldout_fold": 1,
      "mae": 0.03999346554537276,
      "model_level": "L3_quantile_hist_gradient_boosting",
      "pinball_loss_q10": 0.016691294152555772,
      "pinball_loss_q50": 0.01999673277268638,
      "pinball_loss_q90": 0.01283833914291998,
      "q10_q90_interval_coverage": 0.7830188679245284,
      "q10_q90_interval_width_mean": 0.17861824088253858,
      "rmse": 0.10880768920098553,
      "run_scope": "primary",
      "split_name": "temperature_holdout_fold",
      "subset_name": "baseline_clean_tolerant",
      "target": "capacity_Ah_k1",
      "test_cells": 57,
      "test_parameter_sets": 19,
      "test_rows": 742,
      "train_parameter_sets": 57,
      "train_rows": 3085,
      "worst_condition_mae": 0.352940910904298
    },
    {
      "condition_mean_mae": 0.05920818661247636,
      "condition_median_mae": 0.047438667535270894,
      "feature_group": "F4_state_log_age_scalar",
      "heldout_fold": 2,
      "mae": 0.03893955802266403,
      "model_level": "L3_quantile_hist_gradient_boosting",
      "pinball_loss_q10": 0.01577957713438383,
      "pinball_loss_q50": 0.019469779011332015,
      "pinball_loss_q90": 0.011227053816956972,
      "q10_q90_interval_coverage": 0.6679245283018868,
      "q10_q90_interval_width_mean": 0.14013730423432466,
      "rmse": 0.10295122276598424,
      "run_scope": "primary",
      "split_name": "temperature_holdout_fold",
      "subset_name": "baseline_clean_tolerant",
      "target": "capacity_Ah_k1",
      "test_cells": 57,
      "test_parameter_sets": 19,
      "test_rows": 1060,
      "train_parameter_sets": 57,
      "train_rows": 2767,
      "worst_condition_mae": 0.1810087095050517
    },
    {
      "condition_mean_mae": 0.11405934096570661,
      "condition_median_mae": 0.0870578079188322,
      "feature_group": "F4_state_log_age_scalar",
      "heldout_fold": 1,
      "mae": 0.045457830472932656,
      "model_level": "L3_quantile_hist_gradient_boosting",
      "pinball_loss_q10": 0.020858591683149765,
      "pinball_loss_q50": 0.022728915236466328,
      "pinball_loss_q90": 0.01367581876842605,
      "q10_q90_interval_coverage": 0.6924686192468619,
      "q10_q90_interval_width_mean": 0.17320080583496156,
      "rmse": 0.12473294148050243,
      "run_scope": "sensitivity_excluding_monotonicity",
      "split_name": "temperature_holdout_fold",
      "subset_name": "baseline_clean_tolerant",
      "target": "capacity_Ah_k1",
      "test_cells": 56,
      "test_parameter_sets": 19,
      "test_rows": 478,
      "train_parameter_sets": 57,
      "train_rows": 2295,
      "worst_condition_mae": 0.36417150243613733
    },
    {
      "condition_mean_mae": 0.06318325126331623,
      "condition_median_mae": 0.06205501592950267,
      "feature_group": "F4_state_log_age_scalar",
      "heldout_fold": 2,
      "mae": 0.04383870117637097,
      "model_level": "L3_quantile_hist_gradient_boosting",
      "pinball_loss_q10": 0.018258378099135473,
      "pinball_loss_q50": 0.021919350588185484,
      "pinball_loss_q90": 0.009508342288086256,
      "q10_q90_interval_coverage": 0.6977040816326531,
      "q10_q90_interval_width_mean": 0.15043860512640567,
      "rmse": 0.11125774251727592,
      "run_scope": "sensitivity_excluding_monotonicity",
      "split_name": "temperature_holdout_fold",
      "subset_name": "baseline_clean_tolerant",
      "target": "capacity_Ah_k1",
      "test_cells": 57,
      "test_parameter_sets": 19,
      "test_rows": 784,
      "train_parameter_sets": 57,
      "train_rows": 1989,
      "worst_condition_mae": 0.1701332903540829
    }
  ],
  "model_level": "L3_quantile_hist_gradient_boosting",
  "primary_summary": {
    "condition_mean_mae": 0.08479246659914189,
    "condition_median_mae": 0.05466058201042691,
    "fold_count": 2,
    "mean_mae": 0.039466511784018395,
    "mean_rmse": 0.10587945598348489,
    "worst_condition_mae": 0.352940910904298
  },
  "row_counts": {
    "baseline_clean_strict_rows": 2773,
    "baseline_clean_tolerant_rows": 3827,
    "full_interval_rows": 3827,
    "selected_cells": 228,
    "selected_parameter_sets": 76,
    "selected_subset_rows": 3827,
    "sensitivity_excluding_monotonicity_rows": 2773,
    "sensitivity_flagged_monotonicity_rows": 1054
  },
  "schema_version": "gate5.capacity_baseline.v1",
  "sensitivity_excluding_monotonicity_summary": {
    "condition_mean_mae": 0.08862129611451142,
    "condition_median_mae": 0.07455641192416744,
    "fold_count": 2,
    "mean_mae": 0.04464826582465181,
    "mean_rmse": 0.11799534199888917,
    "worst_condition_mae": 0.36417150243613733
  },
  "split_name": "temperature_holdout_fold",
  "target": "capacity_Ah_k1"
}
