{
  "feature_group": "F9_event_segmented_stress",
  "fold_metrics": [
    {
      "condition_mean_mae": 0.042874834897530655,
      "condition_median_mae": 0.031234571363978576,
      "feature_group": "F9_event_segmented_stress",
      "heldout_fold": 0,
      "mae": 0.02606589682755354,
      "model_level": "L3_quantile_hist_gradient_boosting",
      "pinball_loss_q10": 0.00977466079108755,
      "pinball_loss_q50": 0.01303294841377677,
      "pinball_loss_q90": 0.00563256411961577,
      "q10_q90_interval_coverage": 0.518957345971564,
      "q10_q90_interval_width_mean": 0.06777267818866993,
      "rmse": 0.0664474665301893,
      "run_scope": "primary",
      "split_name": "condition_fold",
      "subset_name": "baseline_clean_tolerant",
      "target": "delta_capacity_Ah",
      "test_cells": 48,
      "test_parameter_sets": 16,
      "test_rows": 844,
      "train_parameter_sets": 60,
      "train_rows": 2983,
      "worst_condition_mae": 0.1401573547740121
    },
    {
      "condition_mean_mae": 0.040781252712738934,
      "condition_median_mae": 0.020497474489449646,
      "feature_group": "F9_event_segmented_stress",
      "heldout_fold": 1,
      "mae": 0.020372640515961056,
      "model_level": "L3_quantile_hist_gradient_boosting",
      "pinball_loss_q10": 0.00852780947473234,
      "pinball_loss_q50": 0.010186320257980528,
      "pinball_loss_q90": 0.00406362872319253,
      "q10_q90_interval_coverage": 0.669364161849711,
      "q10_q90_interval_width_mean": 0.05872772784615957,
      "rmse": 0.06469501804167344,
      "run_scope": "primary",
      "split_name": "condition_fold",
      "subset_name": "baseline_clean_tolerant",
      "target": "delta_capacity_Ah",
      "test_cells": 45,
      "test_parameter_sets": 15,
      "test_rows": 865,
      "train_parameter_sets": 61,
      "train_rows": 2962,
      "worst_condition_mae": 0.13545039317381907
    },
    {
      "condition_mean_mae": 0.03992000948529965,
      "condition_median_mae": 0.02497319674589134,
      "feature_group": "F9_event_segmented_stress",
      "heldout_fold": 2,
      "mae": 0.018398509813749533,
      "model_level": "L3_quantile_hist_gradient_boosting",
      "pinball_loss_q10": 0.0072859381601757265,
      "pinball_loss_q50": 0.009199254906874767,
      "pinball_loss_q90": 0.0030625475826778974,
      "q10_q90_interval_coverage": 0.781390134529148,
      "q10_q90_interval_width_mean": 0.06786883622130467,
      "rmse": 0.051106833839865744,
      "run_scope": "primary",
      "split_name": "condition_fold",
      "subset_name": "baseline_clean_tolerant",
      "target": "delta_capacity_Ah",
      "test_cells": 45,
      "test_parameter_sets": 15,
      "test_rows": 892,
      "train_parameter_sets": 61,
      "train_rows": 2935,
      "worst_condition_mae": 0.23135276903726762
    },
    {
      "condition_mean_mae": 0.08807561422629301,
      "condition_median_mae": 0.0670446588200932,
      "feature_group": "F9_event_segmented_stress",
      "heldout_fold": 3,
      "mae": 0.04161870259896134,
      "model_level": "L3_quantile_hist_gradient_boosting",
      "pinball_loss_q10": 0.013109504771732892,
      "pinball_loss_q50": 0.02080935129948067,
      "pinball_loss_q90": 0.00799980634974856,
      "q10_q90_interval_coverage": 0.7387033398821218,
      "q10_q90_interval_width_mean": 0.11678991645143107,
      "rmse": 0.1076783710828409,
      "run_scope": "primary",
      "split_name": "condition_fold",
      "subset_name": "baseline_clean_tolerant",
      "target": "delta_capacity_Ah",
      "test_cells": 45,
      "test_parameter_sets": 15,
      "test_rows": 509,
      "train_parameter_sets": 61,
      "train_rows": 3318,
      "worst_condition_mae": 0.25909661738052775
    },
    {
      "condition_mean_mae": 0.05696865954664512,
      "condition_median_mae": 0.02849110380595269,
      "feature_group": "F9_event_segmented_stress",
      "heldout_fold": 4,
      "mae": 0.02174779429395013,
      "model_level": "L3_quantile_hist_gradient_boosting",
      "pinball_loss_q10": 0.00784838798422955,
      "pinball_loss_q50": 0.010873897146975064,
      "pinball_loss_q90": 0.004887636319121988,
      "q10_q90_interval_coverage": 0.697350069735007,
      "q10_q90_interval_width_mean": 0.08526065664615923,
      "rmse": 0.06031704693197827,
      "run_scope": "primary",
      "split_name": "condition_fold",
      "subset_name": "baseline_clean_tolerant",
      "target": "delta_capacity_Ah",
      "test_cells": 45,
      "test_parameter_sets": 15,
      "test_rows": 717,
      "train_parameter_sets": 61,
      "train_rows": 3110,
      "worst_condition_mae": 0.25947591406839315
    },
    {
      "condition_mean_mae": 0.045882281113594006,
      "condition_median_mae": 0.0292808496186881,
      "feature_group": "F9_event_segmented_stress",
      "heldout_fold": 0,
      "mae": 0.0256593062085728,
      "model_level": "L3_quantile_hist_gradient_boosting",
      "pinball_loss_q10": 0.008171863835320328,
      "pinball_loss_q50": 0.0128296531042864,
      "pinball_loss_q90": 0.005767261549030023,
      "q10_q90_interval_coverage": 0.5596774193548387,
      "q10_q90_interval_width_mean": 0.06289285312755677,
      "rmse": 0.06802944866223593,
      "run_scope": "sensitivity_excluding_monotonicity",
      "split_name": "condition_fold",
      "subset_name": "baseline_clean_tolerant",
      "target": "delta_capacity_Ah",
      "test_cells": 48,
      "test_parameter_sets": 16,
      "test_rows": 620,
      "train_parameter_sets": 60,
      "train_rows": 2153,
      "worst_condition_mae": 0.14633662898447655
    },
    {
      "condition_mean_mae": 0.0420148933666676,
      "condition_median_mae": 0.017447580884741774,
      "feature_group": "F9_event_segmented_stress",
      "heldout_fold": 1,
      "mae": 0.020956876492862205,
      "model_level": "L3_quantile_hist_gradient_boosting",
      "pinball_loss_q10": 0.008078305509349683,
      "pinball_loss_q50": 0.010478438246431103,
      "pinball_loss_q90": 0.003632335631797396,
      "q10_q90_interval_coverage": 0.66875,
      "q10_q90_interval_width_mean": 0.054918071205672624,
      "rmse": 0.06662291266336016,
      "run_scope": "sensitivity_excluding_monotonicity",
      "split_name": "condition_fold",
      "subset_name": "baseline_clean_tolerant",
      "target": "delta_capacity_Ah",
      "test_cells": 45,
      "test_parameter_sets": 15,
      "test_rows": 640,
      "train_parameter_sets": 61,
      "train_rows": 2133,
      "worst_condition_mae": 0.18248925021536458
    },
    {
      "condition_mean_mae": 0.03820117436358112,
      "condition_median_mae": 0.027538458950248607,
      "feature_group": "F9_event_segmented_stress",
      "heldout_fold": 2,
      "mae": 0.01743362618921231,
      "model_level": "L3_quantile_hist_gradient_boosting",
      "pinball_loss_q10": 0.007499714988807091,
      "pinball_loss_q50": 0.008716813094606155,
      "pinball_loss_q90": 0.0030973058416746795,
      "q10_q90_interval_coverage": 0.7394034536891679,
      "q10_q90_interval_width_mean": 0.07274961103427113,
      "rmse": 0.054525850906754096,
      "run_scope": "sensitivity_excluding_monotonicity",
      "split_name": "condition_fold",
      "subset_name": "baseline_clean_tolerant",
      "target": "delta_capacity_Ah",
      "test_cells": 45,
      "test_parameter_sets": 15,
      "test_rows": 637,
      "train_parameter_sets": 61,
      "train_rows": 2136,
      "worst_condition_mae": 0.18805773318558033
    },
    {
      "condition_mean_mae": 0.08489103947859472,
      "condition_median_mae": 0.06498321544718592,
      "feature_group": "F9_event_segmented_stress",
      "heldout_fold": 3,
      "mae": 0.04047195793183404,
      "model_level": "L3_quantile_hist_gradient_boosting",
      "pinball_loss_q10": 0.014467812709924366,
      "pinball_loss_q50": 0.02023597896591702,
      "pinball_loss_q90": 0.007864995405289468,
      "q10_q90_interval_coverage": 0.7120418848167539,