{
  "feature_group": "F9_event_segmented_stress",
  "fold_metrics": [
    {
      "condition_mean_mae": 0.17144573739756186,
      "condition_median_mae": 0.16430533184948284,
      "feature_group": "F9_event_segmented_stress",
      "heldout_fold": 1,
      "mae": 0.11858658617696517,
      "model_level": "L3_quantile_hist_gradient_boosting",
      "pinball_loss_q10": 0.05715004439440884,
      "pinball_loss_q50": 0.059293293088482586,
      "pinball_loss_q90": 0.02441358469901508,
      "q10_q90_interval_coverage": 0.6560509554140127,
      "q10_q90_interval_width_mean": 0.26121399989160565,
      "rmse": 0.20727603589851348,
      "run_scope": "primary",
      "split_name": "c_rate_holdout_fold",
      "subset_name": "baseline_clean_tolerant",
      "target": "capacity_Ah_k1",
      "test_cells": 36,
      "test_parameter_sets": 12,
      "test_rows": 157,
      "train_parameter_sets": 64,
      "train_rows": 3670,
      "worst_condition_mae": 0.3195269480692133
    },
    {
      "condition_mean_mae": 0.1956968364146717,
      "condition_median_mae": 0.19697636293028464,
      "feature_group": "F9_event_segmented_stress",
      "heldout_fold": 1,
      "mae": 0.14647112351535238,
      "model_level": "L3_quantile_hist_gradient_boosting",
      "pinball_loss_q10": 0.05906906121733028,
      "pinball_loss_q50": 0.07323556175767619,
      "pinball_loss_q90": 0.025624670676644198,
      "q10_q90_interval_coverage": 0.6422018348623854,
      "q10_q90_interval_width_mean": 0.2619794283147111,
      "rmse": 0.2501020301760638,
      "run_scope": "sensitivity_excluding_monotonicity",
      "split_name": "c_rate_holdout_fold",
      "subset_name": "baseline_clean_tolerant",
      "target": "capacity_Ah_k1",
      "test_cells": 36,
      "test_parameter_sets": 12,
      "test_rows": 109,
      "train_parameter_sets": 64,
      "train_rows": 2664,
      "worst_condition_mae": 0.33434818660934784
    }
  ],
  "model_level": "L3_quantile_hist_gradient_boosting",
  "primary_summary": {
    "condition_mean_mae": 0.17144573739756186,
    "condition_median_mae": 0.16430533184948284,
    "fold_count": 1,
    "mean_mae": 0.11858658617696517,
    "mean_rmse": 0.20727603589851348,
    "worst_condition_mae": 0.3195269480692133
  },
  "row_counts": {
    "baseline_clean_strict_rows": 2773,
    "baseline_clean_tolerant_rows": 3827,
    "full_interval_rows": 3827,
    "selected_cells": 228,
    "selected_parameter_sets": 76,
    "selected_subset_rows": 3827,
    "sensitivity_excluding_monotonicity_rows": 2773,
    "sensitivity_flagged_monotonicity_rows": 1054
  },
  "schema_version": "gate5.capacity_baseline.v1",
  "sensitivity_excluding_monotonicity_summary": {
    "condition_mean_mae": 0.1956968364146717,
    "condition_median_mae": 0.19697636293028464,
    "fold_count": 1,
    "mean_mae": 0.14647112351535238,
    "mean_rmse": 0.2501020301760638,
    "worst_condition_mae": 0.33434818660934784
  },
  "split_name": "c_rate_holdout_fold",
  "target": "capacity_Ah_k1"
}
