{
  "feature_group": "F5_log_age_histograms",
  "fold_metrics": [
    {
      "condition_mean_mae": 0.046174152699705144,
      "condition_median_mae": 0.027141128564911767,
      "feature_group": "F5_log_age_histograms",
      "heldout_fold": 0,
      "mae": 0.02741982971739782,
      "model_level": "L3_quantile_hist_gradient_boosting",
      "pinball_loss_q10": 0.011118038194003829,
      "pinball_loss_q50": 0.01370991485869891,
      "pinball_loss_q90": 0.015203275342968394,
      "q10_q90_interval_coverage": 0.8246445497630331,
      "q10_q90_interval_width_mean": 0.20683503694745065,
      "rmse": 0.06647272962991062,
      "run_scope": "primary",
      "split_name": "condition_fold",
      "subset_name": "baseline_clean_tolerant",
      "target": "capacity_Ah_k1",
      "test_cells": 48,
      "test_parameter_sets": 16,
      "test_rows": 844,
      "train_parameter_sets": 60,
      "train_rows": 2983,
      "worst_condition_mae": 0.13368844046775274
    },
    {
      "condition_mean_mae": 0.047577107602768245,
      "condition_median_mae": 0.026519457236966044,
      "feature_group": "F5_log_age_histograms",
      "heldout_fold": 1,
      "mae": 0.02470931411249727,
      "model_level": "L3_quantile_hist_gradient_boosting",
      "pinball_loss_q10": 0.01287359202617191,
      "pinball_loss_q50": 0.012354657056248636,
      "pinball_loss_q90": 0.007830299199092169,
      "q10_q90_interval_coverage": 0.7872832369942196,
      "q10_q90_interval_width_mean": 0.14855913076471408,
      "rmse": 0.07300253444017779,
      "run_scope": "primary",
      "split_name": "condition_fold",
      "subset_name": "baseline_clean_tolerant",
      "target": "capacity_Ah_k1",
      "test_cells": 45,
      "test_parameter_sets": 15,
      "test_rows": 865,
      "train_parameter_sets": 61,
      "train_rows": 2962,
      "worst_condition_mae": 0.20777456615326054
    },
    {
      "condition_mean_mae": 0.04417188488129911,
      "condition_median_mae": 0.024096327010149125,
      "feature_group": "F5_log_age_histograms",
      "heldout_fold": 2,
      "mae": 0.021248257324299604,
      "model_level": "L3_quantile_hist_gradient_boosting",
      "pinball_loss_q10": 0.010365987058877951,
      "pinball_loss_q50": 0.010624128662149802,
      "pinball_loss_q90": 0.0073277322865008074,
      "q10_q90_interval_coverage": 0.7443946188340808,
      "q10_q90_interval_width_mean": 0.1325454514653853,
      "rmse": 0.05083448923406617,
      "run_scope": "primary",
      "split_name": "condition_fold",
      "subset_name": "baseline_clean_tolerant",
      "target": "capacity_Ah_k1",
      "test_cells": 45,
      "test_parameter_sets": 15,
      "test_rows": 892,
      "train_parameter_sets": 61,
      "train_rows": 2935,
      "worst_condition_mae": 0.2434115306887035
    },
    {
      "condition_mean_mae": 0.08362881987820667,
      "condition_median_mae": 0.0778873568887186,
      "feature_group": "F5_log_age_histograms",
      "heldout_fold": 3,
      "mae": 0.04012380789909832,
      "model_level": "L3_quantile_hist_gradient_boosting",
      "pinball_loss_q10": 0.01721837312603416,
      "pinball_loss_q50": 0.02006190394954916,
      "pinball_loss_q90": 0.012156636446689907,
      "q10_q90_interval_coverage": 0.8055009823182712,
      "q10_q90_interval_width_mean": 0.17776439407478103,
      "rmse": 0.10680946309922854,
      "run_scope": "primary",
      "split_name": "condition_fold",
      "subset_name": "baseline_clean_tolerant",
      "target": "capacity_Ah_k1",
      "test_cells": 45,
      "test_parameter_sets": 15,
      "test_rows": 509,
      "train_parameter_sets": 61,
      "train_rows": 3318,
      "worst_condition_mae": 0.2783682103263083
    },
    {
      "condition_mean_mae": 0.05288863378098805,
      "condition_median_mae": 0.03563359457814235,
      "feature_group": "F5_log_age_histograms",
      "heldout_fold": 4,
      "mae": 0.02234494473277957,
      "model_level": "L3_quantile_hist_gradient_boosting",
      "pinball_loss_q10": 0.010664982107028244,
      "pinball_loss_q50": 0.011172472366389786,
      "pinball_loss_q90": 0.008704813315911115,
      "q10_q90_interval_coverage": 0.8172942817294282,
      "q10_q90_interval_width_mean": 0.15217995589673727,
      "rmse": 0.05546227820509961,
      "run_scope": "primary",
      "split_name": "condition_fold",
      "subset_name": "baseline_clean_tolerant",
      "target": "capacity_Ah_k1",
      "test_cells": 45,
      "test_parameter_sets": 15,
      "test_rows": 717,
      "train_parameter_sets": 61,
      "train_rows": 3110,
      "worst_condition_mae": 0.18725533648420464
    },
    {
      "condition_mean_mae": 0.05983184980462673,
      "condition_median_mae": 0.03685892422132461,
      "feature_group": "F5_log_age_histograms",
      "heldout_fold": 0,
      "mae": 0.02996360080213826,
      "model_level": "L3_quantile_hist_gradient_boosting",
      "pinball_loss_q10": 0.009659210343589705,
      "pinball_loss_q50": 0.01498180040106913,
      "pinball_loss_q90": 0.010602306714946743,
      "q10_q90_interval_coverage": 0.7951612903225806,
      "q10_q90_interval_width_mean": 0.14493226224037445,
      "rmse": 0.07578603271837932,
      "run_scope": "sensitivity_excluding_monotonicity",
      "split_name": "condition_fold",
      "subset_name": "baseline_clean_tolerant",
      "target": "capacity_Ah_k1",
      "test_cells": 48,
      "test_parameter_sets": 16,
      "test_rows": 620,
      "train_parameter_sets": 60,
      "train_rows": 2153,
      "worst_condition_mae": 0.21895003475647115
    },
    {
      "condition_mean_mae": 0.04634591232203458,
      "condition_median_mae": 0.024672158346519105,
      "feature_group": "F5_log_age_histograms",
      "heldout_fold": 1,
      "mae": 0.024292280875880513,
      "model_level": "L3_quantile_hist_gradient_boosting",
      "pinball_loss_q10": 0.012066854981296017,
      "pinball_loss_q50": 0.012146140437940257,
      "pinball_loss_q90": 0.006769675270702649,
      "q10_q90_interval_coverage": 0.7265625,
      "q10_q90_interval_width_mean": 0.1254437287435841,
      "rmse": 0.07059707989381866,
      "run_scope": "sensitivity_excluding_monotonicity",
      "split_name": "condition_fold",
      "subset_name": "baseline_clean_tolerant",
      "target": "capacity_Ah_k1",
      "test_cells": 45,
      "test_parameter_sets": 15,
      "test_rows": 640,
      "train_parameter_sets": 61,
      "train_rows": 2133,
      "worst_condition_mae": 0.20042747827658947
    },
    {
      "condition_mean_mae": 0.04292530074587502,
      "condition_median_mae": 0.011356175596486192,
      "feature_group": "F5_log_age_histograms",
      "heldout_fold": 2,
      "mae": 0.02071278859072016,
      "model_level": "L3_quantile_hist_gradient_boosting",
      "pinball_loss_q10": 0.012191392474881432,
      "pinball_loss_q50": 0.01035639429536008,
      "pinball_loss_q90": 0.0071404775164097874,
      "q10_q90_interval_coverage": 0.7252747252747253,
      "q10_q90_interval_width_mean": 0.14039471493240205,
      "rmse": 0.05652498213785375,
      "run_scope": "sensitivity_excluding_monotonicity",
      "split_name": "condition_fold",
      "subset_name": "baseline_clean_tolerant",
      "target": "capacity_Ah_k1",
      "test_cells": 45,
      "test_parameter_sets": 15,
      "test_rows": 637,
      "train_parameter_sets": 61,
      "train_rows": 2136,
      "worst_condition_mae": 0.24663908150018488
    },
    {
      "condition_mean_mae": 0.09487351460786105,
      "condition_median_mae": 0.06766612142096476,
      "feature_group": "F5_log_age_histograms",
      "heldout_fold": 3,
      "mae": 0.04562027244485059,
      "model_level": "L3_quantile_hist_gradient_boosting",
      "pinball_loss_q10": 0.01902131555641476,
      "pinball_loss_q50": 0.022810136222425295,
      "pinball_loss_q90": 0.014152830426907253,
      "q10_q90_interval_coverage": 0.7225130890052356,
      "q10_q90_interval_width_mean": 0.20049855614093978,
      "rmse": 0.1271291868665455,