{
  "feature_group": "F7_c_rate_focused",
  "fold_metrics": [
    {
      "condition_mean_mae": 0.09846748542439922,
      "condition_median_mae": 0.07399944450256311,
      "feature_group": "F7_c_rate_focused",
      "heldout_fold": 1,
      "mae": 0.03649830174631502,
      "model_level": "L3_quantile_hist_gradient_boosting",
      "pinball_loss_q10": 0.0193010889788093,
      "pinball_loss_q50": 0.01824915087315751,
      "pinball_loss_q90": 0.011079790838441001,
      "q10_q90_interval_coverage": 0.738544474393531,
      "q10_q90_interval_width_mean": 0.17718283628503018,
      "rmse": 0.11085144173318003,
      "run_scope": "primary",
      "split_name": "temperature_holdout_fold",
      "subset_name": "baseline_clean_tolerant",
      "target": "capacity_Ah_k1",
      "test_cells": 57,
      "test_parameter_sets": 19,
      "test_rows": 742,
      "train_parameter_sets": 57,
      "train_rows": 3085,
      "worst_condition_mae": 0.3545004624783954
    },
    {
      "condition_mean_mae": 0.05932614380073784,
      "condition_median_mae": 0.042300733116372925,
      "feature_group": "F7_c_rate_focused",
      "heldout_fold": 2,
      "mae": 0.0353114699786266,
      "model_level": "L3_quantile_hist_gradient_boosting",
      "pinball_loss_q10": 0.01847156460628346,
      "pinball_loss_q50": 0.0176557349893133,
      "pinball_loss_q90": 0.012693411290057684,
      "q10_q90_interval_coverage": 0.7971698113207547,
      "q10_q90_interval_width_mean": 0.17145776145224795,
      "rmse": 0.10436705179358276,
      "run_scope": "primary",
      "split_name": "temperature_holdout_fold",
      "subset_name": "baseline_clean_tolerant",
      "target": "capacity_Ah_k1",
      "test_cells": 57,
      "test_parameter_sets": 19,
      "test_rows": 1060,
      "train_parameter_sets": 57,
      "train_rows": 2767,
      "worst_condition_mae": 0.18972710389816638
    },
    {
      "condition_mean_mae": 0.10439318835957705,
      "condition_median_mae": 0.09046511686309154,
      "feature_group": "F7_c_rate_focused",
      "heldout_fold": 1,
      "mae": 0.04295829696130213,
      "model_level": "L3_quantile_hist_gradient_boosting",
      "pinball_loss_q10": 0.02208766103078784,
      "pinball_loss_q50": 0.021479148480651064,
      "pinball_loss_q90": 0.011170323544457848,
      "q10_q90_interval_coverage": 0.6903765690376569,
      "q10_q90_interval_width_mean": 0.15285404060961225,
      "rmse": 0.11834904590856982,
      "run_scope": "sensitivity_excluding_monotonicity",
      "split_name": "temperature_holdout_fold",
      "subset_name": "baseline_clean_tolerant",
      "target": "capacity_Ah_k1",
      "test_cells": 56,
      "test_parameter_sets": 19,
      "test_rows": 478,
      "train_parameter_sets": 57,
      "train_rows": 2295,
      "worst_condition_mae": 0.3591413709145553
    },
    {
      "condition_mean_mae": 0.08426627665003865,
      "condition_median_mae": 0.052705524345923536,
      "feature_group": "F7_c_rate_focused",
      "heldout_fold": 2,
      "mae": 0.060603187602460785,
      "model_level": "L3_quantile_hist_gradient_boosting",
      "pinball_loss_q10": 0.021493584491283052,
      "pinball_loss_q50": 0.030301593801230393,
      "pinball_loss_q90": 0.00856174542569416,
      "q10_q90_interval_coverage": 0.8201530612244898,
      "q10_q90_interval_width_mean": 0.1414771812149218,
      "rmse": 0.16437039112480661,
      "run_scope": "sensitivity_excluding_monotonicity",
      "split_name": "temperature_holdout_fold",
      "subset_name": "baseline_clean_tolerant",
      "target": "capacity_Ah_k1",
      "test_cells": 57,
      "test_parameter_sets": 19,
      "test_rows": 784,
      "train_parameter_sets": 57,
      "train_rows": 1989,
      "worst_condition_mae": 0.23752640758383511
    }
  ],
  "model_level": "L3_quantile_hist_gradient_boosting",
  "primary_summary": {
    "condition_mean_mae": 0.07889681461256853,
    "condition_median_mae": 0.05815008880946802,
    "fold_count": 2,
    "mean_mae": 0.035904885862470814,
    "mean_rmse": 0.10760924676338139,
    "worst_condition_mae": 0.3545004624783954
  },
  "row_counts": {
    "baseline_clean_strict_rows": 2773,
    "baseline_clean_tolerant_rows": 3827,
    "full_interval_rows": 3827,
    "selected_cells": 228,
    "selected_parameter_sets": 76,
    "selected_subset_rows": 3827,
    "sensitivity_excluding_monotonicity_rows": 2773,
    "sensitivity_flagged_monotonicity_rows": 1054
  },
  "schema_version": "gate5.capacity_baseline.v1",
  "sensitivity_excluding_monotonicity_summary": {
    "condition_mean_mae": 0.09432973250480785,
    "condition_median_mae": 0.07158532060450754,
    "fold_count": 2,
    "mean_mae": 0.05178074228188145,
    "mean_rmse": 0.14135971851668822,
    "worst_condition_mae": 0.3591413709145553
  },
  "split_name": "temperature_holdout_fold",
  "target": "capacity_Ah_k1"
}
