{
  "feature_group": "F6_coupled_stress",
  "fold_metrics": [
    {
      "condition_mean_mae": 0.17652395533734708,
      "condition_median_mae": 0.15584724443843284,
      "feature_group": "F6_coupled_stress",
      "heldout_fold": 1,
      "mae": 0.11854385195868165,
      "model_level": "L3_quantile_hist_gradient_boosting",
      "pinball_loss_q10": 0.053429887239182794,
      "pinball_loss_q50": 0.05927192597934083,
      "pinball_loss_q90": 0.023439187791769043,
      "q10_q90_interval_coverage": 0.6560509554140127,
      "q10_q90_interval_width_mean": 0.250990993981879,
      "rmse": 0.21812577786637619,
      "run_scope": "primary",
      "split_name": "c_rate_holdout_fold",
      "subset_name": "baseline_clean_tolerant",
      "target": "capacity_Ah_k1",
      "test_cells": 36,
      "test_parameter_sets": 12,
      "test_rows": 157,
      "train_parameter_sets": 64,
      "train_rows": 3670,
      "worst_condition_mae": 0.3548878975125296
    },
    {
      "condition_mean_mae": 0.19723185960623532,
      "condition_median_mae": 0.18144828646372535,
      "feature_group": "F6_coupled_stress",
      "heldout_fold": 1,
      "mae": 0.1478449160673967,
      "model_level": "L3_quantile_hist_gradient_boosting",
      "pinball_loss_q10": 0.05308575670956722,
      "pinball_loss_q50": 0.07392245803369835,
      "pinball_loss_q90": 0.026618313836993795,
      "q10_q90_interval_coverage": 0.6972477064220184,
      "q10_q90_interval_width_mean": 0.2962404646592643,
      "rmse": 0.24690995656722434,
      "run_scope": "sensitivity_excluding_monotonicity",
      "split_name": "c_rate_holdout_fold",
      "subset_name": "baseline_clean_tolerant",
      "target": "capacity_Ah_k1",
      "test_cells": 36,
      "test_parameter_sets": 12,
      "test_rows": 109,
      "train_parameter_sets": 64,
      "train_rows": 2664,
      "worst_condition_mae": 0.3453544224661722
    }
  ],
  "model_level": "L3_quantile_hist_gradient_boosting",
  "primary_summary": {
    "condition_mean_mae": 0.17652395533734708,
    "condition_median_mae": 0.15584724443843284,
    "fold_count": 1,
    "mean_mae": 0.11854385195868165,
    "mean_rmse": 0.21812577786637619,
    "worst_condition_mae": 0.3548878975125296
  },
  "row_counts": {
    "baseline_clean_strict_rows": 2773,
    "baseline_clean_tolerant_rows": 3827,
    "full_interval_rows": 3827,
    "selected_cells": 228,
    "selected_parameter_sets": 76,
    "selected_subset_rows": 3827,
    "sensitivity_excluding_monotonicity_rows": 2773,
    "sensitivity_flagged_monotonicity_rows": 1054
  },
  "schema_version": "gate5.capacity_baseline.v1",
  "sensitivity_excluding_monotonicity_summary": {
    "condition_mean_mae": 0.19723185960623532,
    "condition_median_mae": 0.18144828646372535,
    "fold_count": 1,
    "mean_mae": 0.1478449160673967,
    "mean_rmse": 0.24690995656722434,
    "worst_condition_mae": 0.3453544224661722
  },
  "split_name": "c_rate_holdout_fold",
  "target": "capacity_Ah_k1"
}
