{
  "feature_group": "F10_c_rate_v1_1",
  "fold_metrics": [
    {
      "condition_mean_mae": 0.05078447984207703,
      "condition_median_mae": 0.035473997066434455,
      "feature_group": "F10_c_rate_v1_1",
      "heldout_fold": 0,
      "mae": 0.028624386888916692,
      "model_level": "L3_quantile_hist_gradient_boosting",
      "pinball_loss_q10": 0.010860379785256223,
      "pinball_loss_q50": 0.014312193444458346,
      "pinball_loss_q90": 0.015232067909735155,
      "q10_q90_interval_coverage": 0.8388625592417062,
      "q10_q90_interval_width_mean": 0.21503024296548023,
      "rmse": 0.07280806070185025,
      "run_scope": "primary",
      "split_name": "condition_fold",
      "subset_name": "baseline_clean_tolerant",
      "target": "capacity_Ah_k1",
      "test_cells": 48,
      "test_parameter_sets": 16,
      "test_rows": 844,
      "train_parameter_sets": 60,
      "train_rows": 2983,
      "worst_condition_mae": 0.1672307535265577
    },
    {
      "condition_mean_mae": 0.04968861726349281,
      "condition_median_mae": 0.026709774629790278,
      "feature_group": "F10_c_rate_v1_1",
      "heldout_fold": 1,
      "mae": 0.025416208706465673,
      "model_level": "L3_quantile_hist_gradient_boosting",
      "pinball_loss_q10": 0.014364652679583825,
      "pinball_loss_q50": 0.012708104353232837,
      "pinball_loss_q90": 0.008158180964420598,
      "q10_q90_interval_coverage": 0.7526011560693642,
      "q10_q90_interval_width_mean": 0.1517648151106172,
      "rmse": 0.08026905774142842,
      "run_scope": "primary",
      "split_name": "condition_fold",
      "subset_name": "baseline_clean_tolerant",
      "target": "capacity_Ah_k1",
      "test_cells": 45,
      "test_parameter_sets": 15,
      "test_rows": 865,
      "train_parameter_sets": 61,
      "train_rows": 2962,
      "worst_condition_mae": 0.1862920441546687
    },
    {
      "condition_mean_mae": 0.04782026244669468,
      "condition_median_mae": 0.02803217998658763,
      "feature_group": "F10_c_rate_v1_1",
      "heldout_fold": 2,
      "mae": 0.024563858817460982,
      "model_level": "L3_quantile_hist_gradient_boosting",
      "pinball_loss_q10": 0.013205452515784765,
      "pinball_loss_q50": 0.012281929408730491,
      "pinball_loss_q90": 0.007461689344556509,
      "q10_q90_interval_coverage": 0.7589686098654709,
      "q10_q90_interval_width_mean": 0.15472021739885855,
      "rmse": 0.06252219914042605,
      "run_scope": "primary",
      "split_name": "condition_fold",
      "subset_name": "baseline_clean_tolerant",
      "target": "capacity_Ah_k1",
      "test_cells": 45,
      "test_parameter_sets": 15,
      "test_rows": 892,
      "train_parameter_sets": 61,
      "train_rows": 2935,
      "worst_condition_mae": 0.24009264803612076
    },
    {
      "condition_mean_mae": 0.09665274298397422,
      "condition_median_mae": 0.08800299132027756,
      "feature_group": "F10_c_rate_v1_1",
      "heldout_fold": 3,
      "mae": 0.04781299105409313,
      "model_level": "L3_quantile_hist_gradient_boosting",
      "pinball_loss_q10": 0.02053509232417846,
      "pinball_loss_q50": 0.023906495527046566,
      "pinball_loss_q90": 0.012936531606353304,
      "q10_q90_interval_coverage": 0.8388998035363457,
      "q10_q90_interval_width_mean": 0.182449945235623,
      "rmse": 0.12902818186282372,
      "run_scope": "primary",
      "split_name": "condition_fold",
      "subset_name": "baseline_clean_tolerant",
      "target": "capacity_Ah_k1",
      "test_cells": 45,
      "test_parameter_sets": 15,
      "test_rows": 509,
      "train_parameter_sets": 61,
      "train_rows": 3318,
      "worst_condition_mae": 0.3209224255912581
    },
    {
      "condition_mean_mae": 0.08301330478071794,
      "condition_median_mae": 0.04098386448661184,
      "feature_group": "F10_c_rate_v1_1",
      "heldout_fold": 4,
      "mae": 0.03297584513937315,
      "model_level": "L3_quantile_hist_gradient_boosting",
      "pinball_loss_q10": 0.013588985741010006,
      "pinball_loss_q50": 0.016487922569686574,
      "pinball_loss_q90": 0.008886605584179808,
      "q10_q90_interval_coverage": 0.7852161785216178,
      "q10_q90_interval_width_mean": 0.14361765974232424,
      "rmse": 0.09651942332414418,
      "run_scope": "primary",
      "split_name": "condition_fold",
      "subset_name": "baseline_clean_tolerant",
      "target": "capacity_Ah_k1",
      "test_cells": 45,
      "test_parameter_sets": 15,
      "test_rows": 717,
      "train_parameter_sets": 61,
      "train_rows": 3110,
      "worst_condition_mae": 0.32426298067700704
    },
    {
      "condition_mean_mae": 0.06068484186907692,
      "condition_median_mae": 0.035907201990047564,
      "feature_group": "F10_c_rate_v1_1",
      "heldout_fold": 0,
      "mae": 0.03024423119405674,
      "model_level": "L3_quantile_hist_gradient_boosting",
      "pinball_loss_q10": 0.01154954928281051,
      "pinball_loss_q50": 0.01512211559702837,
      "pinball_loss_q90": 0.011140257018197807,
      "q10_q90_interval_coverage": 0.8209677419354838,
      "q10_q90_interval_width_mean": 0.16337318859079014,
      "rmse": 0.07843590356154892,
      "run_scope": "sensitivity_excluding_monotonicity",
      "split_name": "condition_fold",
      "subset_name": "baseline_clean_tolerant",
      "target": "capacity_Ah_k1",
      "test_cells": 48,
      "test_parameter_sets": 16,
      "test_rows": 620,
      "train_parameter_sets": 60,
      "train_rows": 2153,
      "worst_condition_mae": 0.20269787603662612
    },
    {
      "condition_mean_mae": 0.049466858432540915,
      "condition_median_mae": 0.026272130847082353,
      "feature_group": "F10_c_rate_v1_1",
      "heldout_fold": 1,
      "mae": 0.024844126140241014,
      "model_level": "L3_quantile_hist_gradient_boosting",
      "pinball_loss_q10": 0.01231138922984763,
      "pinball_loss_q50": 0.012422063070120507,
      "pinball_loss_q90": 0.006698342039407827,
      "q10_q90_interval_coverage": 0.79375,
      "q10_q90_interval_width_mean": 0.12355775587736591,
      "rmse": 0.08018212284697349,
      "run_scope": "sensitivity_excluding_monotonicity",
      "split_name": "condition_fold",
      "subset_name": "baseline_clean_tolerant",
      "target": "capacity_Ah_k1",
      "test_cells": 45,
      "test_parameter_sets": 15,
      "test_rows": 640,
      "train_parameter_sets": 61,
      "train_rows": 2133,
      "worst_condition_mae": 0.20208112513933776
    },
    {
      "condition_mean_mae": 0.0482034295302481,
      "condition_median_mae": 0.024132959245045146,
      "feature_group": "F10_c_rate_v1_1",
      "heldout_fold": 2,
      "mae": 0.021862570664186485,
      "model_level": "L3_quantile_hist_gradient_boosting",
      "pinball_loss_q10": 0.01238966801194886,
      "pinball_loss_q50": 0.010931285332093242,
      "pinball_loss_q90": 0.00640194527868505,
      "q10_q90_interval_coverage": 0.717425431711146,
      "q10_q90_interval_width_mean": 0.12843447130278635,
      "rmse": 0.06322211627145906,
      "run_scope": "sensitivity_excluding_monotonicity",
      "split_name": "condition_fold",
      "subset_name": "baseline_clean_tolerant",
      "target": "capacity_Ah_k1",
      "test_cells": 45,
      "test_parameter_sets": 15,
      "test_rows": 637,
      "train_parameter_sets": 61,
      "train_rows": 2136,
      "worst_condition_mae": 0.2694151259701664
    },
    {
      "condition_mean_mae": 0.0972996562834451,
      "condition_median_mae": 0.07639933624389653,
      "feature_group": "F10_c_rate_v1_1",
      "heldout_fold": 3,
      "mae": 0.05080825490875171,
      "model_level": "L3_quantile_hist_gradient_boosting",
      "pinball_loss_q10": 0.02348861228495313,
      "pinball_loss_q50": 0.025404127454375855,
      "pinball_loss_q90": 0.014926099311561292,
      "q10_q90_interval_coverage": 0.8219895287958116,
      "q10_q90_interval_width_mean": 0.2040213949333499,
      "rmse": 0.13653593229540725,
      "run_scope": "sensitivity_excluding_monotonicity",