{
  "feature_group": "F6_coupled_stress",
  "fold_metrics": [
    {
      "condition_mean_mae": 0.10661550352315333,
      "condition_median_mae": 0.07203645065257994,
      "feature_group": "F6_coupled_stress",
      "heldout_fold": 1,
      "mae": 0.059452409108881395,
      "model_level": "L3_quantile_hist_gradient_boosting",
      "pinball_loss_q10": 0.02358499432525317,
      "pinball_loss_q50": 0.029726204554440697,
      "pinball_loss_q90": 0.008928829599165721,
      "q10_q90_interval_coverage": 0.49380530973451325,
      "q10_q90_interval_width_mean": 0.11576076805645329,
      "rmse": 0.10569429933883191,
      "run_scope": "primary",
      "split_name": "voltage_window_holdout_fold",
      "subset_name": "baseline_clean_tolerant",
      "target": "delta_capacity_Ah",
      "test_cells": 84,
      "test_parameter_sets": 28,
      "test_rows": 1130,
      "train_parameter_sets": 48,
      "train_rows": 2697,
      "worst_condition_mae": 0.32905667963267093
    },
    {
      "condition_mean_mae": 0.1306920289103393,
      "condition_median_mae": 0.13491201000229047,
      "feature_group": "F6_coupled_stress",
      "heldout_fold": 2,
      "mae": 0.10183712134671163,
      "model_level": "L3_quantile_hist_gradient_boosting",
      "pinball_loss_q10": 0.01945597436235179,
      "pinball_loss_q50": 0.05091856067335582,
      "pinball_loss_q90": 0.0068661341776825625,
      "q10_q90_interval_coverage": 0.7483588621444202,
      "q10_q90_interval_width_mean": 0.19696490166940095,
      "rmse": 0.13218405171847958,
      "run_scope": "primary",
      "split_name": "voltage_window_holdout_fold",
      "subset_name": "baseline_clean_tolerant",
      "target": "delta_capacity_Ah",
      "test_cells": 96,
      "test_parameter_sets": 32,
      "test_rows": 1371,
      "train_parameter_sets": 44,
      "train_rows": 2456,
      "worst_condition_mae": 0.2884723632174723
    },
    {
      "condition_mean_mae": 0.18916067787706406,
      "condition_median_mae": 0.18867216399559716,
      "feature_group": "F6_coupled_stress",
      "heldout_fold": 3,
      "mae": 0.18847435281512825,
      "model_level": "L3_quantile_hist_gradient_boosting",
      "pinball_loss_q10": 0.03428395326436685,
      "pinball_loss_q50": 0.09423717640756413,
      "pinball_loss_q90": 0.008038860055985527,
      "q10_q90_interval_coverage": 0.3152337858220211,
      "q10_q90_interval_width_mean": 0.3381004474165342,
      "rmse": 0.20535368840170393,
      "run_scope": "primary",
      "split_name": "voltage_window_holdout_fold",
      "subset_name": "baseline_clean_tolerant",
      "target": "delta_capacity_Ah",
      "test_cells": 48,
      "test_parameter_sets": 16,
      "test_rows": 1326,
      "train_parameter_sets": 60,
      "train_rows": 2501,
      "worst_condition_mae": 0.2607344651345635
    },
    {
      "condition_mean_mae": 0.10830486826459569,
      "condition_median_mae": 0.06983851227111955,
      "feature_group": "F6_coupled_stress",
      "heldout_fold": 1,
      "mae": 0.05364005112082851,
      "model_level": "L3_quantile_hist_gradient_boosting",
      "pinball_loss_q10": 0.024818395980902807,
      "pinball_loss_q50": 0.026820025560414254,
      "pinball_loss_q90": 0.009351832125246078,
      "q10_q90_interval_coverage": 0.4556500607533414,
      "q10_q90_interval_width_mean": 0.11401772525417558,
      "rmse": 0.1099176471673075,
      "run_scope": "sensitivity_excluding_monotonicity",
      "split_name": "voltage_window_holdout_fold",
      "subset_name": "baseline_clean_tolerant",
      "target": "delta_capacity_Ah",
      "test_cells": 84,
      "test_parameter_sets": 28,
      "test_rows": 823,
      "train_parameter_sets": 48,
      "train_rows": 1950,
      "worst_condition_mae": 0.3186634032641565
    },
    {
      "condition_mean_mae": 0.10865331882578243,
      "condition_median_mae": 0.10271546312871005,
      "feature_group": "F6_coupled_stress",
      "heldout_fold": 2,
      "mae": 0.0725195088605926,
      "model_level": "L3_quantile_hist_gradient_boosting",
      "pinball_loss_q10": 0.01990903745596884,
      "pinball_loss_q50": 0.0362597544302963,
      "pinball_loss_q90": 0.00644128689187202,
      "q10_q90_interval_coverage": 0.690566037735849,
      "q10_q90_interval_width_mean": 0.19634091174414026,
      "rmse": 0.10887035227702338,
      "run_scope": "sensitivity_excluding_monotonicity",
      "split_name": "voltage_window_holdout_fold",
      "subset_name": "baseline_clean_tolerant",
      "target": "delta_capacity_Ah",
      "test_cells": 95,
      "test_parameter_sets": 32,
      "test_rows": 1060,
      "train_parameter_sets": 44,
      "train_rows": 1713,
      "worst_condition_mae": 0.29397095785896976
    },
    {
      "condition_mean_mae": 0.1960104326214272,
      "condition_median_mae": 0.19103235527947765,
      "feature_group": "F6_coupled_stress",
      "heldout_fold": 3,
      "mae": 0.18871999463613098,
      "model_level": "L3_quantile_hist_gradient_boosting",
      "pinball_loss_q10": 0.032070059866114664,
      "pinball_loss_q50": 0.09435999731806549,
      "pinball_loss_q90": 0.004923828711602172,
      "q10_q90_interval_coverage": 0.6280898876404495,
      "q10_q90_interval_width_mean": 0.3302289415804672,
      "rmse": 0.20022314031213084,
      "run_scope": "sensitivity_excluding_monotonicity",
      "split_name": "voltage_window_holdout_fold",
      "subset_name": "baseline_clean_tolerant",
      "target": "delta_capacity_Ah",
      "test_cells": 48,
      "test_parameter_sets": 16,
      "test_rows": 890,
      "train_parameter_sets": 60,
      "train_rows": 1883,
      "worst_condition_mae": 0.2939720157073765
    }
  ],
  "model_level": "L3_quantile_hist_gradient_boosting",
  "primary_summary": {
    "condition_mean_mae": 0.1421560701035189,
    "condition_median_mae": 0.13187354155015585,
    "fold_count": 3,
    "mean_mae": 0.11658796109024043,
    "mean_rmse": 0.14774401315300514,
    "worst_condition_mae": 0.32905667963267093
  },
  "row_counts": {
    "baseline_clean_strict_rows": 2773,
    "baseline_clean_tolerant_rows": 3827,
    "full_interval_rows": 3827,
    "selected_cells": 228,
    "selected_parameter_sets": 76,
    "selected_subset_rows": 3827,
    "sensitivity_excluding_monotonicity_rows": 2773,
    "sensitivity_flagged_monotonicity_rows": 1054
  },
  "schema_version": "gate5.capacity_baseline.v1",
  "sensitivity_excluding_monotonicity_summary": {
    "condition_mean_mae": 0.13765620657060176,
    "condition_median_mae": 0.12119544355976908,
    "fold_count": 3,
    "mean_mae": 0.10495985153918402,
    "mean_rmse": 0.13967037991882056,
    "worst_condition_mae": 0.3186634032641565
  },
  "split_name": "voltage_window_holdout_fold",
  "target": "delta_capacity_Ah"
}
