{
  "feature_group": "F9_event_segmented_stress",
  "fold_metrics": [
    {
      "condition_mean_mae": 0.11270962245588398,
      "condition_median_mae": 0.06904660675587142,
      "feature_group": "F9_event_segmented_stress",
      "heldout_fold": 1,
      "mae": 0.05411174634867393,
      "model_level": "L3_quantile_hist_gradient_boosting",
      "pinball_loss_q10": 0.022752576628725627,
      "pinball_loss_q50": 0.027055873174336966,
      "pinball_loss_q90": 0.008654150857987427,
      "q10_q90_interval_coverage": 0.5787610619469027,
      "q10_q90_interval_width_mean": 0.129435961243374,
      "rmse": 0.10934117373151239,
      "run_scope": "primary",
      "split_name": "voltage_window_holdout_fold",
      "subset_name": "baseline_clean_tolerant",
      "target": "delta_capacity_Ah",
      "test_cells": 84,
      "test_parameter_sets": 28,
      "test_rows": 1130,
      "train_parameter_sets": 48,
      "train_rows": 2697,
      "worst_condition_mae": 0.37549384750818304
    },
    {
      "condition_mean_mae": 0.1229999442339892,
      "condition_median_mae": 0.12906555900918118,
      "feature_group": "F9_event_segmented_stress",
      "heldout_fold": 2,
      "mae": 0.08736422510407499,
      "model_level": "L3_quantile_hist_gradient_boosting",
      "pinball_loss_q10": 0.023363048216523286,
      "pinball_loss_q50": 0.043682112552037494,
      "pinball_loss_q90": 0.006976339289301492,
      "q10_q90_interval_coverage": 0.7563822027716995,
      "q10_q90_interval_width_mean": 0.22658833629818106,
      "rmse": 0.1250084076405183,
      "run_scope": "primary",
      "split_name": "voltage_window_holdout_fold",
      "subset_name": "baseline_clean_tolerant",
      "target": "delta_capacity_Ah",
      "test_cells": 96,
      "test_parameter_sets": 32,
      "test_rows": 1371,
      "train_parameter_sets": 44,
      "train_rows": 2456,
      "worst_condition_mae": 0.2854151691949053
    },
    {
      "condition_mean_mae": 0.211366012022865,
      "condition_median_mae": 0.22014725233492644,
      "feature_group": "F9_event_segmented_stress",
      "heldout_fold": 3,
      "mae": 0.21085410477211872,
      "model_level": "L3_quantile_hist_gradient_boosting",
      "pinball_loss_q10": 0.04231322408963497,
      "pinball_loss_q50": 0.10542705238605936,
      "pinball_loss_q90": 0.010572123486297274,
      "q10_q90_interval_coverage": 0.3288084464555053,
      "q10_q90_interval_width_mean": 0.4164409820583029,
      "rmse": 0.2337157868684475,
      "run_scope": "primary",
      "split_name": "voltage_window_holdout_fold",
      "subset_name": "baseline_clean_tolerant",
      "target": "delta_capacity_Ah",
      "test_cells": 48,
      "test_parameter_sets": 16,
      "test_rows": 1326,
      "train_parameter_sets": 60,
      "train_rows": 2501,
      "worst_condition_mae": 0.29439946239218745
    },
    {
      "condition_mean_mae": 0.10984593260435227,
      "condition_median_mae": 0.06878100938634668,
      "feature_group": "F9_event_segmented_stress",
      "heldout_fold": 1,
      "mae": 0.05366261849798779,
      "model_level": "L3_quantile_hist_gradient_boosting",
      "pinball_loss_q10": 0.02447491717043662,
      "pinball_loss_q50": 0.026831309248993896,
      "pinball_loss_q90": 0.00854002930893881,
      "q10_q90_interval_coverage": 0.5309842041312273,
      "q10_q90_interval_width_mean": 0.1067156798339767,
      "rmse": 0.1100051506661987,
      "run_scope": "sensitivity_excluding_monotonicity",
      "split_name": "voltage_window_holdout_fold",
      "subset_name": "baseline_clean_tolerant",
      "target": "delta_capacity_Ah",
      "test_cells": 84,
      "test_parameter_sets": 28,
      "test_rows": 823,
      "train_parameter_sets": 48,
      "train_rows": 1950,
      "worst_condition_mae": 0.3028982741336366
    },
    {
      "condition_mean_mae": 0.11265161749265744,
      "condition_median_mae": 0.10610432653845013,
      "feature_group": "F9_event_segmented_stress",
      "heldout_fold": 2,
      "mae": 0.07626305790040588,
      "model_level": "L3_quantile_hist_gradient_boosting",
      "pinball_loss_q10": 0.022376428433648145,
      "pinball_loss_q50": 0.03813152895020294,
      "pinball_loss_q90": 0.00635723471564929,
      "q10_q90_interval_coverage": 0.7783018867924528,
      "q10_q90_interval_width_mean": 0.21257771218089602,
      "rmse": 0.11351280493880034,
      "run_scope": "sensitivity_excluding_monotonicity",
      "split_name": "voltage_window_holdout_fold",
      "subset_name": "baseline_clean_tolerant",
      "target": "delta_capacity_Ah",
      "test_cells": 95,
      "test_parameter_sets": 32,
      "test_rows": 1060,
      "train_parameter_sets": 44,
      "train_rows": 1713,
      "worst_condition_mae": 0.3443626919174084
    },
    {
      "condition_mean_mae": 0.2545333109079746,
      "condition_median_mae": 0.26060807068092606,
      "feature_group": "F9_event_segmented_stress",
      "heldout_fold": 3,
      "mae": 0.2457368926647715,
      "model_level": "L3_quantile_hist_gradient_boosting",
      "pinball_loss_q10": 0.04410190849859277,
      "pinball_loss_q50": 0.12286844633238575,
      "pinball_loss_q90": 0.0043382374689310485,
      "q10_q90_interval_coverage": 0.8303370786516854,
      "q10_q90_interval_width_mean": 0.461419048307007,
      "rmse": 0.2616050686612635,
      "run_scope": "sensitivity_excluding_monotonicity",
      "split_name": "voltage_window_holdout_fold",
      "subset_name": "baseline_clean_tolerant",
      "target": "delta_capacity_Ah",
      "test_cells": 48,
      "test_parameter_sets": 16,
      "test_rows": 890,
      "train_parameter_sets": 60,
      "train_rows": 1883,
      "worst_condition_mae": 0.36770021445535817
    }
  ],
  "model_level": "L3_quantile_hist_gradient_boosting",
  "primary_summary": {
    "condition_mean_mae": 0.14902519290424607,
    "condition_median_mae": 0.13941980603332635,
    "fold_count": 3,
    "mean_mae": 0.11744335874162254,
    "mean_rmse": 0.15602178941349273,
    "worst_condition_mae": 0.37549384750818304
  },
  "row_counts": {
    "baseline_clean_strict_rows": 2773,
    "baseline_clean_tolerant_rows": 3827,
    "full_interval_rows": 3827,
    "selected_cells": 228,
    "selected_parameter_sets": 76,
    "selected_subset_rows": 3827,
    "sensitivity_excluding_monotonicity_rows": 2773,
    "sensitivity_flagged_monotonicity_rows": 1054
  },
  "schema_version": "gate5.capacity_baseline.v1",
  "sensitivity_excluding_monotonicity_summary": {
    "condition_mean_mae": 0.15901028700166145,
    "condition_median_mae": 0.1451644688685743,
    "fold_count": 3,
    "mean_mae": 0.1252208563543884,
    "mean_rmse": 0.16170767475542083,
    "worst_condition_mae": 0.36770021445535817
  },
  "split_name": "voltage_window_holdout_fold",
  "target": "delta_capacity_Ah"
}
