{
  "feature_group": "F6_coupled_stress",
  "fold_metrics": [
    {
      "condition_mean_mae": 0.12718606176996541,
      "condition_median_mae": 0.07747629631350927,
      "feature_group": "F6_coupled_stress",
      "heldout_fold": 1,
      "mae": 0.06952685644312384,
      "model_level": "L3_quantile_hist_gradient_boosting",
      "pinball_loss_q10": 0.024085904032820318,
      "pinball_loss_q50": 0.03476342822156192,
      "pinball_loss_q90": 0.020508868069154525,
      "q10_q90_interval_coverage": 0.7601769911504425,
      "q10_q90_interval_width_mean": 0.2664511316855995,
      "rmse": 0.11775042990207674,
      "run_scope": "primary",
      "split_name": "voltage_window_holdout_fold",
      "subset_name": "baseline_clean_tolerant",
      "target": "capacity_Ah_k1",
      "test_cells": 84,
      "test_parameter_sets": 28,
      "test_rows": 1130,
      "train_parameter_sets": 48,
      "train_rows": 2697,
      "worst_condition_mae": 0.36804538906509815
    },
    {
      "condition_mean_mae": 0.10903329780085298,
      "condition_median_mae": 0.10408304595188875,
      "feature_group": "F6_coupled_stress",
      "heldout_fold": 2,
      "mae": 0.07205935382282705,
      "model_level": "L3_quantile_hist_gradient_boosting",
      "pinball_loss_q10": 0.01934083623320226,
      "pinball_loss_q50": 0.036029676911413525,
      "pinball_loss_q90": 0.017959354069389633,
      "q10_q90_interval_coverage": 0.8008752735229759,
      "q10_q90_interval_width_mean": 0.2459032110323693,
      "rmse": 0.11205308322889962,
      "run_scope": "primary",
      "split_name": "voltage_window_holdout_fold",
      "subset_name": "baseline_clean_tolerant",
      "target": "capacity_Ah_k1",
      "test_cells": 96,
      "test_parameter_sets": 32,
      "test_rows": 1371,
      "train_parameter_sets": 44,
      "train_rows": 2456,
      "worst_condition_mae": 0.2681624516360482
    },
    {
      "condition_mean_mae": 0.28891279576267503,
      "condition_median_mae": 0.2658735146963505,
      "feature_group": "F6_coupled_stress",
      "heldout_fold": 3,
      "mae": 0.2881178355801093,
      "model_level": "L3_quantile_hist_gradient_boosting",
      "pinball_loss_q10": 0.08500066746419163,
      "pinball_loss_q50": 0.14405891779005464,
      "pinball_loss_q90": 0.0398143525615034,
      "q10_q90_interval_coverage": 0.017345399698340876,
      "q10_q90_interval_width_mean": 0.806199101774152,
      "rmse": 0.3075535789234611,
      "run_scope": "primary",
      "split_name": "voltage_window_holdout_fold",
      "subset_name": "baseline_clean_tolerant",
      "target": "capacity_Ah_k1",
      "test_cells": 48,
      "test_parameter_sets": 16,
      "test_rows": 1326,
      "train_parameter_sets": 60,
      "train_rows": 2501,
      "worst_condition_mae": 0.36313741300611535
    },
    {
      "condition_mean_mae": 0.12585589244971404,
      "condition_median_mae": 0.06820261060261008,
      "feature_group": "F6_coupled_stress",
      "heldout_fold": 1,
      "mae": 0.06373677775066922,
      "model_level": "L3_quantile_hist_gradient_boosting",
      "pinball_loss_q10": 0.023427413035848225,
      "pinball_loss_q50": 0.03186838887533461,
      "pinball_loss_q90": 0.018265757353194967,
      "q10_q90_interval_coverage": 0.7982989064398542,
      "q10_q90_interval_width_mean": 0.2448011503516824,
      "rmse": 0.1182416368430795,
      "run_scope": "sensitivity_excluding_monotonicity",
      "split_name": "voltage_window_holdout_fold",
      "subset_name": "baseline_clean_tolerant",
      "target": "capacity_Ah_k1",
      "test_cells": 84,
      "test_parameter_sets": 28,
      "test_rows": 823,
      "train_parameter_sets": 48,
      "train_rows": 1950,
      "worst_condition_mae": 0.4023827175826983
    },
    {
      "condition_mean_mae": 0.11588689197212128,
      "condition_median_mae": 0.11161706648674743,
      "feature_group": "F6_coupled_stress",
      "heldout_fold": 2,
      "mae": 0.08401727844040827,
      "model_level": "L3_quantile_hist_gradient_boosting",
      "pinball_loss_q10": 0.01999501329429631,
      "pinball_loss_q50": 0.04200863922020413,
      "pinball_loss_q90": 0.016727171015207376,
      "q10_q90_interval_coverage": 0.8216981132075472,
      "q10_q90_interval_width_mean": 0.25386964443942256,
      "rmse": 0.11876035597022881,
      "run_scope": "sensitivity_excluding_monotonicity",
      "split_name": "voltage_window_holdout_fold",
      "subset_name": "baseline_clean_tolerant",
      "target": "capacity_Ah_k1",
      "test_cells": 95,
      "test_parameter_sets": 32,
      "test_rows": 1060,
      "train_parameter_sets": 44,
      "train_rows": 1713,
      "worst_condition_mae": 0.280105100714828
    },
    {
      "condition_mean_mae": 0.23011331421260714,
      "condition_median_mae": 0.23718884290830386,
      "feature_group": "F6_coupled_stress",
      "heldout_fold": 3,
      "mae": 0.21948172547723133,
      "model_level": "L3_quantile_hist_gradient_boosting",
      "pinball_loss_q10": 0.08578610807567595,
      "pinball_loss_q50": 0.10974086273861566,
      "pinball_loss_q90": 0.10132187207312524,
      "q10_q90_interval_coverage": 0.0022471910112359553,
      "q10_q90_interval_width_mean": 0.7453005507339624,
      "rmse": 0.23755878980078152,
      "run_scope": "sensitivity_excluding_monotonicity",
      "split_name": "voltage_window_holdout_fold",
      "subset_name": "baseline_clean_tolerant",
      "target": "capacity_Ah_k1",
      "test_cells": 48,
      "test_parameter_sets": 16,
      "test_rows": 890,
      "train_parameter_sets": 60,
      "train_rows": 1883,
      "worst_condition_mae": 0.35584435422755106
    }
  ],
  "model_level": "L3_quantile_hist_gradient_boosting",
  "primary_summary": {
    "condition_mean_mae": 0.17504405177783114,
    "condition_median_mae": 0.14914428565391616,
    "fold_count": 3,
    "mean_mae": 0.14323468194868672,
    "mean_rmse": 0.1791190306848125,
    "worst_condition_mae": 0.36804538906509815
  },
  "row_counts": {
    "baseline_clean_strict_rows": 2773,
    "baseline_clean_tolerant_rows": 3827,
    "full_interval_rows": 3827,
    "selected_cells": 228,
    "selected_parameter_sets": 76,
    "selected_subset_rows": 3827,
    "sensitivity_excluding_monotonicity_rows": 2773,
    "sensitivity_flagged_monotonicity_rows": 1054
  },
  "schema_version": "gate5.capacity_baseline.v1",
  "sensitivity_excluding_monotonicity_summary": {
    "condition_mean_mae": 0.15728536621148081,
    "condition_median_mae": 0.13900283999922045,
    "fold_count": 3,
    "mean_mae": 0.12241192722276961,
    "mean_rmse": 0.15818692753802996,
    "worst_condition_mae": 0.4023827175826983
  },
  "split_name": "voltage_window_holdout_fold",
  "target": "capacity_Ah_k1"
}
