{
  "feature_group": "F4_state_log_age_scalar",
  "fold_metrics": [
    {
      "condition_mean_mae": 0.10802337710351693,
      "condition_median_mae": 0.06223265781388376,
      "feature_group": "F4_state_log_age_scalar",
      "heldout_fold": 1,
      "mae": 0.05559183529274048,
      "model_level": "L3_quantile_hist_gradient_boosting",
      "pinball_loss_q10": 0.01942755740072873,
      "pinball_loss_q50": 0.02779591764637024,
      "pinball_loss_q90": 0.009281013000669197,
      "q10_q90_interval_coverage": 0.5008849557522124,
      "q10_q90_interval_width_mean": 0.1331417213177288,
      "rmse": 0.10144369718269013,
      "run_scope": "primary",
      "split_name": "voltage_window_holdout_fold",
      "subset_name": "baseline_clean_tolerant",
      "target": "delta_capacity_Ah",
      "test_cells": 84,
      "test_parameter_sets": 28,
      "test_rows": 1130,
      "train_parameter_sets": 48,
      "train_rows": 2697,
      "worst_condition_mae": 0.37189696633360736
    },
    {
      "condition_mean_mae": 0.09477460201988042,
      "condition_median_mae": 0.07251327984921282,
      "feature_group": "F4_state_log_age_scalar",
      "heldout_fold": 2,
      "mae": 0.05402710403348394,
      "model_level": "L3_quantile_hist_gradient_boosting",
      "pinball_loss_q10": 0.017546736523403147,
      "pinball_loss_q50": 0.02701355201674197,
      "pinball_loss_q90": 0.00675746130402748,
      "q10_q90_interval_coverage": 0.6965718453683443,
      "q10_q90_interval_width_mean": 0.1423816764302115,
      "rmse": 0.10319063020150235,
      "run_scope": "primary",
      "split_name": "voltage_window_holdout_fold",
      "subset_name": "baseline_clean_tolerant",
      "target": "delta_capacity_Ah",
      "test_cells": 96,
      "test_parameter_sets": 32,
      "test_rows": 1371,
      "train_parameter_sets": 44,
      "train_rows": 2456,
      "worst_condition_mae": 0.3039932202804308
    },
    {
      "condition_mean_mae": 0.017797384009114823,
      "condition_median_mae": 0.018935081404807486,
      "feature_group": "F4_state_log_age_scalar",
      "heldout_fold": 3,
      "mae": 0.017789146513062296,
      "model_level": "L3_quantile_hist_gradient_boosting",
      "pinball_loss_q10": 0.007293076212369992,
      "pinball_loss_q50": 0.008894573256531148,
      "pinball_loss_q90": 0.00692164729882438,
      "q10_q90_interval_coverage": 0.15987933634992457,
      "q10_q90_interval_width_mean": 0.06779296716358403,
      "rmse": 0.025034737559430156,
      "run_scope": "primary",
      "split_name": "voltage_window_holdout_fold",
      "subset_name": "baseline_clean_tolerant",
      "target": "delta_capacity_Ah",
      "test_cells": 48,
      "test_parameter_sets": 16,
      "test_rows": 1326,
      "train_parameter_sets": 60,
      "train_rows": 2501,
      "worst_condition_mae": 0.022648045374498844
    },
    {
      "condition_mean_mae": 0.10629865174051216,
      "condition_median_mae": 0.06574003770978665,
      "feature_group": "F4_state_log_age_scalar",
      "heldout_fold": 1,
      "mae": 0.05566005234357633,
      "model_level": "L3_quantile_hist_gradient_boosting",
      "pinball_loss_q10": 0.0265827607698969,
      "pinball_loss_q50": 0.027830026171788164,
      "pinball_loss_q90": 0.009886965933811023,
      "q10_q90_interval_coverage": 0.4933171324422843,
      "q10_q90_interval_width_mean": 0.19794094673008705,
      "rmse": 0.1037937599138187,
      "run_scope": "sensitivity_excluding_monotonicity",
      "split_name": "voltage_window_holdout_fold",
      "subset_name": "baseline_clean_tolerant",
      "target": "delta_capacity_Ah",
      "test_cells": 84,
      "test_parameter_sets": 28,
      "test_rows": 823,
      "train_parameter_sets": 48,
      "train_rows": 1950,
      "worst_condition_mae": 0.36551840842675076
    },
    {
      "condition_mean_mae": 0.10258536428631368,
      "condition_median_mae": 0.08236229028248562,
      "feature_group": "F4_state_log_age_scalar",
      "heldout_fold": 2,
      "mae": 0.05957201588780663,
      "model_level": "L3_quantile_hist_gradient_boosting",
      "pinball_loss_q10": 0.017298389775541274,
      "pinball_loss_q50": 0.029786007943903316,
      "pinball_loss_q90": 0.006071065430343832,
      "q10_q90_interval_coverage": 0.8084905660377358,
      "q10_q90_interval_width_mean": 0.15347160576143057,
      "rmse": 0.10868208098877916,
      "run_scope": "sensitivity_excluding_monotonicity",
      "split_name": "voltage_window_holdout_fold",
      "subset_name": "baseline_clean_tolerant",
      "target": "delta_capacity_Ah",
      "test_cells": 95,
      "test_parameter_sets": 32,
      "test_rows": 1060,
      "train_parameter_sets": 44,
      "train_rows": 1713,
      "worst_condition_mae": 0.35225271822011234
    },
    {
      "condition_mean_mae": 0.016740123190946195,
      "condition_median_mae": 0.01710540802215757,
      "feature_group": "F4_state_log_age_scalar",
      "heldout_fold": 3,
      "mae": 0.016100129620563116,
      "model_level": "L3_quantile_hist_gradient_boosting",
      "pinball_loss_q10": 0.010789386354913416,
      "pinball_loss_q50": 0.008050064810281558,
      "pinball_loss_q90": 0.008157936136798017,
      "q10_q90_interval_coverage": 0.09887640449438202,
      "q10_q90_interval_width_mean": 0.10026275308638344,
      "rmse": 0.02155839292373956,
      "run_scope": "sensitivity_excluding_monotonicity",
      "split_name": "voltage_window_holdout_fold",
      "subset_name": "baseline_clean_tolerant",
      "target": "delta_capacity_Ah",
      "test_cells": 48,
      "test_parameter_sets": 16,
      "test_rows": 890,
      "train_parameter_sets": 60,
      "train_rows": 1883,
      "worst_condition_mae": 0.026279340319434633
    }
  ],
  "model_level": "L3_quantile_hist_gradient_boosting",
  "primary_summary": {
    "condition_mean_mae": 0.07353178771083739,
    "condition_median_mae": 0.051227006355968024,
    "fold_count": 3,
    "mean_mae": 0.0424693619464289,
    "mean_rmse": 0.07655635498120754,
    "worst_condition_mae": 0.37189696633360736
  },
  "row_counts": {
    "baseline_clean_strict_rows": 2773,
    "baseline_clean_tolerant_rows": 3827,
    "full_interval_rows": 3827,
    "selected_cells": 228,
    "selected_parameter_sets": 76,
    "selected_subset_rows": 3827,
    "sensitivity_excluding_monotonicity_rows": 2773,
    "sensitivity_flagged_monotonicity_rows": 1054
  },
  "schema_version": "gate5.capacity_baseline.v1",
  "sensitivity_excluding_monotonicity_summary": {
    "condition_mean_mae": 0.075208046405924,
    "condition_median_mae": 0.05506924533814328,
    "fold_count": 3,
    "mean_mae": 0.04377739928398203,
    "mean_rmse": 0.07801141127544581,
    "worst_condition_mae": 0.36551840842675076
  },
  "split_name": "voltage_window_holdout_fold",
  "target": "delta_capacity_Ah"
}
