{
  "feature_group": "F10_c_rate_v1_1",
  "fold_metrics": [
    {
      "condition_mean_mae": 0.10099636528600855,
      "condition_median_mae": 0.061763624659967514,
      "feature_group": "F10_c_rate_v1_1",
      "heldout_fold": 1,
      "mae": 0.03604567502433739,
      "model_level": "L3_quantile_hist_gradient_boosting",
      "pinball_loss_q10": 0.01511159337158117,
      "pinball_loss_q50": 0.018022837512168696,
      "pinball_loss_q90": 0.006755574618881338,
      "q10_q90_interval_coverage": 0.628032345013477,
      "q10_q90_interval_width_mean": 0.060634103406231675,
      "rmse": 0.1051258068621673,
      "run_scope": "primary",
      "split_name": "temperature_holdout_fold",
      "subset_name": "baseline_clean_tolerant",
      "target": "delta_capacity_Ah",
      "test_cells": 57,
      "test_parameter_sets": 19,
      "test_rows": 742,
      "train_parameter_sets": 57,
      "train_rows": 3085,
      "worst_condition_mae": 0.3450833466703225
    },
    {
      "condition_mean_mae": 0.05483641439534121,
      "condition_median_mae": 0.04046812383446094,
      "feature_group": "F10_c_rate_v1_1",
      "heldout_fold": 2,
      "mae": 0.03185131579066075,
      "model_level": "L3_quantile_hist_gradient_boosting",
      "pinball_loss_q10": 0.014600534202521375,
      "pinball_loss_q50": 0.015925657895330375,
      "pinball_loss_q90": 0.004412650921457244,
      "q10_q90_interval_coverage": 0.6915094339622642,
      "q10_q90_interval_width_mean": 0.0671593208919287,
      "rmse": 0.09309952287932238,
      "run_scope": "primary",
      "split_name": "temperature_holdout_fold",
      "subset_name": "baseline_clean_tolerant",
      "target": "delta_capacity_Ah",
      "test_cells": 57,
      "test_parameter_sets": 19,
      "test_rows": 1060,
      "train_parameter_sets": 57,
      "train_rows": 2767,
      "worst_condition_mae": 0.18781057375918214
    },
    {
      "condition_mean_mae": 0.10388912055166931,
      "condition_median_mae": 0.06259289722914273,
      "feature_group": "F10_c_rate_v1_1",
      "heldout_fold": 1,
      "mae": 0.04157558197578928,
      "model_level": "L3_quantile_hist_gradient_boosting",
      "pinball_loss_q10": 0.018819207759671244,
      "pinball_loss_q50": 0.02078779098789464,
      "pinball_loss_q90": 0.007851950501655386,
      "q10_q90_interval_coverage": 0.6569037656903766,
      "q10_q90_interval_width_mean": 0.07135288929238084,
      "rmse": 0.11593956905700828,
      "run_scope": "sensitivity_excluding_monotonicity",
      "split_name": "temperature_holdout_fold",
      "subset_name": "baseline_clean_tolerant",
      "target": "delta_capacity_Ah",
      "test_cells": 56,
      "test_parameter_sets": 19,
      "test_rows": 478,
      "train_parameter_sets": 57,
      "train_rows": 2295,
      "worst_condition_mae": 0.35632558912126494
    },
    {
      "condition_mean_mae": 0.05796463719598412,
      "condition_median_mae": 0.04216418342293436,
      "feature_group": "F10_c_rate_v1_1",
      "heldout_fold": 2,
      "mae": 0.03188571191693645,
      "model_level": "L3_quantile_hist_gradient_boosting",
      "pinball_loss_q10": 0.016592119822882598,
      "pinball_loss_q50": 0.015942855958468224,
      "pinball_loss_q90": 0.0044309351565373755,
      "q10_q90_interval_coverage": 0.6887755102040817,
      "q10_q90_interval_width_mean": 0.05928651566461515,
      "rmse": 0.09837888267442237,
      "run_scope": "sensitivity_excluding_monotonicity",
      "split_name": "temperature_holdout_fold",
      "subset_name": "baseline_clean_tolerant",
      "target": "delta_capacity_Ah",
      "test_cells": 57,
      "test_parameter_sets": 19,
      "test_rows": 784,
      "train_parameter_sets": 57,
      "train_rows": 1989,
      "worst_condition_mae": 0.1900444266175656
    }
  ],
  "model_level": "L3_quantile_hist_gradient_boosting",
  "primary_summary": {
    "condition_mean_mae": 0.07791638984067488,
    "condition_median_mae": 0.05111587424721423,
    "fold_count": 2,
    "mean_mae": 0.03394849540749907,
    "mean_rmse": 0.09911266487074484,
    "worst_condition_mae": 0.3450833466703225
  },
  "row_counts": {
    "baseline_clean_strict_rows": 2773,
    "baseline_clean_tolerant_rows": 3827,
    "full_interval_rows": 3827,
    "selected_cells": 228,
    "selected_parameter_sets": 76,
    "selected_subset_rows": 3827,
    "sensitivity_excluding_monotonicity_rows": 2773,
    "sensitivity_flagged_monotonicity_rows": 1054
  },
  "schema_version": "gate5.capacity_baseline.v1",
  "sensitivity_excluding_monotonicity_summary": {
    "condition_mean_mae": 0.08092687887382671,
    "condition_median_mae": 0.052378540326038545,
    "fold_count": 2,
    "mean_mae": 0.03673064694636287,
    "mean_rmse": 0.10715922586571533,
    "worst_condition_mae": 0.35632558912126494
  },
  "split_name": "temperature_holdout_fold",
  "target": "delta_capacity_Ah"
}
