{
  "feature_group": "F7_c_rate_focused",
  "fold_metrics": [
    {
      "condition_mean_mae": 0.1269992576142664,
      "condition_median_mae": 0.08169446718564416,
      "feature_group": "F7_c_rate_focused",
      "heldout_fold": 1,
      "mae": 0.06857580129429665,
      "model_level": "L3_quantile_hist_gradient_boosting",
      "pinball_loss_q10": 0.02580936980008068,
      "pinball_loss_q50": 0.034287900647148324,
      "pinball_loss_q90": 0.023047627067829483,
      "q10_q90_interval_coverage": 0.820353982300885,
      "q10_q90_interval_width_mean": 0.3398122479167754,
      "rmse": 0.11796226341147056,
      "run_scope": "primary",
      "split_name": "voltage_window_holdout_fold",
      "subset_name": "baseline_clean_tolerant",
      "target": "capacity_Ah_k1",
      "test_cells": 84,
      "test_parameter_sets": 28,
      "test_rows": 1130,
      "train_parameter_sets": 48,
      "train_rows": 2697,
      "worst_condition_mae": 0.3687127343612537
    },
    {
      "condition_mean_mae": 0.13165696461400395,
      "condition_median_mae": 0.13865552356183258,
      "feature_group": "F7_c_rate_focused",
      "heldout_fold": 2,
      "mae": 0.09577851492715206,
      "model_level": "L3_quantile_hist_gradient_boosting",
      "pinball_loss_q10": 0.021972618943248888,
      "pinball_loss_q50": 0.04788925746357603,
      "pinball_loss_q90": 0.017995255397427336,
      "q10_q90_interval_coverage": 0.738147337709701,
      "q10_q90_interval_width_mean": 0.2428048172079147,
      "rmse": 0.13540184360405244,
      "run_scope": "primary",
      "split_name": "voltage_window_holdout_fold",
      "subset_name": "baseline_clean_tolerant",
      "target": "capacity_Ah_k1",
      "test_cells": 96,
      "test_parameter_sets": 32,
      "test_rows": 1371,
      "train_parameter_sets": 44,
      "train_rows": 2456,
      "worst_condition_mae": 0.2992819996161464
    },
    {
      "condition_mean_mae": 0.13008654659906202,
      "condition_median_mae": 0.09949426486793532,
      "feature_group": "F7_c_rate_focused",
      "heldout_fold": 3,
      "mae": 0.12895583634007224,
      "model_level": "L3_quantile_hist_gradient_boosting",
      "pinball_loss_q10": 0.03708975068722958,
      "pinball_loss_q50": 0.06447791817003612,
      "pinball_loss_q90": 0.03509591759606097,
      "q10_q90_interval_coverage": 0.06334841628959276,
      "q10_q90_interval_width_mean": 0.3322476583816785,
      "rmse": 0.16605489356994207,
      "run_scope": "primary",
      "split_name": "voltage_window_holdout_fold",
      "subset_name": "baseline_clean_tolerant",
      "target": "capacity_Ah_k1",
      "test_cells": 48,
      "test_parameter_sets": 16,
      "test_rows": 1326,
      "train_parameter_sets": 60,
      "train_rows": 2501,
      "worst_condition_mae": 0.29775276236646486
    },
    {
      "condition_mean_mae": 0.12711079444167678,
      "condition_median_mae": 0.08091582697533198,
      "feature_group": "F7_c_rate_focused",
      "heldout_fold": 1,
      "mae": 0.06552850044527163,
      "model_level": "L3_quantile_hist_gradient_boosting",
      "pinball_loss_q10": 0.02353318190783972,
      "pinball_loss_q50": 0.032764250222635814,
      "pinball_loss_q90": 0.015802141152258576,
      "q10_q90_interval_coverage": 0.8396111786148238,
      "q10_q90_interval_width_mean": 0.2729172786009446,
      "rmse": 0.11941815042055144,
      "run_scope": "sensitivity_excluding_monotonicity",
      "split_name": "voltage_window_holdout_fold",
      "subset_name": "baseline_clean_tolerant",
      "target": "capacity_Ah_k1",
      "test_cells": 84,
      "test_parameter_sets": 28,
      "test_rows": 823,
      "train_parameter_sets": 48,
      "train_rows": 1950,
      "worst_condition_mae": 0.35504967688902045
    },
    {
      "condition_mean_mae": 0.12413461587478693,
      "condition_median_mae": 0.12263913294765358,
      "feature_group": "F7_c_rate_focused",
      "heldout_fold": 2,
      "mae": 0.08377665090789163,
      "model_level": "L3_quantile_hist_gradient_boosting",
      "pinball_loss_q10": 0.02138354315564681,
      "pinball_loss_q50": 0.041888325453945816,
      "pinball_loss_q90": 0.014428698007101563,
      "q10_q90_interval_coverage": 0.7273584905660377,
      "q10_q90_interval_width_mean": 0.21586218397840393,
      "rmse": 0.12340008391843217,
      "run_scope": "sensitivity_excluding_monotonicity",
      "split_name": "voltage_window_holdout_fold",
      "subset_name": "baseline_clean_tolerant",
      "target": "capacity_Ah_k1",
      "test_cells": 95,
      "test_parameter_sets": 32,
      "test_rows": 1060,
      "train_parameter_sets": 44,
      "train_rows": 1713,
      "worst_condition_mae": 0.25952701269653117
    },
    {
      "condition_mean_mae": 0.1307031846597563,
      "condition_median_mae": 0.07288209888708783,
      "feature_group": "F7_c_rate_focused",
      "heldout_fold": 3,
      "mae": 0.11084382062151221,
      "model_level": "L3_quantile_hist_gradient_boosting",
      "pinball_loss_q10": 0.026695744687769713,
      "pinball_loss_q50": 0.055421910310756106,
      "pinball_loss_q90": 0.02135885995450078,
      "q10_q90_interval_coverage": 0.1101123595505618,
      "q10_q90_interval_width_mean": 0.24535035870980468,
      "rmse": 0.14775497940007504,
      "run_scope": "sensitivity_excluding_monotonicity",
      "split_name": "voltage_window_holdout_fold",
      "subset_name": "baseline_clean_tolerant",
      "target": "capacity_Ah_k1",
      "test_cells": 48,
      "test_parameter_sets": 16,
      "test_rows": 890,
      "train_parameter_sets": 60,
      "train_rows": 1883,
      "worst_condition_mae": 0.3467883713745446
    }
  ],
  "model_level": "L3_quantile_hist_gradient_boosting",
  "primary_summary": {
    "condition_mean_mae": 0.12958092294244414,
    "condition_median_mae": 0.10661475187180403,
    "fold_count": 3,
    "mean_mae": 0.09777005085384032,
    "mean_rmse": 0.13980633352848837,
    "worst_condition_mae": 0.3687127343612537
  },
  "row_counts": {
    "baseline_clean_strict_rows": 2773,
    "baseline_clean_tolerant_rows": 3827,
    "full_interval_rows": 3827,
    "selected_cells": 228,
    "selected_parameter_sets": 76,
    "selected_subset_rows": 3827,
    "sensitivity_excluding_monotonicity_rows": 2773,
    "sensitivity_flagged_monotonicity_rows": 1054
  },
  "schema_version": "gate5.capacity_baseline.v1",
  "sensitivity_excluding_monotonicity_summary": {
    "condition_mean_mae": 0.12731619832540667,
    "condition_median_mae": 0.09214568627002447,
    "fold_count": 3,
    "mean_mae": 0.08671632399155849,
    "mean_rmse": 0.13019107124635287,
    "worst_condition_mae": 0.35504967688902045
  },
  "split_name": "voltage_window_holdout_fold",
  "target": "capacity_Ah_k1"
}
