{
  "feature_group": "F7_c_rate_focused",
  "fold_metrics": [
    {
      "condition_mean_mae": 0.0493816730477633,
      "condition_median_mae": 0.04796516533718197,
      "feature_group": "F7_c_rate_focused",
      "heldout_fold": 0,
      "mae": 0.029890868983797343,
      "model_level": "L3_quantile_hist_gradient_boosting",
      "pinball_loss_q10": 0.009033049093957276,
      "pinball_loss_q50": 0.014945434491898672,
      "pinball_loss_q90": 0.005631637859304817,
      "q10_q90_interval_coverage": 0.5817535545023697,
      "q10_q90_interval_width_mean": 0.08053929506615784,
      "rmse": 0.06860917982068425,
      "run_scope": "primary",
      "split_name": "condition_fold",
      "subset_name": "baseline_clean_tolerant",
      "target": "delta_capacity_Ah",
      "test_cells": 48,
      "test_parameter_sets": 16,
      "test_rows": 844,
      "train_parameter_sets": 60,
      "train_rows": 2983,
      "worst_condition_mae": 0.16318242464114058
    },
    {
      "condition_mean_mae": 0.04689757780031879,
      "condition_median_mae": 0.022415499467360902,
      "feature_group": "F7_c_rate_focused",
      "heldout_fold": 1,
      "mae": 0.02237617568138158,
      "model_level": "L3_quantile_hist_gradient_boosting",
      "pinball_loss_q10": 0.009386673984147073,
      "pinball_loss_q50": 0.01118808784069079,
      "pinball_loss_q90": 0.0037860344571544143,
      "q10_q90_interval_coverage": 0.6543352601156069,
      "q10_q90_interval_width_mean": 0.054665191160259655,
      "rmse": 0.07110680813851343,
      "run_scope": "primary",
      "split_name": "condition_fold",
      "subset_name": "baseline_clean_tolerant",
      "target": "delta_capacity_Ah",
      "test_cells": 45,
      "test_parameter_sets": 15,
      "test_rows": 865,
      "train_parameter_sets": 61,
      "train_rows": 2962,
      "worst_condition_mae": 0.22316177376331614
    },
    {
      "condition_mean_mae": 0.039755619940575845,
      "condition_median_mae": 0.020347324251514837,
      "feature_group": "F7_c_rate_focused",
      "heldout_fold": 2,
      "mae": 0.017652605448128855,
      "model_level": "L3_quantile_hist_gradient_boosting",
      "pinball_loss_q10": 0.006771098869280503,
      "pinball_loss_q50": 0.008826302724064428,
      "pinball_loss_q90": 0.0030195619030446096,
      "q10_q90_interval_coverage": 0.718609865470852,
      "q10_q90_interval_width_mean": 0.05098142237125268,
      "rmse": 0.056441620367771686,
      "run_scope": "primary",
      "split_name": "condition_fold",
      "subset_name": "baseline_clean_tolerant",
      "target": "delta_capacity_Ah",
      "test_cells": 45,
      "test_parameter_sets": 15,
      "test_rows": 892,
      "train_parameter_sets": 61,
      "train_rows": 2935,
      "worst_condition_mae": 0.16510213940972698
    },
    {
      "condition_mean_mae": 0.09759126615663767,
      "condition_median_mae": 0.086496281551585,
      "feature_group": "F7_c_rate_focused",
      "heldout_fold": 3,
      "mae": 0.04514305581768519,
      "model_level": "L3_quantile_hist_gradient_boosting",
      "pinball_loss_q10": 0.01592542514469524,
      "pinball_loss_q50": 0.022571527908842596,
      "pinball_loss_q90": 0.007836810475172453,
      "q10_q90_interval_coverage": 0.7229862475442044,
      "q10_q90_interval_width_mean": 0.11696169087535108,
      "rmse": 0.11776423878766139,
      "run_scope": "primary",
      "split_name": "condition_fold",
      "subset_name": "baseline_clean_tolerant",
      "target": "delta_capacity_Ah",
      "test_cells": 45,
      "test_parameter_sets": 15,
      "test_rows": 509,
      "train_parameter_sets": 61,
      "train_rows": 3318,
      "worst_condition_mae": 0.29026121003199684
    },
    {
      "condition_mean_mae": 0.06761195123730193,
      "condition_median_mae": 0.033981929773588784,
      "feature_group": "F7_c_rate_focused",
      "heldout_fold": 4,
      "mae": 0.02502029059647614,
      "model_level": "L3_quantile_hist_gradient_boosting",
      "pinball_loss_q10": 0.010029560069968232,
      "pinball_loss_q50": 0.01251014529823807,
      "pinball_loss_q90": 0.00508862938150907,
      "q10_q90_interval_coverage": 0.5355648535564853,
      "q10_q90_interval_width_mean": 0.08321340621091808,
      "rmse": 0.06701138745987387,
      "run_scope": "primary",
      "split_name": "condition_fold",
      "subset_name": "baseline_clean_tolerant",
      "target": "delta_capacity_Ah",
      "test_cells": 45,
      "test_parameter_sets": 15,
      "test_rows": 717,
      "train_parameter_sets": 61,
      "train_rows": 3110,
      "worst_condition_mae": 0.26942846881427246
    },
    {
      "condition_mean_mae": 0.051790940349151215,
      "condition_median_mae": 0.04376408112872593,
      "feature_group": "F7_c_rate_focused",
      "heldout_fold": 0,
      "mae": 0.027756040928308356,
      "model_level": "L3_quantile_hist_gradient_boosting",
      "pinball_loss_q10": 0.010071676496076416,
      "pinball_loss_q50": 0.013878020464154178,
      "pinball_loss_q90": 0.005804727737607924,
      "q10_q90_interval_coverage": 0.6241935483870967,
      "q10_q90_interval_width_mean": 0.09333368199767302,
      "rmse": 0.06848323604385408,
      "run_scope": "sensitivity_excluding_monotonicity",
      "split_name": "condition_fold",
      "subset_name": "baseline_clean_tolerant",
      "target": "delta_capacity_Ah",
      "test_cells": 48,
      "test_parameter_sets": 16,
      "test_rows": 620,
      "train_parameter_sets": 60,
      "train_rows": 2153,
      "worst_condition_mae": 0.1728789065750836
    },
    {
      "condition_mean_mae": 0.04525666986069492,
      "condition_median_mae": 0.021891522913891483,
      "feature_group": "F7_c_rate_focused",
      "heldout_fold": 1,
      "mae": 0.022585047476100364,
      "model_level": "L3_quantile_hist_gradient_boosting",
      "pinball_loss_q10": 0.008985847077578036,
      "pinball_loss_q50": 0.011292523738050182,
      "pinball_loss_q90": 0.0036599138755152353,
      "q10_q90_interval_coverage": 0.640625,
      "q10_q90_interval_width_mean": 0.05322527298322234,
      "rmse": 0.07365406761277232,
      "run_scope": "sensitivity_excluding_monotonicity",
      "split_name": "condition_fold",
      "subset_name": "baseline_clean_tolerant",
      "target": "delta_capacity_Ah",
      "test_cells": 45,
      "test_parameter_sets": 15,
      "test_rows": 640,
      "train_parameter_sets": 61,
      "train_rows": 2133,
      "worst_condition_mae": 0.19136399632176848
    },
    {
      "condition_mean_mae": 0.04297473388069635,
      "condition_median_mae": 0.02084864086903143,
      "feature_group": "F7_c_rate_focused",
      "heldout_fold": 2,
      "mae": 0.01797858600026272,
      "model_level": "L3_quantile_hist_gradient_boosting",
      "pinball_loss_q10": 0.007419297035031462,
      "pinball_loss_q50": 0.00898929300013136,
      "pinball_loss_q90": 0.003059969492512324,
      "q10_q90_interval_coverage": 0.7378335949764521,
      "q10_q90_interval_width_mean": 0.06436150688445645,
      "rmse": 0.0618108134398785,
      "run_scope": "sensitivity_excluding_monotonicity",
      "split_name": "condition_fold",
      "subset_name": "baseline_clean_tolerant",
      "target": "delta_capacity_Ah",
      "test_cells": 45,
      "test_parameter_sets": 15,
      "test_rows": 637,
      "train_parameter_sets": 61,
      "train_rows": 2136,
      "worst_condition_mae": 0.19138592901580279
    },
    {
      "condition_mean_mae": 0.09719133672091623,
      "condition_median_mae": 0.07249195312771,
      "feature_group": "F7_c_rate_focused",
      "heldout_fold": 3,
      "mae": 0.045672952168850575,
      "model_level": "L3_quantile_hist_gradient_boosting",
      "pinball_loss_q10": 0.016027154001140652,
      "pinball_loss_q50": 0.022836476084425288,
      "pinball_loss_q90": 0.00778912844969544,
      "q10_q90_interval_coverage": 0.7068062827225131,
      "q10_q90_interval_width_mean": 0.125011387694784,
      "rmse": 0.12209315645624304,