{
  "feature_group": "F10_c_rate_v1_1",
  "fold_metrics": [
    {
      "condition_mean_mae": 0.12873121676290958,
      "condition_median_mae": 0.07617394367356442,
      "feature_group": "F10_c_rate_v1_1",
      "heldout_fold": 1,
      "mae": 0.06663774645136662,
      "model_level": "L3_quantile_hist_gradient_boosting",
      "pinball_loss_q10": 0.023470549953008187,
      "pinball_loss_q50": 0.03331887322568331,
      "pinball_loss_q90": 0.02284112314387279,
      "q10_q90_interval_coverage": 0.8097345132743363,
      "q10_q90_interval_width_mean": 0.33000605738909433,
      "rmse": 0.11656609133702704,
      "run_scope": "primary",
      "split_name": "voltage_window_holdout_fold",
      "subset_name": "baseline_clean_tolerant",
      "target": "capacity_Ah_k1",
      "test_cells": 84,
      "test_parameter_sets": 28,
      "test_rows": 1130,
      "train_parameter_sets": 48,
      "train_rows": 2697,
      "worst_condition_mae": 0.4037150835632553
    },
    {
      "condition_mean_mae": 0.11325476887873324,
      "condition_median_mae": 0.10634621576476008,
      "feature_group": "F10_c_rate_v1_1",
      "heldout_fold": 2,
      "mae": 0.07291060985042234,
      "model_level": "L3_quantile_hist_gradient_boosting",
      "pinball_loss_q10": 0.02401387572291008,
      "pinball_loss_q50": 0.03645530492521117,
      "pinball_loss_q90": 0.01768510031886927,
      "q10_q90_interval_coverage": 0.7819110138584975,
      "q10_q90_interval_width_mean": 0.24770779704082363,
      "rmse": 0.11868784693746387,
      "run_scope": "primary",
      "split_name": "voltage_window_holdout_fold",
      "subset_name": "baseline_clean_tolerant",
      "target": "capacity_Ah_k1",
      "test_cells": 96,
      "test_parameter_sets": 32,
      "test_rows": 1371,
      "train_parameter_sets": 44,
      "train_rows": 2456,
      "worst_condition_mae": 0.3242175058059155
    },
    {
      "condition_mean_mae": 0.04294019040047516,
      "condition_median_mae": 0.03505850859698702,
      "feature_group": "F10_c_rate_v1_1",
      "heldout_fold": 3,
      "mae": 0.04232896667439578,
      "model_level": "L3_quantile_hist_gradient_boosting",
      "pinball_loss_q10": 0.0198981638097593,
      "pinball_loss_q50": 0.02116448333719789,
      "pinball_loss_q90": 0.10581983789344847,
      "q10_q90_interval_coverage": 0.0022624434389140274,
      "q10_q90_interval_width_mean": 0.0811503328392261,
      "rmse": 0.08360807680482718,
      "run_scope": "primary",
      "split_name": "voltage_window_holdout_fold",
      "subset_name": "baseline_clean_tolerant",
      "target": "capacity_Ah_k1",
      "test_cells": 48,
      "test_parameter_sets": 16,
      "test_rows": 1326,
      "train_parameter_sets": 60,
      "train_rows": 2501,
      "worst_condition_mae": 0.12892597679189158
    },
    {
      "condition_mean_mae": 0.12545170865062635,
      "condition_median_mae": 0.0746783591216959,
      "feature_group": "F10_c_rate_v1_1",
      "heldout_fold": 1,
      "mae": 0.06488850005284733,
      "model_level": "L3_quantile_hist_gradient_boosting",
      "pinball_loss_q10": 0.023569389186989698,
      "pinball_loss_q50": 0.03244425002642366,
      "pinball_loss_q90": 0.017347815019336656,
      "q10_q90_interval_coverage": 0.7995139732685298,
      "q10_q90_interval_width_mean": 0.2686112588101284,
      "rmse": 0.11915382495250129,
      "run_scope": "sensitivity_excluding_monotonicity",
      "split_name": "voltage_window_holdout_fold",
      "subset_name": "baseline_clean_tolerant",
      "target": "capacity_Ah_k1",
      "test_cells": 84,
      "test_parameter_sets": 28,
      "test_rows": 823,
      "train_parameter_sets": 48,
      "train_rows": 1950,
      "worst_condition_mae": 0.36925856165454407
    },
    {
      "condition_mean_mae": 0.1217958622799663,
      "condition_median_mae": 0.11583653130538141,
      "feature_group": "F10_c_rate_v1_1",
      "heldout_fold": 2,
      "mae": 0.08013165418977845,
      "model_level": "L3_quantile_hist_gradient_boosting",
      "pinball_loss_q10": 0.023989622779197462,
      "pinball_loss_q50": 0.04006582709488923,
      "pinball_loss_q90": 0.014920415878206568,
      "q10_q90_interval_coverage": 0.6518867924528302,
      "q10_q90_interval_width_mean": 0.22281456054481477,
      "rmse": 0.12330203145577807,
      "run_scope": "sensitivity_excluding_monotonicity",
      "split_name": "voltage_window_holdout_fold",
      "subset_name": "baseline_clean_tolerant",
      "target": "capacity_Ah_k1",
      "test_cells": 95,
      "test_parameter_sets": 32,
      "test_rows": 1060,
      "train_parameter_sets": 44,
      "train_rows": 1713,
      "worst_condition_mae": 0.2683265778144153
    },
    {
      "condition_mean_mae": 0.06892305695898851,
      "condition_median_mae": 0.06939888860621775,
      "feature_group": "F10_c_rate_v1_1",
      "heldout_fold": 3,
      "mae": 0.06868148205677346,
      "model_level": "L3_quantile_hist_gradient_boosting",
      "pinball_loss_q10": 0.018678477940955944,
      "pinball_loss_q50": 0.03434074102838673,
      "pinball_loss_q90": 0.023237860457913078,
      "q10_q90_interval_coverage": 0.08314606741573034,
      "q10_q90_interval_width_mean": 0.16311654112912832,
      "rmse": 0.07297935819923952,
      "run_scope": "sensitivity_excluding_monotonicity",
      "split_name": "voltage_window_holdout_fold",
      "subset_name": "baseline_clean_tolerant",
      "target": "capacity_Ah_k1",
      "test_cells": 48,
      "test_parameter_sets": 16,
      "test_rows": 890,
      "train_parameter_sets": 60,
      "train_rows": 1883,
      "worst_condition_mae": 0.09061779111343059
    }
  ],
  "model_level": "L3_quantile_hist_gradient_boosting",
  "primary_summary": {
    "condition_mean_mae": 0.09497539201403933,
    "condition_median_mae": 0.07252622267843717,
    "fold_count": 3,
    "mean_mae": 0.06062577432539492,
    "mean_rmse": 0.1062873383597727,
    "worst_condition_mae": 0.4037150835632553
  },
  "row_counts": {
    "baseline_clean_strict_rows": 2773,
    "baseline_clean_tolerant_rows": 3827,
    "full_interval_rows": 3827,
    "selected_cells": 228,
    "selected_parameter_sets": 76,
    "selected_subset_rows": 3827,
    "sensitivity_excluding_monotonicity_rows": 2773,
    "sensitivity_flagged_monotonicity_rows": 1054
  },
  "schema_version": "gate5.capacity_baseline.v1",
  "sensitivity_excluding_monotonicity_summary": {
    "condition_mean_mae": 0.10539020929652705,
    "condition_median_mae": 0.08663792634443168,
    "fold_count": 3,
    "mean_mae": 0.07123387876646642,
    "mean_rmse": 0.10514507153583963,
    "worst_condition_mae": 0.36925856165454407
  },
  "split_name": "voltage_window_holdout_fold",
  "target": "capacity_Ah_k1"
}
