{
  "feature_group": "F10_c_rate_v1_1",
  "fold_metrics": [
    {
      "condition_mean_mae": 0.045291589523643566,
      "condition_median_mae": 0.037639030634888083,
      "feature_group": "F10_c_rate_v1_1",
      "heldout_fold": 0,
      "mae": 0.025745717316902644,
      "model_level": "L3_quantile_hist_gradient_boosting",
      "pinball_loss_q10": 0.008085784958426068,
      "pinball_loss_q50": 0.012872858658451322,
      "pinball_loss_q90": 0.005471120124139418,
      "q10_q90_interval_coverage": 0.6018957345971564,
      "q10_q90_interval_width_mean": 0.07866715637894867,
      "rmse": 0.061914707512291674,
      "run_scope": "primary",
      "split_name": "condition_fold",
      "subset_name": "baseline_clean_tolerant",
      "target": "delta_capacity_Ah",
      "test_cells": 48,
      "test_parameter_sets": 16,
      "test_rows": 844,
      "train_parameter_sets": 60,
      "train_rows": 2983,
      "worst_condition_mae": 0.14750799876345108
    },
    {
      "condition_mean_mae": 0.0437762775983979,
      "condition_median_mae": 0.02059630907461838,
      "feature_group": "F10_c_rate_v1_1",
      "heldout_fold": 1,
      "mae": 0.0221650990155896,
      "model_level": "L3_quantile_hist_gradient_boosting",
      "pinball_loss_q10": 0.00973027994239437,
      "pinball_loss_q50": 0.0110825495077948,
      "pinball_loss_q90": 0.003578485034810486,
      "q10_q90_interval_coverage": 0.6832369942196532,
      "q10_q90_interval_width_mean": 0.0627981942479539,
      "rmse": 0.07521232715711883,
      "run_scope": "primary",
      "split_name": "condition_fold",
      "subset_name": "baseline_clean_tolerant",
      "target": "delta_capacity_Ah",
      "test_cells": 45,
      "test_parameter_sets": 15,
      "test_rows": 865,
      "train_parameter_sets": 61,
      "train_rows": 2962,
      "worst_condition_mae": 0.17865738245108698
    },
    {
      "condition_mean_mae": 0.044966813303906526,
      "condition_median_mae": 0.022408107939024983,
      "feature_group": "F10_c_rate_v1_1",
      "heldout_fold": 2,
      "mae": 0.01874311305750812,
      "model_level": "L3_quantile_hist_gradient_boosting",
      "pinball_loss_q10": 0.007668041198971989,
      "pinball_loss_q50": 0.00937155652875406,
      "pinball_loss_q90": 0.0030260198237676075,
      "q10_q90_interval_coverage": 0.742152466367713,
      "q10_q90_interval_width_mean": 0.05898066041914361,
      "rmse": 0.05779505438471923,
      "run_scope": "primary",
      "split_name": "condition_fold",
      "subset_name": "baseline_clean_tolerant",
      "target": "delta_capacity_Ah",
      "test_cells": 45,
      "test_parameter_sets": 15,
      "test_rows": 892,
      "train_parameter_sets": 61,
      "train_rows": 2935,
      "worst_condition_mae": 0.22914652639631075
    },
    {
      "condition_mean_mae": 0.10175869403830724,
      "condition_median_mae": 0.0976821665336426,
      "feature_group": "F10_c_rate_v1_1",
      "heldout_fold": 3,
      "mae": 0.047732983625098015,
      "model_level": "L3_quantile_hist_gradient_boosting",
      "pinball_loss_q10": 0.017379430008204504,
      "pinball_loss_q50": 0.023866491812549007,
      "pinball_loss_q90": 0.007651249715122268,
      "q10_q90_interval_coverage": 0.7603143418467584,
      "q10_q90_interval_width_mean": 0.10810711229281282,
      "rmse": 0.12486225044378912,
      "run_scope": "primary",
      "split_name": "condition_fold",
      "subset_name": "baseline_clean_tolerant",
      "target": "delta_capacity_Ah",
      "test_cells": 45,
      "test_parameter_sets": 15,
      "test_rows": 509,
      "train_parameter_sets": 61,
      "train_rows": 3318,
      "worst_condition_mae": 0.3029953475937824
    },
    {
      "condition_mean_mae": 0.07001834938385007,
      "condition_median_mae": 0.03438277441383172,
      "feature_group": "F10_c_rate_v1_1",
      "heldout_fold": 4,
      "mae": 0.026068773747610165,
      "model_level": "L3_quantile_hist_gradient_boosting",
      "pinball_loss_q10": 0.009079747529019083,
      "pinball_loss_q50": 0.013034386873805082,
      "pinball_loss_q90": 0.004945349564459643,
      "q10_q90_interval_coverage": 0.5913528591352859,
      "q10_q90_interval_width_mean": 0.07447608847830711,
      "rmse": 0.06901439260465704,
      "run_scope": "primary",
      "split_name": "condition_fold",
      "subset_name": "baseline_clean_tolerant",
      "target": "delta_capacity_Ah",
      "test_cells": 45,
      "test_parameter_sets": 15,
      "test_rows": 717,
      "train_parameter_sets": 61,
      "train_rows": 3110,
      "worst_condition_mae": 0.30249095761024714
    },
    {
      "condition_mean_mae": 0.04894671570490451,
      "condition_median_mae": 0.03140241708651787,
      "feature_group": "F10_c_rate_v1_1",
      "heldout_fold": 0,
      "mae": 0.02463759453799453,
      "model_level": "L3_quantile_hist_gradient_boosting",
      "pinball_loss_q10": 0.008866782354245189,
      "pinball_loss_q50": 0.012318797268997265,
      "pinball_loss_q90": 0.005708364115143216,
      "q10_q90_interval_coverage": 0.6403225806451613,
      "q10_q90_interval_width_mean": 0.09056783700707403,
      "rmse": 0.06525664521962982,
      "run_scope": "sensitivity_excluding_monotonicity",
      "split_name": "condition_fold",
      "subset_name": "baseline_clean_tolerant",
      "target": "delta_capacity_Ah",
      "test_cells": 48,
      "test_parameter_sets": 16,
      "test_rows": 620,
      "train_parameter_sets": 60,
      "train_rows": 2153,
      "worst_condition_mae": 0.1598606834847105
    },
    {
      "condition_mean_mae": 0.041396313637110285,
      "condition_median_mae": 0.020291618068183376,
      "feature_group": "F10_c_rate_v1_1",
      "heldout_fold": 1,
      "mae": 0.020599952348948295,
      "model_level": "L3_quantile_hist_gradient_boosting",
      "pinball_loss_q10": 0.009052083966438803,
      "pinball_loss_q50": 0.010299976174474148,
      "pinball_loss_q90": 0.00350436615432483,
      "q10_q90_interval_coverage": 0.7140625,
      "q10_q90_interval_width_mean": 0.058226115536511955,
      "rmse": 0.07031359214663267,
      "run_scope": "sensitivity_excluding_monotonicity",
      "split_name": "condition_fold",
      "subset_name": "baseline_clean_tolerant",
      "target": "delta_capacity_Ah",
      "test_cells": 45,
      "test_parameter_sets": 15,
      "test_rows": 640,
      "train_parameter_sets": 61,
      "train_rows": 2133,
      "worst_condition_mae": 0.18115727863869988
    },
    {
      "condition_mean_mae": 0.04558766586294001,
      "condition_median_mae": 0.024809112390309043,
      "feature_group": "F10_c_rate_v1_1",
      "heldout_fold": 2,
      "mae": 0.01890850124715967,
      "model_level": "L3_quantile_hist_gradient_boosting",
      "pinball_loss_q10": 0.008225989841008495,
      "pinball_loss_q50": 0.009454250623579834,
      "pinball_loss_q90": 0.0030763203142776295,
      "q10_q90_interval_coverage": 0.7189952904238619,
      "q10_q90_interval_width_mean": 0.0661823965577459,
      "rmse": 0.06155368826123184,
      "run_scope": "sensitivity_excluding_monotonicity",
      "split_name": "condition_fold",
      "subset_name": "baseline_clean_tolerant",
      "target": "delta_capacity_Ah",
      "test_cells": 45,
      "test_parameter_sets": 15,
      "test_rows": 637,
      "train_parameter_sets": 61,
      "train_rows": 2136,
      "worst_condition_mae": 0.22180754658995333
    },
    {
      "condition_mean_mae": 0.09794806048480442,
      "condition_median_mae": 0.06959887761397526,
      "feature_group": "F10_c_rate_v1_1",
      "heldout_fold": 3,
      "mae": 0.04670526577709807,
      "model_level": "L3_quantile_hist_gradient_boosting",
      "pinball_loss_q10": 0.0185054771776425,
      "pinball_loss_q50": 0.023352632888549035,
      "pinball_loss_q90": 0.0076674388187205665,
      "q10_q90_interval_coverage": 0.7539267015706806,
      "q10_q90_interval_width_mean": 0.10947455625394943,
      "rmse": 0.12460777427412142,