{
  "feature_group": "F10_c_rate_v1_1",
  "fold_metrics": [
    {
      "condition_mean_mae": 0.10081180596726334,
      "condition_median_mae": 0.07225812680542266,
      "feature_group": "F10_c_rate_v1_1",
      "heldout_fold": 1,
      "mae": 0.05899430310423716,
      "model_level": "L3_quantile_hist_gradient_boosting",
      "pinball_loss_q10": 0.022742916362671686,
      "pinball_loss_q50": 0.02949715155211858,
      "pinball_loss_q90": 0.009267051596891503,
      "q10_q90_interval_coverage": 0.4345132743362832,
      "q10_q90_interval_width_mean": 0.1359310411297832,
      "rmse": 0.09877080687683053,
      "run_scope": "primary",
      "split_name": "voltage_window_holdout_fold",
      "subset_name": "baseline_clean_tolerant",
      "target": "delta_capacity_Ah",
      "test_cells": 84,
      "test_parameter_sets": 28,
      "test_rows": 1130,
      "train_parameter_sets": 48,
      "train_rows": 2697,
      "worst_condition_mae": 0.3404119415218589
    },
    {
      "condition_mean_mae": 0.0961712047144104,
      "condition_median_mae": 0.06672905719902647,
      "feature_group": "F10_c_rate_v1_1",
      "heldout_fold": 2,
      "mae": 0.05363580371307739,
      "model_level": "L3_quantile_hist_gradient_boosting",
      "pinball_loss_q10": 0.01887927459889809,
      "pinball_loss_q50": 0.026817901856538696,
      "pinball_loss_q90": 0.006882437066539215,
      "q10_q90_interval_coverage": 0.6827133479212254,
      "q10_q90_interval_width_mean": 0.14119168598349977,
      "rmse": 0.10469346420449036,
      "run_scope": "primary",
      "split_name": "voltage_window_holdout_fold",
      "subset_name": "baseline_clean_tolerant",
      "target": "delta_capacity_Ah",
      "test_cells": 96,
      "test_parameter_sets": 32,
      "test_rows": 1371,
      "train_parameter_sets": 44,
      "train_rows": 2456,
      "worst_condition_mae": 0.35639919616366195
    },
    {
      "condition_mean_mae": 0.014767035168185621,
      "condition_median_mae": 0.014939717409073447,
      "feature_group": "F10_c_rate_v1_1",
      "heldout_fold": 3,
      "mae": 0.014780314914549243,
      "model_level": "L3_quantile_hist_gradient_boosting",
      "pinball_loss_q10": 0.004443580093854586,
      "pinball_loss_q50": 0.0073901574572746214,
      "pinball_loss_q90": 0.007592761721345894,
      "q10_q90_interval_coverage": 0.21342383107088989,
      "q10_q90_interval_width_mean": 0.035317928255034874,
      "rmse": 0.018267985524335933,
      "run_scope": "primary",
      "split_name": "voltage_window_holdout_fold",
      "subset_name": "baseline_clean_tolerant",
      "target": "delta_capacity_Ah",
      "test_cells": 48,
      "test_parameter_sets": 16,
      "test_rows": 1326,
      "train_parameter_sets": 60,
      "train_rows": 2501,
      "worst_condition_mae": 0.01934327178889422
    },
    {
      "condition_mean_mae": 0.10913853053681007,
      "condition_median_mae": 0.0673039160900539,
      "feature_group": "F10_c_rate_v1_1",
      "heldout_fold": 1,
      "mae": 0.059168205778594954,
      "model_level": "L3_quantile_hist_gradient_boosting",
      "pinball_loss_q10": 0.022859953915875933,
      "pinball_loss_q50": 0.029584102889297477,
      "pinball_loss_q90": 0.0098864836360746,
      "q10_q90_interval_coverage": 0.4362089914945322,
      "q10_q90_interval_width_mean": 0.13272236313603542,
      "rmse": 0.10745542251101202,
      "run_scope": "sensitivity_excluding_monotonicity",
      "split_name": "voltage_window_holdout_fold",
      "subset_name": "baseline_clean_tolerant",
      "target": "delta_capacity_Ah",
      "test_cells": 84,
      "test_parameter_sets": 28,
      "test_rows": 823,
      "train_parameter_sets": 48,
      "train_rows": 1950,
      "worst_condition_mae": 0.3207551074200089
    },
    {
      "condition_mean_mae": 0.09462642682577552,
      "condition_median_mae": 0.06712387740147197,
      "feature_group": "F10_c_rate_v1_1",
      "heldout_fold": 2,
      "mae": 0.05164056454551367,
      "model_level": "L3_quantile_hist_gradient_boosting",
      "pinball_loss_q10": 0.020037086373234723,
      "pinball_loss_q50": 0.025820282272756834,
      "pinball_loss_q90": 0.005859935776641291,
      "q10_q90_interval_coverage": 0.75,
      "q10_q90_interval_width_mean": 0.16599712818697382,
      "rmse": 0.10286371481809012,
      "run_scope": "sensitivity_excluding_monotonicity",
      "split_name": "voltage_window_holdout_fold",
      "subset_name": "baseline_clean_tolerant",
      "target": "delta_capacity_Ah",
      "test_cells": 95,
      "test_parameter_sets": 32,
      "test_rows": 1060,
      "train_parameter_sets": 44,
      "train_rows": 1713,
      "worst_condition_mae": 0.32286675203742743
    },
    {
      "condition_mean_mae": 0.016177995995283724,
      "condition_median_mae": 0.015486229849117374,
      "feature_group": "F10_c_rate_v1_1",
      "heldout_fold": 3,
      "mae": 0.015817666290064633,
      "model_level": "L3_quantile_hist_gradient_boosting",
      "pinball_loss_q10": 0.005310270556343691,
      "pinball_loss_q50": 0.007908833145032317,
      "pinball_loss_q90": 0.0075247658036613095,
      "q10_q90_interval_coverage": 0.14382022471910114,
      "q10_q90_interval_width_mean": 0.045387588055529025,
      "rmse": 0.021962106956201367,
      "run_scope": "sensitivity_excluding_monotonicity",
      "split_name": "voltage_window_holdout_fold",
      "subset_name": "baseline_clean_tolerant",
      "target": "delta_capacity_Ah",
      "test_cells": 48,
      "test_parameter_sets": 16,
      "test_rows": 890,
      "train_parameter_sets": 60,
      "train_rows": 1883,
      "worst_condition_mae": 0.023242481009255928
    }
  ],
  "model_level": "L3_quantile_hist_gradient_boosting",
  "primary_summary": {
    "condition_mean_mae": 0.07058334861661979,
    "condition_median_mae": 0.05130896713784086,
    "fold_count": 3,
    "mean_mae": 0.04247014057728793,
    "mean_rmse": 0.0739107522018856,
    "worst_condition_mae": 0.35639919616366195
  },
  "row_counts": {
    "baseline_clean_strict_rows": 2773,
    "baseline_clean_tolerant_rows": 3827,
    "full_interval_rows": 3827,
    "selected_cells": 228,
    "selected_parameter_sets": 76,
    "selected_subset_rows": 3827,
    "sensitivity_excluding_monotonicity_rows": 2773,
    "sensitivity_flagged_monotonicity_rows": 1054
  },
  "schema_version": "gate5.capacity_baseline.v1",
  "sensitivity_excluding_monotonicity_summary": {
    "condition_mean_mae": 0.07331431778595644,
    "condition_median_mae": 0.04997134111354775,
    "fold_count": 3,
    "mean_mae": 0.042208812204724416,
    "mean_rmse": 0.0774270814284345,
    "worst_condition_mae": 0.32286675203742743
  },
  "split_name": "voltage_window_holdout_fold",
  "target": "delta_capacity_Ah"
}
