target,split_name,prior_pulse_feature_group,best_nonpulse_feature_group,best_nonpulse_source_report,n_conditions,mean_gain,median_gain,win_rate,worst_condition_gain,bootstrap_resamples,gain_mean,gain_p05,gain_p50,gain_p95,win_rate_mean
capacity_Ah_k1,c_rate_holdout_fold,C_P3_stress_pulse,F5_log_age_histograms,capacity_stress_features_v1_1_hgb50_report.json,12,0.00039260513102635196,0.0012507170781699654,0.5,-0.029421701124433375,1000,0.0006703028550412402,-0.005538431231341462,0.0007278868266569502,0.006455195771048025,0.5065833333333333
delta_capacity_Ah,c_rate_holdout_fold,C_P3_stress_pulse,F4_state_log_age_scalar,capacity_hgb50_focused_report.json,12,-0.00234427506557541,0.0017670070462937962,0.5833333333333334,-0.06811162453528052,1000,-0.0022115572762367816,-0.01697415599918875,-0.0018523118498030072,0.011986657500596791,0.5873333333333334
