{
  "feature_group": "F2_state_exposure",
  "fold_metrics": [
    {
      "condition_mean_mae": 0.05604041598972183,
      "condition_median_mae": 0.042505377155895044,
      "feature_group": "F2_state_exposure",
      "heldout_fold": 0,
      "mae": 0.03017143228465127,
      "model_level": "L3_quantile_hist_gradient_boosting",
      "pinball_loss_q10": 0.011697766349922234,
      "pinball_loss_q50": 0.015085716142325635,
      "pinball_loss_q90": 0.014821299893073351,
      "q10_q90_interval_coverage": 0.8210900473933649,
      "q10_q90_interval_width_mean": 0.21005640955108928,
      "rmse": 0.07275036458323413,
      "run_scope": "primary",
      "split_name": "condition_fold",
      "subset_name": "baseline_clean_tolerant",
      "target": "capacity_Ah_k1",
      "test_cells": 48,
      "test_parameter_sets": 16,
      "test_rows": 844,
      "train_parameter_sets": 60,
      "train_rows": 2983,
      "worst_condition_mae": 0.2178795015351359
    },
    {
      "condition_mean_mae": 0.05824159104648983,
      "condition_median_mae": 0.02345352905102053,
      "feature_group": "F2_state_exposure",
      "heldout_fold": 1,
      "mae": 0.02573686894318139,
      "model_level": "L3_quantile_hist_gradient_boosting",
      "pinball_loss_q10": 0.015505625737611049,
      "pinball_loss_q50": 0.012868434471590695,
      "pinball_loss_q90": 0.007729863373209422,
      "q10_q90_interval_coverage": 0.7699421965317919,
      "q10_q90_interval_width_mean": 0.1546915590638118,
      "rmse": 0.08422601688679712,
      "run_scope": "primary",
      "split_name": "condition_fold",
      "subset_name": "baseline_clean_tolerant",
      "target": "capacity_Ah_k1",
      "test_cells": 45,
      "test_parameter_sets": 15,
      "test_rows": 865,
      "train_parameter_sets": 61,
      "train_rows": 2962,
      "worst_condition_mae": 0.32157695950981074
    },
    {
      "condition_mean_mae": 0.05307342841203988,
      "condition_median_mae": 0.023282778025999856,
      "feature_group": "F2_state_exposure",
      "heldout_fold": 2,
      "mae": 0.021248707581358703,
      "model_level": "L3_quantile_hist_gradient_boosting",
      "pinball_loss_q10": 0.009780890423965372,
      "pinball_loss_q50": 0.010624353790679351,
      "pinball_loss_q90": 0.007637223179101774,
      "q10_q90_interval_coverage": 0.7713004484304933,
      "q10_q90_interval_width_mean": 0.12034035559688679,
      "rmse": 0.06414408082659748,
      "run_scope": "primary",
      "split_name": "condition_fold",
      "subset_name": "baseline_clean_tolerant",
      "target": "capacity_Ah_k1",
      "test_cells": 45,
      "test_parameter_sets": 15,
      "test_rows": 892,
      "train_parameter_sets": 61,
      "train_rows": 2935,
      "worst_condition_mae": 0.35431645053657546
    },
    {
      "condition_mean_mae": 0.10661325115238109,
      "condition_median_mae": 0.08360144974839835,
      "feature_group": "F2_state_exposure",
      "heldout_fold": 3,
      "mae": 0.05125184491485818,
      "model_level": "L3_quantile_hist_gradient_boosting",
      "pinball_loss_q10": 0.021622883196783207,
      "pinball_loss_q50": 0.02562592245742909,
      "pinball_loss_q90": 0.012949451023928922,
      "q10_q90_interval_coverage": 0.8015717092337917,
      "q10_q90_interval_width_mean": 0.18197867405329818,
      "rmse": 0.133001046605705,
      "run_scope": "primary",
      "split_name": "condition_fold",
      "subset_name": "baseline_clean_tolerant",
      "target": "capacity_Ah_k1",
      "test_cells": 45,
      "test_parameter_sets": 15,
      "test_rows": 509,
      "train_parameter_sets": 61,
      "train_rows": 3318,
      "worst_condition_mae": 0.3788752591812552
    },
    {
      "condition_mean_mae": 0.07987921402331348,
      "condition_median_mae": 0.03837516063194786,
      "feature_group": "F2_state_exposure",
      "heldout_fold": 4,
      "mae": 0.03082006361061904,
      "model_level": "L3_quantile_hist_gradient_boosting",
      "pinball_loss_q10": 0.011015038424053604,
      "pinball_loss_q50": 0.01541003180530952,
      "pinball_loss_q90": 0.008522490928857804,
      "q10_q90_interval_coverage": 0.796373779637378,
      "q10_q90_interval_width_mean": 0.13423699818060378,
      "rmse": 0.09615266333823314,
      "run_scope": "primary",
      "split_name": "condition_fold",
      "subset_name": "baseline_clean_tolerant",
      "target": "capacity_Ah_k1",
      "test_cells": 45,
      "test_parameter_sets": 15,
      "test_rows": 717,
      "train_parameter_sets": 61,
      "train_rows": 3110,
      "worst_condition_mae": 0.3092185697970458
    },
    {
      "condition_mean_mae": 0.06809675636427064,
      "condition_median_mae": 0.05151240470549329,
      "feature_group": "F2_state_exposure",
      "heldout_fold": 0,
      "mae": 0.03325091342253524,
      "model_level": "L3_quantile_hist_gradient_boosting",
      "pinball_loss_q10": 0.011592228042468187,
      "pinball_loss_q50": 0.01662545671126762,
      "pinball_loss_q90": 0.009938399177616743,
      "q10_q90_interval_coverage": 0.8048387096774193,
      "q10_q90_interval_width_mean": 0.15404518404178527,
      "rmse": 0.08208154430920853,
      "run_scope": "sensitivity_excluding_monotonicity",
      "split_name": "condition_fold",
      "subset_name": "baseline_clean_tolerant",
      "target": "capacity_Ah_k1",
      "test_cells": 48,
      "test_parameter_sets": 16,
      "test_rows": 620,
      "train_parameter_sets": 60,
      "train_rows": 2153,
      "worst_condition_mae": 0.3024161553159086
    },
    {
      "condition_mean_mae": 0.06220221679413364,
      "condition_median_mae": 0.023848188690389398,
      "feature_group": "F2_state_exposure",
      "heldout_fold": 1,
      "mae": 0.025840626017455265,
      "model_level": "L3_quantile_hist_gradient_boosting",
      "pinball_loss_q10": 0.014875618031974175,
      "pinball_loss_q50": 0.012920313008727632,
      "pinball_loss_q90": 0.006693682096995246,
      "q10_q90_interval_coverage": 0.759375,
      "q10_q90_interval_width_mean": 0.13168663969783984,
      "rmse": 0.08266202073755001,
      "run_scope": "sensitivity_excluding_monotonicity",
      "split_name": "condition_fold",
      "subset_name": "baseline_clean_tolerant",
      "target": "capacity_Ah_k1",
      "test_cells": 45,
      "test_parameter_sets": 15,
      "test_rows": 640,
      "train_parameter_sets": 61,
      "train_rows": 2133,
      "worst_condition_mae": 0.3725980963271861
    },
    {
      "condition_mean_mae": 0.051154690380160184,
      "condition_median_mae": 0.022704718990229602,
      "feature_group": "F2_state_exposure",
      "heldout_fold": 2,
      "mae": 0.021488033798110488,
      "model_level": "L3_quantile_hist_gradient_boosting",
      "pinball_loss_q10": 0.01094415229069132,
      "pinball_loss_q50": 0.010744016899055244,
      "pinball_loss_q90": 0.006485816922401968,
      "q10_q90_interval_coverage": 0.7817896389324961,
      "q10_q90_interval_width_mean": 0.11098811913669587,
      "rmse": 0.06786690102320964,
      "run_scope": "sensitivity_excluding_monotonicity",
      "split_name": "condition_fold",
      "subset_name": "baseline_clean_tolerant",
      "target": "capacity_Ah_k1",
      "test_cells": 45,
      "test_parameter_sets": 15,
      "test_rows": 637,
      "train_parameter_sets": 61,
      "train_rows": 2136,
      "worst_condition_mae": 0.33567140297030446
    },
    {
      "condition_mean_mae": 0.1028258659680356,
      "condition_median_mae": 0.0674282842647824,
      "feature_group": "F2_state_exposure",
      "heldout_fold": 3,
      "mae": 0.05373539155272594,
      "model_level": "L3_quantile_hist_gradient_boosting",
      "pinball_loss_q10": 0.023231524613966142,
      "pinball_loss_q50": 0.02686769577636297,
      "pinball_loss_q90": 0.01423585569616749,
      "q10_q90_interval_coverage": 0.7827225130890052,
      "q10_q90_interval_width_mean": 0.19951101177827824,
      "rmse": 0.1428127527002563,
      "run_scope": "sensitivity_excluding_monotonicity",