{
  "feature_group": "F1_state_time",
  "fold_metrics": [
    {
      "condition_mean_mae": 0.06789982705213901,
      "condition_median_mae": 0.04454028765990853,
      "feature_group": "F1_state_time",
      "heldout_fold": 1,
      "mae": 0.04549695462114815,
      "model_level": "L3_quantile_hist_gradient_boosting",
      "pinball_loss_q10": 0.015497139039951873,
      "pinball_loss_q50": 0.022748477310574076,
      "pinball_loss_q90": 0.014531941230306785,
      "q10_q90_interval_coverage": 0.8789893617021277,
      "q10_q90_interval_width_mean": 0.19289953364494541,
      "rmse": 0.09829867134137478,
      "run_scope": "primary",
      "split_name": "profile_holdout_fold",
      "subset_name": "baseline_clean_tolerant",
      "target": "capacity_Ah_k1",
      "test_cells": 36,
      "test_parameter_sets": 12,
      "test_rows": 752,
      "train_parameter_sets": 64,
      "train_rows": 3075,
      "worst_condition_mae": 0.21717120025523168
    },
    {
      "condition_mean_mae": 0.07681634655710219,
      "condition_median_mae": 0.04954718410410232,
      "feature_group": "F1_state_time",
      "heldout_fold": 1,
      "mae": 0.04732092932221671,
      "model_level": "L3_quantile_hist_gradient_boosting",
      "pinball_loss_q10": 0.015168601580979248,
      "pinball_loss_q50": 0.023660464661108355,
      "pinball_loss_q90": 0.016950096420791795,
      "q10_q90_interval_coverage": 0.8854961832061069,
      "q10_q90_interval_width_mean": 0.22293671473510715,
      "rmse": 0.10009485480519092,
      "run_scope": "sensitivity_excluding_monotonicity",
      "split_name": "profile_holdout_fold",
      "subset_name": "baseline_clean_tolerant",
      "target": "capacity_Ah_k1",
      "test_cells": 36,
      "test_parameter_sets": 12,
      "test_rows": 524,
      "train_parameter_sets": 64,
      "train_rows": 2249,
      "worst_condition_mae": 0.2379865149363899
    }
  ],
  "model_level": "L3_quantile_hist_gradient_boosting",
  "primary_summary": {
    "condition_mean_mae": 0.06789982705213901,
    "condition_median_mae": 0.04454028765990853,
    "fold_count": 1,
    "mean_mae": 0.04549695462114815,
    "mean_rmse": 0.09829867134137478,
    "worst_condition_mae": 0.21717120025523168
  },
  "row_counts": {
    "baseline_clean_strict_rows": 2773,
    "baseline_clean_tolerant_rows": 3827,
    "full_interval_rows": 3827,
    "selected_cells": 228,
    "selected_parameter_sets": 76,
    "selected_subset_rows": 3827,
    "sensitivity_excluding_monotonicity_rows": 2773,
    "sensitivity_flagged_monotonicity_rows": 1054
  },
  "schema_version": "gate5.capacity_baseline.v1",
  "sensitivity_excluding_monotonicity_summary": {
    "condition_mean_mae": 0.07681634655710219,
    "condition_median_mae": 0.04954718410410232,
    "fold_count": 1,
    "mean_mae": 0.04732092932221671,
    "mean_rmse": 0.10009485480519092,
    "worst_condition_mae": 0.2379865149363899
  },
  "split_name": "profile_holdout_fold",
  "target": "capacity_Ah_k1"
}
