{
  "feature_group": "F1_state_time",
  "fold_metrics": [
    {
      "condition_mean_mae": 0.0650826641509208,
      "condition_median_mae": 0.049044000662401555,
      "feature_group": "F1_state_time",
      "heldout_fold": 1,
      "mae": 0.04562235311261182,
      "model_level": "L3_quantile_hist_gradient_boosting",
      "pinball_loss_q10": 0.014563572779877403,
      "pinball_loss_q50": 0.02281117655630591,
      "pinball_loss_q90": 0.007356141068911573,
      "q10_q90_interval_coverage": 0.4773936170212766,
      "q10_q90_interval_width_mean": 0.0911572747592183,
      "rmse": 0.09504238630960321,
      "run_scope": "primary",
      "split_name": "profile_holdout_fold",
      "subset_name": "baseline_clean_tolerant",
      "target": "delta_capacity_Ah",
      "test_cells": 36,
      "test_parameter_sets": 12,
      "test_rows": 752,
      "train_parameter_sets": 64,
      "train_rows": 3075,
      "worst_condition_mae": 0.17430907284748218
    },
    {
      "condition_mean_mae": 0.06993034406504202,
      "condition_median_mae": 0.05469112213869724,
      "feature_group": "F1_state_time",
      "heldout_fold": 1,
      "mae": 0.04748767348905632,
      "model_level": "L3_quantile_hist_gradient_boosting",
      "pinball_loss_q10": 0.015089839294644013,
      "pinball_loss_q50": 0.02374383674452816,
      "pinball_loss_q90": 0.008026418075863634,
      "q10_q90_interval_coverage": 0.3969465648854962,
      "q10_q90_interval_width_mean": 0.08724144608291175,
      "rmse": 0.10097579732700543,
      "run_scope": "sensitivity_excluding_monotonicity",
      "split_name": "profile_holdout_fold",
      "subset_name": "baseline_clean_tolerant",
      "target": "delta_capacity_Ah",
      "test_cells": 36,
      "test_parameter_sets": 12,
      "test_rows": 524,
      "train_parameter_sets": 64,
      "train_rows": 2249,
      "worst_condition_mae": 0.19479769685860776
    }
  ],
  "model_level": "L3_quantile_hist_gradient_boosting",
  "primary_summary": {
    "condition_mean_mae": 0.0650826641509208,
    "condition_median_mae": 0.049044000662401555,
    "fold_count": 1,
    "mean_mae": 0.04562235311261182,
    "mean_rmse": 0.09504238630960321,
    "worst_condition_mae": 0.17430907284748218
  },
  "row_counts": {
    "baseline_clean_strict_rows": 2773,
    "baseline_clean_tolerant_rows": 3827,
    "full_interval_rows": 3827,
    "selected_cells": 228,
    "selected_parameter_sets": 76,
    "selected_subset_rows": 3827,
    "sensitivity_excluding_monotonicity_rows": 2773,
    "sensitivity_flagged_monotonicity_rows": 1054
  },
  "schema_version": "gate5.capacity_baseline.v1",
  "sensitivity_excluding_monotonicity_summary": {
    "condition_mean_mae": 0.06993034406504202,
    "condition_median_mae": 0.05469112213869724,
    "fold_count": 1,
    "mean_mae": 0.04748767348905632,
    "mean_rmse": 0.10097579732700543,
    "worst_condition_mae": 0.19479769685860776
  },
  "split_name": "profile_holdout_fold",
  "target": "delta_capacity_Ah"
}
