{
  "feature_group": "F1_state_time",
  "fold_metrics": [
    {
      "condition_mean_mae": 0.052119239146007475,
      "condition_median_mae": 0.0348350442964841,
      "feature_group": "F1_state_time",
      "heldout_fold": 0,
      "mae": 0.027307994941338495,
      "model_level": "L3_quantile_hist_gradient_boosting",
      "pinball_loss_q10": 0.010452616231716404,
      "pinball_loss_q50": 0.013653997470669248,
      "pinball_loss_q90": 0.005685143355232433,
      "q10_q90_interval_coverage": 0.6919431279620853,
      "q10_q90_interval_width_mean": 0.10064966039628222,
      "rmse": 0.07045063090251395,
      "run_scope": "primary",
      "split_name": "condition_fold",
      "subset_name": "baseline_clean_tolerant",
      "target": "delta_capacity_Ah",
      "test_cells": 48,
      "test_parameter_sets": 16,
      "test_rows": 844,
      "train_parameter_sets": 60,
      "train_rows": 2983,
      "worst_condition_mae": 0.1958079035970022
    },
    {
      "condition_mean_mae": 0.047723899553580106,
      "condition_median_mae": 0.02366829627847702,
      "feature_group": "F1_state_time",
      "heldout_fold": 1,
      "mae": 0.022638388476693257,
      "model_level": "L3_quantile_hist_gradient_boosting",
      "pinball_loss_q10": 0.011172006027482941,
      "pinball_loss_q50": 0.011319194238346628,
      "pinball_loss_q90": 0.0033833957317350883,
      "q10_q90_interval_coverage": 0.8023121387283237,
      "q10_q90_interval_width_mean": 0.05715088491495321,
      "rmse": 0.07682920955679712,
      "run_scope": "primary",
      "split_name": "condition_fold",
      "subset_name": "baseline_clean_tolerant",
      "target": "delta_capacity_Ah",
      "test_cells": 45,
      "test_parameter_sets": 15,
      "test_rows": 865,
      "train_parameter_sets": 61,
      "train_rows": 2962,
      "worst_condition_mae": 0.21703781124359542
    },
    {
      "condition_mean_mae": 0.04890166362520357,
      "condition_median_mae": 0.02160451165582983,
      "feature_group": "F1_state_time",
      "heldout_fold": 2,
      "mae": 0.01914064944456404,
      "model_level": "L3_quantile_hist_gradient_boosting",
      "pinball_loss_q10": 0.0076456630424946714,
      "pinball_loss_q50": 0.00957032472228202,
      "pinball_loss_q90": 0.003099694889202604,
      "q10_q90_interval_coverage": 0.7690582959641256,
      "q10_q90_interval_width_mean": 0.057375264817146936,
      "rmse": 0.05880637472056123,
      "run_scope": "primary",
      "split_name": "condition_fold",
      "subset_name": "baseline_clean_tolerant",
      "target": "delta_capacity_Ah",
      "test_cells": 45,
      "test_parameter_sets": 15,
      "test_rows": 892,
      "train_parameter_sets": 61,
      "train_rows": 2935,
      "worst_condition_mae": 0.2985802162663744
    },
    {
      "condition_mean_mae": 0.1006719992662321,
      "condition_median_mae": 0.08532628362408715,
      "feature_group": "F1_state_time",
      "heldout_fold": 3,
      "mae": 0.04826631634938451,
      "model_level": "L3_quantile_hist_gradient_boosting",
      "pinball_loss_q10": 0.02183793820105561,
      "pinball_loss_q50": 0.024133158174692255,
      "pinball_loss_q90": 0.007659694409970012,
      "q10_q90_interval_coverage": 0.7229862475442044,
      "q10_q90_interval_width_mean": 0.12003097771375752,
      "rmse": 0.12256910734932756,
      "run_scope": "primary",
      "split_name": "condition_fold",
      "subset_name": "baseline_clean_tolerant",
      "target": "delta_capacity_Ah",
      "test_cells": 45,
      "test_parameter_sets": 15,
      "test_rows": 509,
      "train_parameter_sets": 61,
      "train_rows": 3318,
      "worst_condition_mae": 0.3715247025305312
    },
    {
      "condition_mean_mae": 0.07421128054627028,
      "condition_median_mae": 0.03257292411030884,
      "feature_group": "F1_state_time",
      "heldout_fold": 4,
      "mae": 0.024858330595181652,
      "model_level": "L3_quantile_hist_gradient_boosting",
      "pinball_loss_q10": 0.00865529167774155,
      "pinball_loss_q50": 0.012429165297590826,
      "pinball_loss_q90": 0.0042534797953949245,
      "q10_q90_interval_coverage": 0.7587168758716876,
      "q10_q90_interval_width_mean": 0.07154978230421336,
      "rmse": 0.07280580978973596,
      "run_scope": "primary",
      "split_name": "condition_fold",
      "subset_name": "baseline_clean_tolerant",
      "target": "delta_capacity_Ah",
      "test_cells": 45,
      "test_parameter_sets": 15,
      "test_rows": 717,
      "train_parameter_sets": 61,
      "train_rows": 3110,
      "worst_condition_mae": 0.34194035369183823
    },
    {
      "condition_mean_mae": 0.059748444129576445,
      "condition_median_mae": 0.04445829107832559,
      "feature_group": "F1_state_time",
      "heldout_fold": 0,
      "mae": 0.02941262594410146,
      "model_level": "L3_quantile_hist_gradient_boosting",
      "pinball_loss_q10": 0.01082817576862756,
      "pinball_loss_q50": 0.01470631297205073,
      "pinball_loss_q90": 0.005926902284556701,
      "q10_q90_interval_coverage": 0.6951612903225807,
      "q10_q90_interval_width_mean": 0.1033357199542349,
      "rmse": 0.07471430736052619,
      "run_scope": "sensitivity_excluding_monotonicity",
      "split_name": "condition_fold",
      "subset_name": "baseline_clean_tolerant",
      "target": "delta_capacity_Ah",
      "test_cells": 48,
      "test_parameter_sets": 16,
      "test_rows": 620,
      "train_parameter_sets": 60,
      "train_rows": 2153,
      "worst_condition_mae": 0.1973820444593711
    },
    {
      "condition_mean_mae": 0.04794447361804056,
      "condition_median_mae": 0.022036957213278377,
      "feature_group": "F1_state_time",
      "heldout_fold": 1,
      "mae": 0.022833583511487603,
      "model_level": "L3_quantile_hist_gradient_boosting",
      "pinball_loss_q10": 0.010212064103923826,
      "pinball_loss_q50": 0.011416791755743802,
      "pinball_loss_q90": 0.0036466217421992236,
      "q10_q90_interval_coverage": 0.7765625,
      "q10_q90_interval_width_mean": 0.05889047091882053,
      "rmse": 0.07538510494267034,
      "run_scope": "sensitivity_excluding_monotonicity",
      "split_name": "condition_fold",
      "subset_name": "baseline_clean_tolerant",
      "target": "delta_capacity_Ah",
      "test_cells": 45,
      "test_parameter_sets": 15,
      "test_rows": 640,
      "train_parameter_sets": 61,
      "train_rows": 2133,
      "worst_condition_mae": 0.1971664108066365
    },
    {
      "condition_mean_mae": 0.04560278857282914,
      "condition_median_mae": 0.027160156384164965,
      "feature_group": "F1_state_time",
      "heldout_fold": 2,
      "mae": 0.018881553248994112,
      "model_level": "L3_quantile_hist_gradient_boosting",
      "pinball_loss_q10": 0.008560990415627795,
      "pinball_loss_q50": 0.009440776624497056,
      "pinball_loss_q90": 0.0030949608268059123,
      "q10_q90_interval_coverage": 0.7205651491365777,
      "q10_q90_interval_width_mean": 0.05648489925987468,
      "rmse": 0.06061957769267433,
      "run_scope": "sensitivity_excluding_monotonicity",
      "split_name": "condition_fold",
      "subset_name": "baseline_clean_tolerant",
      "target": "delta_capacity_Ah",
      "test_cells": 45,
      "test_parameter_sets": 15,
      "test_rows": 637,
      "train_parameter_sets": 61,
      "train_rows": 2136,
      "worst_condition_mae": 0.2566823352957718
    },
    {
      "condition_mean_mae": 0.09846200749830535,
      "condition_median_mae": 0.06710480471253537,
      "feature_group": "F1_state_time",
      "heldout_fold": 3,
      "mae": 0.04764685338788742,
      "model_level": "L3_quantile_hist_gradient_boosting",
      "pinball_loss_q10": 0.0238137388057614,
      "pinball_loss_q50": 0.02382342669394371,
      "pinball_loss_q90": 0.007657274186781055,
      "q10_q90_interval_coverage": 0.7486910994764397,
      "q10_q90_interval_width_mean": 0.12323754576480675,
      "rmse": 0.12719257103407045,
      "run_scope": "sensitivity_excluding_monotonicity",