{
  "feature_group": "F2_state_exposure",
  "fold_metrics": [
    {
      "condition_mean_mae": 0.08220017838671227,
      "condition_median_mae": 0.0700614721219619,
      "feature_group": "F2_state_exposure",
      "heldout_fold": 1,
      "mae": 0.06435627942446058,
      "model_level": "L3_quantile_hist_gradient_boosting",
      "pinball_loss_q10": 0.016893020855067185,
      "pinball_loss_q50": 0.03217813971223029,
      "pinball_loss_q90": 0.008357123043620972,
      "q10_q90_interval_coverage": 0.41356382978723405,
      "q10_q90_interval_width_mean": 0.1308990125528328,
      "rmse": 0.10168487060329139,
      "run_scope": "primary",
      "split_name": "profile_holdout_fold",
      "subset_name": "baseline_clean_tolerant",
      "target": "delta_capacity_Ah",
      "test_cells": 36,
      "test_parameter_sets": 12,
      "test_rows": 752,
      "train_parameter_sets": 64,
      "train_rows": 3075,
      "worst_condition_mae": 0.22255157527100364
    },
    {
      "condition_mean_mae": 0.09089240039397184,
      "condition_median_mae": 0.08000712341771835,
      "feature_group": "F2_state_exposure",
      "heldout_fold": 1,
      "mae": 0.06954512226185486,
      "model_level": "L3_quantile_hist_gradient_boosting",
      "pinball_loss_q10": 0.018033344838778265,
      "pinball_loss_q50": 0.03477256113092743,
      "pinball_loss_q90": 0.009943263714982666,
      "q10_q90_interval_coverage": 0.2900763358778626,
      "q10_q90_interval_width_mean": 0.12576193173509173,
      "rmse": 0.10984139843595389,
      "run_scope": "sensitivity_excluding_monotonicity",
      "split_name": "profile_holdout_fold",
      "subset_name": "baseline_clean_tolerant",
      "target": "delta_capacity_Ah",
      "test_cells": 36,
      "test_parameter_sets": 12,
      "test_rows": 524,
      "train_parameter_sets": 64,
      "train_rows": 2249,
      "worst_condition_mae": 0.24020567820514113
    }
  ],
  "model_level": "L3_quantile_hist_gradient_boosting",
  "primary_summary": {
    "condition_mean_mae": 0.08220017838671227,
    "condition_median_mae": 0.0700614721219619,
    "fold_count": 1,
    "mean_mae": 0.06435627942446058,
    "mean_rmse": 0.10168487060329139,
    "worst_condition_mae": 0.22255157527100364
  },
  "row_counts": {
    "baseline_clean_strict_rows": 2773,
    "baseline_clean_tolerant_rows": 3827,
    "full_interval_rows": 3827,
    "selected_cells": 228,
    "selected_parameter_sets": 76,
    "selected_subset_rows": 3827,
    "sensitivity_excluding_monotonicity_rows": 2773,
    "sensitivity_flagged_monotonicity_rows": 1054
  },
  "schema_version": "gate5.capacity_baseline.v1",
  "sensitivity_excluding_monotonicity_summary": {
    "condition_mean_mae": 0.09089240039397184,
    "condition_median_mae": 0.08000712341771835,
    "fold_count": 1,
    "mean_mae": 0.06954512226185486,
    "mean_rmse": 0.10984139843595389,
    "worst_condition_mae": 0.24020567820514113
  },
  "split_name": "profile_holdout_fold",
  "target": "delta_capacity_Ah"
}
