{
  "feature_group": "F3_state_nominal",
  "fold_metrics": [
    {
      "condition_mean_mae": 0.1245139490439523,
      "condition_median_mae": 0.07137562873977174,
      "feature_group": "F3_state_nominal",
      "heldout_fold": 1,
      "mae": 0.06335255191370717,
      "model_level": "L3_quantile_hist_gradient_boosting",
      "pinball_loss_q10": 0.02425090846611848,
      "pinball_loss_q50": 0.031676275956853586,
      "pinball_loss_q90": 0.02140298193065629,
      "q10_q90_interval_coverage": 0.7415929203539823,
      "q10_q90_interval_width_mean": 0.28420800386295214,
      "rmse": 0.11364756708061294,
      "run_scope": "primary",
      "split_name": "voltage_window_holdout_fold",
      "subset_name": "baseline_clean_tolerant",
      "target": "capacity_Ah_k1",
      "test_cells": 84,
      "test_parameter_sets": 28,
      "test_rows": 1130,
      "train_parameter_sets": 48,
      "train_rows": 2697,
      "worst_condition_mae": 0.4237925806413337
    },
    {
      "condition_mean_mae": 0.11466772482662285,
      "condition_median_mae": 0.10089865808749926,
      "feature_group": "F3_state_nominal",
      "heldout_fold": 2,
      "mae": 0.0770886796609972,
      "model_level": "L3_quantile_hist_gradient_boosting",
      "pinball_loss_q10": 0.025245336788372593,
      "pinball_loss_q50": 0.0385443398304986,
      "pinball_loss_q90": 0.018439387749088956,
      "q10_q90_interval_coverage": 0.7432530999270606,
      "q10_q90_interval_width_mean": 0.2656485191682335,
      "rmse": 0.12053199921519198,
      "run_scope": "primary",
      "split_name": "voltage_window_holdout_fold",
      "subset_name": "baseline_clean_tolerant",
      "target": "capacity_Ah_k1",
      "test_cells": 96,
      "test_parameter_sets": 32,
      "test_rows": 1371,
      "train_parameter_sets": 44,
      "train_rows": 2456,
      "worst_condition_mae": 0.28367875413885474
    },
    {
      "condition_mean_mae": 0.05561487247153208,
      "condition_median_mae": 0.05031263139730689,
      "feature_group": "F3_state_nominal",
      "heldout_fold": 3,
      "mae": 0.055253893096034686,
      "model_level": "L3_quantile_hist_gradient_boosting",
      "pinball_loss_q10": 0.015196261129507244,
      "pinball_loss_q50": 0.027626946548017343,
      "pinball_loss_q90": 0.16325062668369159,
      "q10_q90_interval_coverage": 0.0007541478129713424,
      "q10_q90_interval_width_mean": -0.03000556420695272,
      "rmse": 0.08416493936965669,
      "run_scope": "primary",
      "split_name": "voltage_window_holdout_fold",
      "subset_name": "baseline_clean_tolerant",
      "target": "capacity_Ah_k1",
      "test_cells": 48,
      "test_parameter_sets": 16,
      "test_rows": 1326,
      "train_parameter_sets": 60,
      "train_rows": 2501,
      "worst_condition_mae": 0.11728341838032151
    },
    {
      "condition_mean_mae": 0.12796818348992284,
      "condition_median_mae": 0.08220389089454647,
      "feature_group": "F3_state_nominal",
      "heldout_fold": 1,
      "mae": 0.06878947695025212,
      "model_level": "L3_quantile_hist_gradient_boosting",
      "pinball_loss_q10": 0.022993476462146147,
      "pinball_loss_q50": 0.03439473847512606,
      "pinball_loss_q90": 0.01600539316184449,
      "q10_q90_interval_coverage": 0.7715674362089915,
      "q10_q90_interval_width_mean": 0.24345436225448236,
      "rmse": 0.11892677445307659,
      "run_scope": "sensitivity_excluding_monotonicity",
      "split_name": "voltage_window_holdout_fold",
      "subset_name": "baseline_clean_tolerant",
      "target": "capacity_Ah_k1",
      "test_cells": 84,
      "test_parameter_sets": 28,
      "test_rows": 823,
      "train_parameter_sets": 48,
      "train_rows": 1950,
      "worst_condition_mae": 0.40695328201530556
    },
    {
      "condition_mean_mae": 0.12084315624715086,
      "condition_median_mae": 0.11327870510195434,
      "feature_group": "F3_state_nominal",
      "heldout_fold": 2,
      "mae": 0.07888587787927322,
      "model_level": "L3_quantile_hist_gradient_boosting",
      "pinball_loss_q10": 0.023418744636152507,
      "pinball_loss_q50": 0.03944293893963661,
      "pinball_loss_q90": 0.016944407781292022,
      "q10_q90_interval_coverage": 0.5575471698113208,
      "q10_q90_interval_width_mean": 0.2282170199561822,
      "rmse": 0.12298750686734308,
      "run_scope": "sensitivity_excluding_monotonicity",
      "split_name": "voltage_window_holdout_fold",
      "subset_name": "baseline_clean_tolerant",
      "target": "capacity_Ah_k1",
      "test_cells": 95,
      "test_parameter_sets": 32,
      "test_rows": 1060,
      "train_parameter_sets": 44,
      "train_rows": 1713,
      "worst_condition_mae": 0.2788887659097458
    },
    {
      "condition_mean_mae": 0.03540907339347096,
      "condition_median_mae": 0.03542933557637809,
      "feature_group": "F3_state_nominal",
      "heldout_fold": 3,
      "mae": 0.03523359286653197,
      "model_level": "L3_quantile_hist_gradient_boosting",
      "pinball_loss_q10": 0.017200407083444308,
      "pinball_loss_q50": 0.017616796433265986,
      "pinball_loss_q90": 0.021876782027061174,
      "q10_q90_interval_coverage": 0.08089887640449438,
      "q10_q90_interval_width_mean": 0.14955583925672383,
      "rmse": 0.042768017242597545,
      "run_scope": "sensitivity_excluding_monotonicity",
      "split_name": "voltage_window_holdout_fold",
      "subset_name": "baseline_clean_tolerant",
      "target": "capacity_Ah_k1",
      "test_cells": 48,
      "test_parameter_sets": 16,
      "test_rows": 890,
      "train_parameter_sets": 60,
      "train_rows": 1883,
      "worst_condition_mae": 0.0549784771129179
    }
  ],
  "model_level": "L3_quantile_hist_gradient_boosting",
  "primary_summary": {
    "condition_mean_mae": 0.09826551544736907,
    "condition_median_mae": 0.07419563940819263,
    "fold_count": 3,
    "mean_mae": 0.06523170822357968,
    "mean_rmse": 0.10611483522182052,
    "worst_condition_mae": 0.4237925806413337
  },
  "row_counts": {
    "baseline_clean_strict_rows": 2773,
    "baseline_clean_tolerant_rows": 3827,
    "full_interval_rows": 3827,
    "selected_cells": 228,
    "selected_parameter_sets": 76,
    "selected_subset_rows": 3827,
    "sensitivity_excluding_monotonicity_rows": 2773,
    "sensitivity_flagged_monotonicity_rows": 1054
  },
  "schema_version": "gate5.capacity_baseline.v1",
  "sensitivity_excluding_monotonicity_summary": {
    "condition_mean_mae": 0.09474013771018157,
    "condition_median_mae": 0.0769706438576263,
    "fold_count": 3,
    "mean_mae": 0.060969649232019106,
    "mean_rmse": 0.09489409952100573,
    "worst_condition_mae": 0.40695328201530556
  },
  "split_name": "voltage_window_holdout_fold",
  "target": "capacity_Ah_k1"
}
