{
  "feature_group": "F2_state_exposure",
  "fold_metrics": [
    {
      "condition_mean_mae": 0.05604041598972183,
      "condition_median_mae": 0.042505377155895044,
      "feature_group": "F2_state_exposure",
      "heldout_fold": 0,
      "mae": 0.03017143228465127,
      "model_level": "L3_quantile_hist_gradient_boosting",
      "pinball_loss_q10": 0.011549908119182035,
      "pinball_loss_q50": 0.015085716142325635,
      "pinball_loss_q90": 0.014834582417785394,
      "q10_q90_interval_coverage": 0.840047393364929,
      "q10_q90_interval_width_mean": 0.21119477198431663,
      "rmse": 0.07275036458323413,
      "run_scope": "primary",
      "split_name": "condition_fold",
      "subset_name": "baseline_clean_tolerant",
      "target": "capacity_Ah_k1",
      "test_cells": 48,
      "test_parameter_sets": 16,
      "test_rows": 844,
      "train_parameter_sets": 60,
      "train_rows": 2983,
      "worst_condition_mae": 0.2178795015351359
    },
    {
      "condition_mean_mae": 0.05824159104648983,
      "condition_median_mae": 0.02345352905102053,
      "feature_group": "F2_state_exposure",
      "heldout_fold": 1,
      "mae": 0.02573686894318139,
      "model_level": "L3_quantile_hist_gradient_boosting",
      "pinball_loss_q10": 0.015452964272320124,
      "pinball_loss_q50": 0.012868434471590695,
      "pinball_loss_q90": 0.007573443112045089,
      "q10_q90_interval_coverage": 0.8104046242774566,
      "q10_q90_interval_width_mean": 0.15586030431747075,
      "rmse": 0.08422601688679712,
      "run_scope": "primary",
      "split_name": "condition_fold",
      "subset_name": "baseline_clean_tolerant",
      "target": "capacity_Ah_k1",
      "test_cells": 45,
      "test_parameter_sets": 15,
      "test_rows": 865,
      "train_parameter_sets": 61,
      "train_rows": 2962,
      "worst_condition_mae": 0.32157695950981074
    },
    {
      "condition_mean_mae": 0.05307342841203988,
      "condition_median_mae": 0.023282778025999856,
      "feature_group": "F2_state_exposure",
      "heldout_fold": 2,
      "mae": 0.021248707581358703,
      "model_level": "L3_quantile_hist_gradient_boosting",
      "pinball_loss_q10": 0.009632631129319044,
      "pinball_loss_q50": 0.010624353790679351,
      "pinball_loss_q90": 0.00747030552929718,
      "q10_q90_interval_coverage": 0.7926008968609866,
      "q10_q90_interval_width_mean": 0.12138123352742095,
      "rmse": 0.06414408082659748,
      "run_scope": "primary",
      "split_name": "condition_fold",
      "subset_name": "baseline_clean_tolerant",
      "target": "capacity_Ah_k1",
      "test_cells": 45,
      "test_parameter_sets": 15,
      "test_rows": 892,
      "train_parameter_sets": 61,
      "train_rows": 2935,
      "worst_condition_mae": 0.35431645053657546
    },
    {
      "condition_mean_mae": 0.10661325115238109,
      "condition_median_mae": 0.08360144974839835,
      "feature_group": "F2_state_exposure",
      "heldout_fold": 3,
      "mae": 0.05125184491485818,
      "model_level": "L3_quantile_hist_gradient_boosting",
      "pinball_loss_q10": 0.020938464089171226,
      "pinball_loss_q50": 0.02562592245742909,
      "pinball_loss_q90": 0.012862537707094881,
      "q10_q90_interval_coverage": 0.831041257367387,
      "q10_q90_interval_width_mean": 0.18403913316843898,
      "rmse": 0.133001046605705,
      "run_scope": "primary",
      "split_name": "condition_fold",
      "subset_name": "baseline_clean_tolerant",
      "target": "capacity_Ah_k1",
      "test_cells": 45,
      "test_parameter_sets": 15,
      "test_rows": 509,
      "train_parameter_sets": 61,
      "train_rows": 3318,
      "worst_condition_mae": 0.3788752591812552
    },
    {
      "condition_mean_mae": 0.07987921402331348,
      "condition_median_mae": 0.03837516063194786,
      "feature_group": "F2_state_exposure",
      "heldout_fold": 4,
      "mae": 0.03082006361061904,
      "model_level": "L3_quantile_hist_gradient_boosting",
      "pinball_loss_q10": 0.011066204190372611,
      "pinball_loss_q50": 0.01541003180530952,
      "pinball_loss_q90": 0.0083947536143903,
      "q10_q90_interval_coverage": 0.8242677824267782,
      "q10_q90_interval_width_mean": 0.13838453830362418,
      "rmse": 0.09615266333823314,
      "run_scope": "primary",
      "split_name": "condition_fold",
      "subset_name": "baseline_clean_tolerant",
      "target": "capacity_Ah_k1",
      "test_cells": 45,
      "test_parameter_sets": 15,
      "test_rows": 717,
      "train_parameter_sets": 61,
      "train_rows": 3110,
      "worst_condition_mae": 0.3092185697970458
    },
    {
      "condition_mean_mae": 0.06809675636427064,
      "condition_median_mae": 0.05151240470549329,
      "feature_group": "F2_state_exposure",
      "heldout_fold": 0,
      "mae": 0.03325091342253524,
      "model_level": "L3_quantile_hist_gradient_boosting",
      "pinball_loss_q10": 0.011370533769884178,
      "pinball_loss_q50": 0.01662545671126762,
      "pinball_loss_q90": 0.009958409511659275,
      "q10_q90_interval_coverage": 0.8290322580645161,
      "q10_q90_interval_width_mean": 0.15519548735251595,
      "rmse": 0.08208154430920853,
      "run_scope": "sensitivity_excluding_monotonicity",
      "split_name": "condition_fold",
      "subset_name": "baseline_clean_tolerant",
      "target": "capacity_Ah_k1",
      "test_cells": 48,
      "test_parameter_sets": 16,
      "test_rows": 620,
      "train_parameter_sets": 60,
      "train_rows": 2153,
      "worst_condition_mae": 0.3024161553159086
    },
    {
      "condition_mean_mae": 0.06220221679413364,
      "condition_median_mae": 0.023848188690389398,
      "feature_group": "F2_state_exposure",
      "heldout_fold": 1,
      "mae": 0.025840626017455265,
      "model_level": "L3_quantile_hist_gradient_boosting",
      "pinball_loss_q10": 0.014653007445329352,
      "pinball_loss_q50": 0.012920313008727632,
      "pinball_loss_q90": 0.006516897693468961,
      "q10_q90_interval_coverage": 0.8078125,
      "q10_q90_interval_width_mean": 0.13277733648483955,
      "rmse": 0.08266202073755001,
      "run_scope": "sensitivity_excluding_monotonicity",
      "split_name": "condition_fold",
      "subset_name": "baseline_clean_tolerant",
      "target": "capacity_Ah_k1",
      "test_cells": 45,
      "test_parameter_sets": 15,
      "test_rows": 640,
      "train_parameter_sets": 61,
      "train_rows": 2133,
      "worst_condition_mae": 0.3725980963271861
    },
    {
      "condition_mean_mae": 0.051154690380160184,
      "condition_median_mae": 0.022704718990229602,
      "feature_group": "F2_state_exposure",
      "heldout_fold": 2,
      "mae": 0.021488033798110488,
      "model_level": "L3_quantile_hist_gradient_boosting",
      "pinball_loss_q10": 0.01053533758547676,
      "pinball_loss_q50": 0.010744016899055244,
      "pinball_loss_q90": 0.0064532937041517965,
      "q10_q90_interval_coverage": 0.8178963893249608,
      "q10_q90_interval_width_mean": 0.1123031138655109,
      "rmse": 0.06786690102320964,
      "run_scope": "sensitivity_excluding_monotonicity",
      "split_name": "condition_fold",
      "subset_name": "baseline_clean_tolerant",
      "target": "capacity_Ah_k1",
      "test_cells": 45,
      "test_parameter_sets": 15,
      "test_rows": 637,
      "train_parameter_sets": 61,
      "train_rows": 2136,
      "worst_condition_mae": 0.33567140297030446
    },
    {
      "condition_mean_mae": 0.1028258659680356,
      "condition_median_mae": 0.0674282842647824,
      "feature_group": "F2_state_exposure",
      "heldout_fold": 3,
      "mae": 0.05373539155272594,
      "model_level": "L3_quantile_hist_gradient_boosting",
      "pinball_loss_q10": 0.02253301062798599,
      "pinball_loss_q50": 0.02686769577636297,
      "pinball_loss_q90": 0.01431868277126914,
      "q10_q90_interval_coverage": 0.8350785340314136,
      "q10_q90_interval_width_mean": 0.20197854523559625,
      "rmse": 0.1428127527002563,
      "run_scope": "sensitivity_excluding_monotonicity",