{
  "feature_group": "F2_state_exposure",
  "fold_metrics": [
    {
      "condition_mean_mae": 0.05006068699338376,
      "condition_median_mae": 0.03414888144723984,
      "feature_group": "F2_state_exposure",
      "heldout_fold": 0,
      "mae": 0.025654685230043578,
      "model_level": "L3_quantile_hist_gradient_boosting",
      "pinball_loss_q10": 0.009054192184262554,
      "pinball_loss_q50": 0.012827342615021789,
      "pinball_loss_q90": 0.005423949518383706,
      "q10_q90_interval_coverage": 0.6481042654028436,
      "q10_q90_interval_width_mean": 0.09119155196259093,
      "rmse": 0.06766590560490929,
      "run_scope": "primary",
      "split_name": "condition_fold",
      "subset_name": "baseline_clean_tolerant",
      "target": "delta_capacity_Ah",
      "test_cells": 48,
      "test_parameter_sets": 16,
      "test_rows": 844,
      "train_parameter_sets": 60,
      "train_rows": 2983,
      "worst_condition_mae": 0.18721614996822541
    },
    {
      "condition_mean_mae": 0.05011167746954346,
      "condition_median_mae": 0.021451496507795854,
      "feature_group": "F2_state_exposure",
      "heldout_fold": 1,
      "mae": 0.021745538362815158,
      "model_level": "L3_quantile_hist_gradient_boosting",
      "pinball_loss_q10": 0.01020429224747026,
      "pinball_loss_q50": 0.010872769181407579,
      "pinball_loss_q90": 0.0034115936955219995,
      "q10_q90_interval_coverage": 0.6982658959537572,
      "q10_q90_interval_width_mean": 0.052378263489979676,
      "rmse": 0.07626185843914707,
      "run_scope": "primary",
      "split_name": "condition_fold",
      "subset_name": "baseline_clean_tolerant",
      "target": "delta_capacity_Ah",
      "test_cells": 45,
      "test_parameter_sets": 15,
      "test_rows": 865,
      "train_parameter_sets": 61,
      "train_rows": 2962,
      "worst_condition_mae": 0.25631495329643444
    },
    {
      "condition_mean_mae": 0.050758206792669444,
      "condition_median_mae": 0.02276980320150412,
      "feature_group": "F2_state_exposure",
      "heldout_fold": 2,
      "mae": 0.0183308025471854,
      "model_level": "L3_quantile_hist_gradient_boosting",
      "pinball_loss_q10": 0.0076179575613590875,
      "pinball_loss_q50": 0.0091654012735927,
      "pinball_loss_q90": 0.0030320841186808356,
      "q10_q90_interval_coverage": 0.7354260089686099,
      "q10_q90_interval_width_mean": 0.05121443049579828,
      "rmse": 0.0619458772204746,
      "run_scope": "primary",
      "split_name": "condition_fold",
      "subset_name": "baseline_clean_tolerant",
      "target": "delta_capacity_Ah",
      "test_cells": 45,
      "test_parameter_sets": 15,
      "test_rows": 892,
      "train_parameter_sets": 61,
      "train_rows": 2935,
      "worst_condition_mae": 0.3391292689215317
    },
    {
      "condition_mean_mae": 0.10588963661126707,
      "condition_median_mae": 0.10391328554547569,
      "feature_group": "F2_state_exposure",
      "heldout_fold": 3,
      "mae": 0.049662038989773026,
      "model_level": "L3_quantile_hist_gradient_boosting",
      "pinball_loss_q10": 0.019286734202935453,
      "pinball_loss_q50": 0.024831019494886513,
      "pinball_loss_q90": 0.007533007227952722,
      "q10_q90_interval_coverage": 0.7210216110019646,
      "q10_q90_interval_width_mean": 0.11280323087201208,
      "rmse": 0.1273982967217705,
      "run_scope": "primary",
      "split_name": "condition_fold",
      "subset_name": "baseline_clean_tolerant",
      "target": "delta_capacity_Ah",
      "test_cells": 45,
      "test_parameter_sets": 15,
      "test_rows": 509,
      "train_parameter_sets": 61,
      "train_rows": 3318,
      "worst_condition_mae": 0.36548235445981586
    },
    {
      "condition_mean_mae": 0.07443678017480974,
      "condition_median_mae": 0.03320954653809979,
      "feature_group": "F2_state_exposure",
      "heldout_fold": 4,
      "mae": 0.02528476914633682,
      "model_level": "L3_quantile_hist_gradient_boosting",
      "pinball_loss_q10": 0.00871560647407052,
      "pinball_loss_q50": 0.01264238457316841,
      "pinball_loss_q90": 0.004451218780903695,
      "q10_q90_interval_coverage": 0.6750348675034867,
      "q10_q90_interval_width_mean": 0.07103296126152163,
      "rmse": 0.07554201341866446,
      "run_scope": "primary",
      "split_name": "condition_fold",
      "subset_name": "baseline_clean_tolerant",
      "target": "delta_capacity_Ah",
      "test_cells": 45,
      "test_parameter_sets": 15,
      "test_rows": 717,
      "train_parameter_sets": 61,
      "train_rows": 3110,
      "worst_condition_mae": 0.31431651473644323
    },
    {
      "condition_mean_mae": 0.05615179667637931,
      "condition_median_mae": 0.03233665243164369,
      "feature_group": "F2_state_exposure",
      "heldout_fold": 0,
      "mae": 0.026863123215087294,
      "model_level": "L3_quantile_hist_gradient_boosting",
      "pinball_loss_q10": 0.010384744824830663,
      "pinball_loss_q50": 0.013431561607543647,
      "pinball_loss_q90": 0.005711914747560371,
      "q10_q90_interval_coverage": 0.646774193548387,
      "q10_q90_interval_width_mean": 0.0980224629339234,
      "rmse": 0.07343403541211503,
      "run_scope": "sensitivity_excluding_monotonicity",
      "split_name": "condition_fold",
      "subset_name": "baseline_clean_tolerant",
      "target": "delta_capacity_Ah",
      "test_cells": 48,
      "test_parameter_sets": 16,
      "test_rows": 620,
      "train_parameter_sets": 60,
      "train_rows": 2153,
      "worst_condition_mae": 0.20250852651209728
    },
    {
      "condition_mean_mae": 0.053036722372649996,
      "condition_median_mae": 0.020191717934713783,
      "feature_group": "F2_state_exposure",
      "heldout_fold": 1,
      "mae": 0.02241461584062576,
      "model_level": "L3_quantile_hist_gradient_boosting",
      "pinball_loss_q10": 0.009975706730387425,
      "pinball_loss_q50": 0.01120730792031288,
      "pinball_loss_q90": 0.00351233666015108,
      "q10_q90_interval_coverage": 0.6515625,
      "q10_q90_interval_width_mean": 0.05423028007813666,
      "rmse": 0.07724211991269077,
      "run_scope": "sensitivity_excluding_monotonicity",
      "split_name": "condition_fold",
      "subset_name": "baseline_clean_tolerant",
      "target": "delta_capacity_Ah",
      "test_cells": 45,
      "test_parameter_sets": 15,
      "test_rows": 640,
      "train_parameter_sets": 61,
      "train_rows": 2133,
      "worst_condition_mae": 0.27513530334267855
    },
    {
      "condition_mean_mae": 0.04725743486761615,
      "condition_median_mae": 0.025111787673950618,
      "feature_group": "F2_state_exposure",
      "heldout_fold": 2,
      "mae": 0.018022859028908836,
      "model_level": "L3_quantile_hist_gradient_boosting",
      "pinball_loss_q10": 0.007938334811687374,
      "pinball_loss_q50": 0.009011429514454418,
      "pinball_loss_q90": 0.00308308896569495,
      "q10_q90_interval_coverage": 0.6985871271585558,
      "q10_q90_interval_width_mean": 0.051641411151350264,
      "rmse": 0.06298405154244024,
      "run_scope": "sensitivity_excluding_monotonicity",
      "split_name": "condition_fold",
      "subset_name": "baseline_clean_tolerant",
      "target": "delta_capacity_Ah",
      "test_cells": 45,
      "test_parameter_sets": 15,
      "test_rows": 637,
      "train_parameter_sets": 61,
      "train_rows": 2136,
      "worst_condition_mae": 0.2928124965157191
    },
    {
      "condition_mean_mae": 0.10846129130335662,
      "condition_median_mae": 0.06530981511388932,
      "feature_group": "F2_state_exposure",
      "heldout_fold": 3,
      "mae": 0.050098775859082526,
      "model_level": "L3_quantile_hist_gradient_boosting",
      "pinball_loss_q10": 0.021139503118511486,
      "pinball_loss_q50": 0.025049387929541263,
      "pinball_loss_q90": 0.007543555748368682,
      "q10_q90_interval_coverage": 0.7303664921465969,
      "q10_q90_interval_width_mean": 0.12124399361777415,
      "rmse": 0.13240441468923814,