{
  "feature_group": "F2_state_exposure",
  "fold_metrics": [
    {
      "condition_mean_mae": 0.1978789366030549,
      "condition_median_mae": 0.16917686459191256,
      "feature_group": "F2_state_exposure",
      "heldout_fold": 1,
      "mae": 0.1396544576207716,
      "model_level": "L3_quantile_hist_gradient_boosting",
      "pinball_loss_q10": 0.07138971688366683,
      "pinball_loss_q50": 0.0698272288103858,
      "pinball_loss_q90": 0.0260722917411005,
      "q10_q90_interval_coverage": 0.6687898089171974,
      "q10_q90_interval_width_mean": 0.26480033961979954,
      "rmse": 0.2429988364732349,
      "run_scope": "primary",
      "split_name": "c_rate_holdout_fold",
      "subset_name": "baseline_clean_tolerant",
      "target": "capacity_Ah_k1",
      "test_cells": 36,
      "test_parameter_sets": 12,
      "test_rows": 157,
      "train_parameter_sets": 64,
      "train_rows": 3670,
      "worst_condition_mae": 0.3959277013726396
    },
    {
      "condition_mean_mae": 0.20000529082868668,
      "condition_median_mae": 0.1782172872165539,
      "feature_group": "F2_state_exposure",
      "heldout_fold": 1,
      "mae": 0.1543130291000648,
      "model_level": "L3_quantile_hist_gradient_boosting",
      "pinball_loss_q10": 0.06897461383550194,
      "pinball_loss_q50": 0.0771565145500324,
      "pinball_loss_q90": 0.02651274457656968,
      "q10_q90_interval_coverage": 0.6238532110091743,
      "q10_q90_interval_width_mean": 0.26776117760047335,
      "rmse": 0.26159049410653307,
      "run_scope": "sensitivity_excluding_monotonicity",
      "split_name": "c_rate_holdout_fold",
      "subset_name": "baseline_clean_tolerant",
      "target": "capacity_Ah_k1",
      "test_cells": 36,
      "test_parameter_sets": 12,
      "test_rows": 109,
      "train_parameter_sets": 64,
      "train_rows": 2664,
      "worst_condition_mae": 0.3768400080646146
    }
  ],
  "model_level": "L3_quantile_hist_gradient_boosting",
  "primary_summary": {
    "condition_mean_mae": 0.1978789366030549,
    "condition_median_mae": 0.16917686459191256,
    "fold_count": 1,
    "mean_mae": 0.1396544576207716,
    "mean_rmse": 0.2429988364732349,
    "worst_condition_mae": 0.3959277013726396
  },
  "row_counts": {
    "baseline_clean_strict_rows": 2773,
    "baseline_clean_tolerant_rows": 3827,
    "full_interval_rows": 3827,
    "selected_cells": 228,
    "selected_parameter_sets": 76,
    "selected_subset_rows": 3827,
    "sensitivity_excluding_monotonicity_rows": 2773,
    "sensitivity_flagged_monotonicity_rows": 1054
  },
  "schema_version": "gate5.capacity_baseline.v1",
  "sensitivity_excluding_monotonicity_summary": {
    "condition_mean_mae": 0.20000529082868668,
    "condition_median_mae": 0.1782172872165539,
    "fold_count": 1,
    "mean_mae": 0.1543130291000648,
    "mean_rmse": 0.26159049410653307,
    "worst_condition_mae": 0.3768400080646146
  },
  "split_name": "c_rate_holdout_fold",
  "target": "capacity_Ah_k1"
}
