{
  "feature_group": "F2_state_exposure",
  "fold_metrics": [
    {
      "condition_mean_mae": 0.05006068699338376,
      "condition_median_mae": 0.03414888144723984,
      "feature_group": "F2_state_exposure",
      "heldout_fold": 0,
      "mae": 0.025654685230043578,
      "model_level": "L3_quantile_hist_gradient_boosting",
      "pinball_loss_q10": 0.009020532774424635,
      "pinball_loss_q50": 0.012827342615021789,
      "pinball_loss_q90": 0.005418320316462979,
      "q10_q90_interval_coverage": 0.6587677725118484,
      "q10_q90_interval_width_mean": 0.09174608022307283,
      "rmse": 0.06766590560490929,
      "run_scope": "primary",
      "split_name": "condition_fold",
      "subset_name": "baseline_clean_tolerant",
      "target": "delta_capacity_Ah",
      "test_cells": 48,
      "test_parameter_sets": 16,
      "test_rows": 844,
      "train_parameter_sets": 60,
      "train_rows": 2983,
      "worst_condition_mae": 0.18721614996822541
    },
    {
      "condition_mean_mae": 0.05011167746954346,
      "condition_median_mae": 0.021451496507795854,
      "feature_group": "F2_state_exposure",
      "heldout_fold": 1,
      "mae": 0.021745538362815158,
      "model_level": "L3_quantile_hist_gradient_boosting",
      "pinball_loss_q10": 0.009972533246834414,
      "pinball_loss_q50": 0.010872769181407579,
      "pinball_loss_q90": 0.003398162359477157,
      "q10_q90_interval_coverage": 0.7121387283236994,
      "q10_q90_interval_width_mean": 0.0528871340193863,
      "rmse": 0.07626185843914707,
      "run_scope": "primary",
      "split_name": "condition_fold",
      "subset_name": "baseline_clean_tolerant",
      "target": "delta_capacity_Ah",
      "test_cells": 45,
      "test_parameter_sets": 15,
      "test_rows": 865,
      "train_parameter_sets": 61,
      "train_rows": 2962,
      "worst_condition_mae": 0.25631495329643444
    },
    {
      "condition_mean_mae": 0.050758206792669444,
      "condition_median_mae": 0.02276980320150412,
      "feature_group": "F2_state_exposure",
      "heldout_fold": 2,
      "mae": 0.0183308025471854,
      "model_level": "L3_quantile_hist_gradient_boosting",
      "pinball_loss_q10": 0.007616949615134142,
      "pinball_loss_q50": 0.0091654012735927,
      "pinball_loss_q90": 0.0030298929619148106,
      "q10_q90_interval_coverage": 0.7354260089686099,
      "q10_q90_interval_width_mean": 0.0513367238038148,
      "rmse": 0.0619458772204746,
      "run_scope": "primary",
      "split_name": "condition_fold",
      "subset_name": "baseline_clean_tolerant",
      "target": "delta_capacity_Ah",
      "test_cells": 45,
      "test_parameter_sets": 15,
      "test_rows": 892,
      "train_parameter_sets": 61,
      "train_rows": 2935,
      "worst_condition_mae": 0.3391292689215317
    },
    {
      "condition_mean_mae": 0.10588963661126707,
      "condition_median_mae": 0.10391328554547569,
      "feature_group": "F2_state_exposure",
      "heldout_fold": 3,
      "mae": 0.049662038989773026,
      "model_level": "L3_quantile_hist_gradient_boosting",
      "pinball_loss_q10": 0.01921181058216019,
      "pinball_loss_q50": 0.024831019494886513,
      "pinball_loss_q90": 0.007533244583835313,
      "q10_q90_interval_coverage": 0.7288801571709234,
      "q10_q90_interval_width_mean": 0.11305425527601551,
      "rmse": 0.1273982967217705,
      "run_scope": "primary",
      "split_name": "condition_fold",
      "subset_name": "baseline_clean_tolerant",
      "target": "delta_capacity_Ah",
      "test_cells": 45,
      "test_parameter_sets": 15,
      "test_rows": 509,
      "train_parameter_sets": 61,
      "train_rows": 3318,
      "worst_condition_mae": 0.36548235445981586
    },
    {
      "condition_mean_mae": 0.07443678017480974,
      "condition_median_mae": 0.03320954653809979,
      "feature_group": "F2_state_exposure",
      "heldout_fold": 4,
      "mae": 0.02528476914633682,
      "model_level": "L3_quantile_hist_gradient_boosting",
      "pinball_loss_q10": 0.008671702639677589,
      "pinball_loss_q50": 0.01264238457316841,
      "pinball_loss_q90": 0.004445525844366118,
      "q10_q90_interval_coverage": 0.6792189679218968,
      "q10_q90_interval_width_mean": 0.07127488049126875,
      "rmse": 0.07554201341866446,
      "run_scope": "primary",
      "split_name": "condition_fold",
      "subset_name": "baseline_clean_tolerant",
      "target": "delta_capacity_Ah",
      "test_cells": 45,
      "test_parameter_sets": 15,
      "test_rows": 717,
      "train_parameter_sets": 61,
      "train_rows": 3110,
      "worst_condition_mae": 0.31431651473644323
    },
    {
      "condition_mean_mae": 0.05615179667637931,
      "condition_median_mae": 0.03233665243164369,
      "feature_group": "F2_state_exposure",
      "heldout_fold": 0,
      "mae": 0.026863123215087294,
      "model_level": "L3_quantile_hist_gradient_boosting",
      "pinball_loss_q10": 0.010334952311750753,
      "pinball_loss_q50": 0.013431561607543647,
      "pinball_loss_q90": 0.005706799278135907,
      "q10_q90_interval_coverage": 0.6548387096774193,
      "q10_q90_interval_width_mean": 0.09830040253817023,
      "rmse": 0.07343403541211503,
      "run_scope": "sensitivity_excluding_monotonicity",
      "split_name": "condition_fold",
      "subset_name": "baseline_clean_tolerant",
      "target": "delta_capacity_Ah",
      "test_cells": 48,
      "test_parameter_sets": 16,
      "test_rows": 620,
      "train_parameter_sets": 60,
      "train_rows": 2153,
      "worst_condition_mae": 0.20250852651209728
    },
    {
      "condition_mean_mae": 0.053036722372649996,
      "condition_median_mae": 0.020191717934713783,
      "feature_group": "F2_state_exposure",
      "heldout_fold": 1,
      "mae": 0.02241461584062576,
      "model_level": "L3_quantile_hist_gradient_boosting",
      "pinball_loss_q10": 0.009759980754716882,
      "pinball_loss_q50": 0.01120730792031288,
      "pinball_loss_q90": 0.0034962887339846085,
      "q10_q90_interval_coverage": 0.6671875,
      "q10_q90_interval_width_mean": 0.05471160510595909,
      "rmse": 0.07724211991269077,
      "run_scope": "sensitivity_excluding_monotonicity",
      "split_name": "condition_fold",
      "subset_name": "baseline_clean_tolerant",
      "target": "delta_capacity_Ah",
      "test_cells": 45,
      "test_parameter_sets": 15,
      "test_rows": 640,
      "train_parameter_sets": 61,
      "train_rows": 2133,
      "worst_condition_mae": 0.27513530334267855
    },
    {
      "condition_mean_mae": 0.04725743486761615,
      "condition_median_mae": 0.025111787673950618,
      "feature_group": "F2_state_exposure",
      "heldout_fold": 2,
      "mae": 0.018022859028908836,
      "model_level": "L3_quantile_hist_gradient_boosting",
      "pinball_loss_q10": 0.007897207436431799,
      "pinball_loss_q50": 0.009011429514454418,
      "pinball_loss_q90": 0.003076859898670021,
      "q10_q90_interval_coverage": 0.7080062794348508,
      "q10_q90_interval_width_mean": 0.05193301532291481,
      "rmse": 0.06298405154244024,
      "run_scope": "sensitivity_excluding_monotonicity",
      "split_name": "condition_fold",
      "subset_name": "baseline_clean_tolerant",
      "target": "delta_capacity_Ah",
      "test_cells": 45,
      "test_parameter_sets": 15,
      "test_rows": 637,
      "train_parameter_sets": 61,
      "train_rows": 2136,
      "worst_condition_mae": 0.2928124965157191
    },
    {
      "condition_mean_mae": 0.10846129130335662,
      "condition_median_mae": 0.06530981511388932,
      "feature_group": "F2_state_exposure",
      "heldout_fold": 3,
      "mae": 0.050098775859082526,
      "model_level": "L3_quantile_hist_gradient_boosting",
      "pinball_loss_q10": 0.0210937027522461,
      "pinball_loss_q50": 0.025049387929541263,
      "pinball_loss_q90": 0.00754287953571233,
      "q10_q90_interval_coverage": 0.7356020942408377,
      "q10_q90_interval_width_mean": 0.12136033055957332,
      "rmse": 0.13240441468923814,