{
  "feature_group": "F1_state_time",
  "fold_metrics": [
    {
      "condition_mean_mae": 0.057098688197740784,
      "condition_median_mae": 0.03994228588483617,
      "feature_group": "F1_state_time",
      "heldout_fold": 0,
      "mae": 0.03067140622087787,
      "model_level": "L3_quantile_hist_gradient_boosting",
      "pinball_loss_q10": 0.011442119652909023,
      "pinball_loss_q50": 0.015335703110438935,
      "pinball_loss_q90": 0.013126587767637636,
      "q10_q90_interval_coverage": 0.8625592417061612,
      "q10_q90_interval_width_mean": 0.19562274218337186,
      "rmse": 0.0741785085097363,
      "run_scope": "primary",
      "split_name": "condition_fold",
      "subset_name": "baseline_clean_tolerant",
      "target": "capacity_Ah_k1",
      "test_cells": 48,
      "test_parameter_sets": 16,
      "test_rows": 844,
      "train_parameter_sets": 60,
      "train_rows": 2983,
      "worst_condition_mae": 0.2034758921101475
    },
    {
      "condition_mean_mae": 0.05619062733934382,
      "condition_median_mae": 0.025244522642305534,
      "feature_group": "F1_state_time",
      "heldout_fold": 1,
      "mae": 0.026085413333721014,
      "model_level": "L3_quantile_hist_gradient_boosting",
      "pinball_loss_q10": 0.013905349253151606,
      "pinball_loss_q50": 0.013042706666860507,
      "pinball_loss_q90": 0.00841321641321877,
      "q10_q90_interval_coverage": 0.8277456647398844,
      "q10_q90_interval_width_mean": 0.1377892283159313,
      "rmse": 0.08491151488637334,
      "run_scope": "primary",
      "split_name": "condition_fold",
      "subset_name": "baseline_clean_tolerant",
      "target": "capacity_Ah_k1",
      "test_cells": 45,
      "test_parameter_sets": 15,
      "test_rows": 865,
      "train_parameter_sets": 61,
      "train_rows": 2962,
      "worst_condition_mae": 0.27982548173002336
    },
    {
      "condition_mean_mae": 0.05578734083982724,
      "condition_median_mae": 0.02189065282209323,
      "feature_group": "F1_state_time",
      "heldout_fold": 2,
      "mae": 0.02469836161594876,
      "model_level": "L3_quantile_hist_gradient_boosting",
      "pinball_loss_q10": 0.011408132359833569,
      "pinball_loss_q50": 0.01234918080797438,
      "pinball_loss_q90": 0.007120037016855387,
      "q10_q90_interval_coverage": 0.8060538116591929,
      "q10_q90_interval_width_mean": 0.14060639085311197,
      "rmse": 0.06413343906807593,
      "run_scope": "primary",
      "split_name": "condition_fold",
      "subset_name": "baseline_clean_tolerant",
      "target": "capacity_Ah_k1",
      "test_cells": 45,
      "test_parameter_sets": 15,
      "test_rows": 892,
      "train_parameter_sets": 61,
      "train_rows": 2935,
      "worst_condition_mae": 0.3317401470108116
    },
    {
      "condition_mean_mae": 0.10929373092120666,
      "condition_median_mae": 0.0891920377162354,
      "feature_group": "F1_state_time",
      "heldout_fold": 3,
      "mae": 0.05378039900605192,
      "model_level": "L3_quantile_hist_gradient_boosting",
      "pinball_loss_q10": 0.02331671183699188,
      "pinball_loss_q50": 0.02689019950302596,
      "pinball_loss_q90": 0.012766278905640267,
      "q10_q90_interval_coverage": 0.8585461689587426,
      "q10_q90_interval_width_mean": 0.18351415112344044,
      "rmse": 0.13597676680376863,
      "run_scope": "primary",
      "split_name": "condition_fold",
      "subset_name": "baseline_clean_tolerant",
      "target": "capacity_Ah_k1",
      "test_cells": 45,
      "test_parameter_sets": 15,
      "test_rows": 509,
      "train_parameter_sets": 61,
      "train_rows": 3318,
      "worst_condition_mae": 0.37244850263734636
    },
    {
      "condition_mean_mae": 0.08270900966783502,
      "condition_median_mae": 0.04497428011750237,
      "feature_group": "F1_state_time",
      "heldout_fold": 4,
      "mae": 0.03072059070486143,
      "model_level": "L3_quantile_hist_gradient_boosting",
      "pinball_loss_q10": 0.01079118228057105,
      "pinball_loss_q50": 0.015360295352430714,
      "pinball_loss_q90": 0.008795623195079184,
      "q10_q90_interval_coverage": 0.8019525801952581,
      "q10_q90_interval_width_mean": 0.1411578764104616,
      "rmse": 0.09433773343932267,
      "run_scope": "primary",
      "split_name": "condition_fold",
      "subset_name": "baseline_clean_tolerant",
      "target": "capacity_Ah_k1",
      "test_cells": 45,
      "test_parameter_sets": 15,
      "test_rows": 717,
      "train_parameter_sets": 61,
      "train_rows": 3110,
      "worst_condition_mae": 0.34950333967749164
    },
    {
      "condition_mean_mae": 0.06139174258576973,
      "condition_median_mae": 0.04642638680005326,
      "feature_group": "F1_state_time",
      "heldout_fold": 0,
      "mae": 0.031584009304065894,
      "model_level": "L3_quantile_hist_gradient_boosting",
      "pinball_loss_q10": 0.012070264477693323,
      "pinball_loss_q50": 0.015792004652032947,
      "pinball_loss_q90": 0.009947554988548367,
      "q10_q90_interval_coverage": 0.8564516129032258,
      "q10_q90_interval_width_mean": 0.16466088560178252,
      "rmse": 0.07989756604362486,
      "run_scope": "sensitivity_excluding_monotonicity",
      "split_name": "condition_fold",
      "subset_name": "baseline_clean_tolerant",
      "target": "capacity_Ah_k1",
      "test_cells": 48,
      "test_parameter_sets": 16,
      "test_rows": 620,
      "train_parameter_sets": 60,
      "train_rows": 2153,
      "worst_condition_mae": 0.19155535007831018
    },
    {
      "condition_mean_mae": 0.05614986589233348,
      "condition_median_mae": 0.022881212393088345,
      "feature_group": "F1_state_time",
      "heldout_fold": 1,
      "mae": 0.02607873715012839,
      "model_level": "L3_quantile_hist_gradient_boosting",
      "pinball_loss_q10": 0.013136689232701542,
      "pinball_loss_q50": 0.013039368575064195,
      "pinball_loss_q90": 0.006881069903324889,
      "q10_q90_interval_coverage": 0.83125,
      "q10_q90_interval_width_mean": 0.12306418636253835,
      "rmse": 0.08080804561412057,
      "run_scope": "sensitivity_excluding_monotonicity",
      "split_name": "condition_fold",
      "subset_name": "baseline_clean_tolerant",
      "target": "capacity_Ah_k1",
      "test_cells": 45,
      "test_parameter_sets": 15,
      "test_rows": 640,
      "train_parameter_sets": 61,
      "train_rows": 2133,
      "worst_condition_mae": 0.2698570975107737
    },
    {
      "condition_mean_mae": 0.05478466866554644,
      "condition_median_mae": 0.02721475223848605,
      "feature_group": "F1_state_time",
      "heldout_fold": 2,
      "mae": 0.02607986572884298,
      "model_level": "L3_quantile_hist_gradient_boosting",
      "pinball_loss_q10": 0.014223909981524698,
      "pinball_loss_q50": 0.01303993286442149,
      "pinball_loss_q90": 0.0064800004366622425,
      "q10_q90_interval_coverage": 0.7959183673469388,
      "q10_q90_interval_width_mean": 0.14918080347839427,
      "rmse": 0.06872681097655754,
      "run_scope": "sensitivity_excluding_monotonicity",
      "split_name": "condition_fold",
      "subset_name": "baseline_clean_tolerant",
      "target": "capacity_Ah_k1",
      "test_cells": 45,
      "test_parameter_sets": 15,
      "test_rows": 637,
      "train_parameter_sets": 61,
      "train_rows": 2136,
      "worst_condition_mae": 0.32231410339337724
    },
    {
      "condition_mean_mae": 0.10931360035158509,
      "condition_median_mae": 0.0700825718606102,
      "feature_group": "F1_state_time",
      "heldout_fold": 3,
      "mae": 0.05598653405132189,
      "model_level": "L3_quantile_hist_gradient_boosting",
      "pinball_loss_q10": 0.02380960873671618,
      "pinball_loss_q50": 0.027993267025660944,
      "pinball_loss_q90": 0.014250692297686787,
      "q10_q90_interval_coverage": 0.8691099476439791,
      "q10_q90_interval_width_mean": 0.20942964093558422,
      "rmse": 0.14183598131093644,
      "run_scope": "sensitivity_excluding_monotonicity",
      "split_name": "condition_fold",