{
  "feature_group": "F1_state_time",
  "fold_metrics": [
    {
      "condition_mean_mae": 0.052119239146007475,
      "condition_median_mae": 0.0348350442964841,
      "feature_group": "F1_state_time",
      "heldout_fold": 0,
      "mae": 0.027307994941338495,
      "model_level": "L3_quantile_hist_gradient_boosting",
      "pinball_loss_q10": 0.010466917751095758,
      "pinball_loss_q50": 0.013653997470669248,
      "pinball_loss_q90": 0.005684763320956007,
      "q10_q90_interval_coverage": 0.6872037914691943,
      "q10_q90_interval_width_mean": 0.10044676468398063,
      "rmse": 0.07045063090251395,
      "run_scope": "primary",
      "split_name": "condition_fold",
      "subset_name": "baseline_clean_tolerant",
      "target": "delta_capacity_Ah",
      "test_cells": 48,
      "test_parameter_sets": 16,
      "test_rows": 844,
      "train_parameter_sets": 60,
      "train_rows": 2983,
      "worst_condition_mae": 0.1958079035970022
    },
    {
      "condition_mean_mae": 0.047723899553580106,
      "condition_median_mae": 0.02366829627847702,
      "feature_group": "F1_state_time",
      "heldout_fold": 1,
      "mae": 0.022638388476693257,
      "model_level": "L3_quantile_hist_gradient_boosting",
      "pinball_loss_q10": 0.011176277170603603,
      "pinball_loss_q50": 0.011319194238346628,
      "pinball_loss_q90": 0.0033832774569221512,
      "q10_q90_interval_coverage": 0.7965317919075144,
      "q10_q90_interval_width_mean": 0.057115931897154165,
      "rmse": 0.07682920955679712,
      "run_scope": "primary",
      "split_name": "condition_fold",
      "subset_name": "baseline_clean_tolerant",
      "target": "delta_capacity_Ah",
      "test_cells": 45,
      "test_parameter_sets": 15,
      "test_rows": 865,
      "train_parameter_sets": 61,
      "train_rows": 2962,
      "worst_condition_mae": 0.21703781124359542
    },
    {
      "condition_mean_mae": 0.04890166362520357,
      "condition_median_mae": 0.02160451165582983,
      "feature_group": "F1_state_time",
      "heldout_fold": 2,
      "mae": 0.01914064944456404,
      "model_level": "L3_quantile_hist_gradient_boosting",
      "pinball_loss_q10": 0.00765486195243429,
      "pinball_loss_q50": 0.00957032472228202,
      "pinball_loss_q90": 0.0031044961318587604,
      "q10_q90_interval_coverage": 0.7589686098654709,
      "q10_q90_interval_width_mean": 0.05732678638382575,
      "rmse": 0.05880637472056123,
      "run_scope": "primary",
      "split_name": "condition_fold",
      "subset_name": "baseline_clean_tolerant",
      "target": "delta_capacity_Ah",
      "test_cells": 45,
      "test_parameter_sets": 15,
      "test_rows": 892,
      "train_parameter_sets": 61,
      "train_rows": 2935,
      "worst_condition_mae": 0.2985802162663744
    },
    {
      "condition_mean_mae": 0.1006719992662321,
      "condition_median_mae": 0.08532628362408715,
      "feature_group": "F1_state_time",
      "heldout_fold": 3,
      "mae": 0.04826631634938451,
      "model_level": "L3_quantile_hist_gradient_boosting",
      "pinball_loss_q10": 0.02183793820105561,
      "pinball_loss_q50": 0.024133158174692255,
      "pinball_loss_q90": 0.007663526957652898,
      "q10_q90_interval_coverage": 0.7170923379174853,
      "q10_q90_interval_width_mean": 0.12000294343118996,
      "rmse": 0.12256910734932756,
      "run_scope": "primary",
      "split_name": "condition_fold",
      "subset_name": "baseline_clean_tolerant",
      "target": "delta_capacity_Ah",
      "test_cells": 45,
      "test_parameter_sets": 15,
      "test_rows": 509,
      "train_parameter_sets": 61,
      "train_rows": 3318,
      "worst_condition_mae": 0.3715247025305312
    },
    {
      "condition_mean_mae": 0.07421128054627028,
      "condition_median_mae": 0.03257292411030884,
      "feature_group": "F1_state_time",
      "heldout_fold": 4,
      "mae": 0.024858330595181652,
      "model_level": "L3_quantile_hist_gradient_boosting",
      "pinball_loss_q10": 0.008665223864972251,
      "pinball_loss_q50": 0.012429165297590826,
      "pinball_loss_q90": 0.004252426633780952,
      "q10_q90_interval_coverage": 0.7573221757322176,
      "q10_q90_interval_width_mean": 0.07150704368098434,
      "rmse": 0.07280580978973596,
      "run_scope": "primary",
      "split_name": "condition_fold",
      "subset_name": "baseline_clean_tolerant",
      "target": "delta_capacity_Ah",
      "test_cells": 45,
      "test_parameter_sets": 15,
      "test_rows": 717,
      "train_parameter_sets": 61,
      "train_rows": 3110,
      "worst_condition_mae": 0.34194035369183823
    },
    {
      "condition_mean_mae": 0.059748444129576445,
      "condition_median_mae": 0.04445829107832559,
      "feature_group": "F1_state_time",
      "heldout_fold": 0,
      "mae": 0.02941262594410146,
      "model_level": "L3_quantile_hist_gradient_boosting",
      "pinball_loss_q10": 0.010926773224392464,
      "pinball_loss_q50": 0.01470631297205073,
      "pinball_loss_q90": 0.005920720406735678,
      "q10_q90_interval_coverage": 0.6903225806451613,
      "q10_q90_interval_width_mean": 0.10279757920099684,
      "rmse": 0.07471430736052619,
      "run_scope": "sensitivity_excluding_monotonicity",
      "split_name": "condition_fold",
      "subset_name": "baseline_clean_tolerant",
      "target": "delta_capacity_Ah",
      "test_cells": 48,
      "test_parameter_sets": 16,
      "test_rows": 620,
      "train_parameter_sets": 60,
      "train_rows": 2153,
      "worst_condition_mae": 0.1973820444593711
    },
    {
      "condition_mean_mae": 0.04794447361804056,
      "condition_median_mae": 0.022036957213278377,
      "feature_group": "F1_state_time",
      "heldout_fold": 1,
      "mae": 0.022833583511487603,
      "model_level": "L3_quantile_hist_gradient_boosting",
      "pinball_loss_q10": 0.010220121892704034,
      "pinball_loss_q50": 0.011416791755743802,
      "pinball_loss_q90": 0.0036585664844226338,
      "q10_q90_interval_coverage": 0.765625,
      "q10_q90_interval_width_mean": 0.05876736772990034,
      "rmse": 0.07538510494267034,
      "run_scope": "sensitivity_excluding_monotonicity",
      "split_name": "condition_fold",
      "subset_name": "baseline_clean_tolerant",
      "target": "delta_capacity_Ah",
      "test_cells": 45,
      "test_parameter_sets": 15,
      "test_rows": 640,
      "train_parameter_sets": 61,
      "train_rows": 2133,
      "worst_condition_mae": 0.1971664108066365
    },
    {
      "condition_mean_mae": 0.04560278857282914,
      "condition_median_mae": 0.027160156384164965,
      "feature_group": "F1_state_time",
      "heldout_fold": 2,
      "mae": 0.018881553248994112,
      "model_level": "L3_quantile_hist_gradient_boosting",
      "pinball_loss_q10": 0.008569009097446689,
      "pinball_loss_q50": 0.009440776624497056,
      "pinball_loss_q90": 0.0030881566809001742,
      "q10_q90_interval_coverage": 0.7142857142857143,
      "q10_q90_interval_width_mean": 0.05639420134674061,
      "rmse": 0.06061957769267433,
      "run_scope": "sensitivity_excluding_monotonicity",
      "split_name": "condition_fold",
      "subset_name": "baseline_clean_tolerant",
      "target": "delta_capacity_Ah",
      "test_cells": 45,
      "test_parameter_sets": 15,
      "test_rows": 637,
      "train_parameter_sets": 61,
      "train_rows": 2136,
      "worst_condition_mae": 0.2566823352957718
    },
    {
      "condition_mean_mae": 0.09846200749830535,
      "condition_median_mae": 0.06710480471253537,
      "feature_group": "F1_state_time",
      "heldout_fold": 3,
      "mae": 0.04764685338788742,
      "model_level": "L3_quantile_hist_gradient_boosting",
      "pinball_loss_q10": 0.023819326835076874,
      "pinball_loss_q50": 0.02382342669394371,
      "pinball_loss_q90": 0.007677593268359194,
      "q10_q90_interval_coverage": 0.743455497382199,
      "q10_q90_interval_width_mean": 0.12320254578561111,
      "rmse": 0.12719257103407045,
      "run_scope": "sensitivity_excluding_monotonicity",