{
  "feature_group": "F4_state_log_age_scalar",
  "fold_metrics": [
    {
      "condition_mean_mae": 0.19559729831178693,
      "condition_median_mae": 0.18061364194084015,
      "feature_group": "F4_state_log_age_scalar",
      "heldout_fold": 1,
      "mae": 0.13469999532578447,
      "model_level": "L3_quantile_hist_gradient_boosting",
      "pinball_loss_q10": 0.040667258187376966,
      "pinball_loss_q50": 0.06734999766289224,
      "pinball_loss_q90": 0.02322373967274255,
      "q10_q90_interval_coverage": 0.7643312101910829,
      "q10_q90_interval_width_mean": 0.3008720664574549,
      "rmse": 0.24007118912945657,
      "run_scope": "primary",
      "split_name": "c_rate_holdout_fold",
      "subset_name": "baseline_clean_tolerant",
      "target": "capacity_Ah_k1",
      "test_cells": 36,
      "test_parameter_sets": 12,
      "test_rows": 157,
      "train_parameter_sets": 64,
      "train_rows": 3670,
      "worst_condition_mae": 0.4024433007561317
    },
    {
      "condition_mean_mae": 0.198447533363063,
      "condition_median_mae": 0.19932994452838193,
      "feature_group": "F4_state_log_age_scalar",
      "heldout_fold": 1,
      "mae": 0.1511783144973875,
      "model_level": "L3_quantile_hist_gradient_boosting",
      "pinball_loss_q10": 0.04633138747636913,
      "pinball_loss_q50": 0.07558915724869375,
      "pinball_loss_q90": 0.027784718945255374,
      "q10_q90_interval_coverage": 0.6972477064220184,
      "q10_q90_interval_width_mean": 0.3221290190292766,
      "rmse": 0.2627626004265859,
      "run_scope": "sensitivity_excluding_monotonicity",
      "split_name": "c_rate_holdout_fold",
      "subset_name": "baseline_clean_tolerant",
      "target": "capacity_Ah_k1",
      "test_cells": 36,
      "test_parameter_sets": 12,
      "test_rows": 109,
      "train_parameter_sets": 64,
      "train_rows": 2664,
      "worst_condition_mae": 0.3565576710691419
    }
  ],
  "model_level": "L3_quantile_hist_gradient_boosting",
  "primary_summary": {
    "condition_mean_mae": 0.19559729831178693,
    "condition_median_mae": 0.18061364194084015,
    "fold_count": 1,
    "mean_mae": 0.13469999532578447,
    "mean_rmse": 0.24007118912945657,
    "worst_condition_mae": 0.4024433007561317
  },
  "row_counts": {
    "baseline_clean_strict_rows": 2773,
    "baseline_clean_tolerant_rows": 3827,
    "full_interval_rows": 3827,
    "selected_cells": 228,
    "selected_parameter_sets": 76,
    "selected_subset_rows": 3827,
    "sensitivity_excluding_monotonicity_rows": 2773,
    "sensitivity_flagged_monotonicity_rows": 1054
  },
  "schema_version": "gate5.capacity_baseline.v1",
  "sensitivity_excluding_monotonicity_summary": {
    "condition_mean_mae": 0.198447533363063,
    "condition_median_mae": 0.19932994452838193,
    "fold_count": 1,
    "mean_mae": 0.1511783144973875,
    "mean_rmse": 0.2627626004265859,
    "worst_condition_mae": 0.3565576710691419
  },
  "split_name": "c_rate_holdout_fold",
  "target": "capacity_Ah_k1"
}
