{
  "feature_group": "F2_state_exposure",
  "fold_metrics": [
    {
      "condition_mean_mae": 0.11023325890867969,
      "condition_median_mae": 0.07187713585509248,
      "feature_group": "F2_state_exposure",
      "heldout_fold": 1,
      "mae": 0.03962695023449148,
      "model_level": "L3_quantile_hist_gradient_boosting",
      "pinball_loss_q10": 0.016029703734108378,
      "pinball_loss_q50": 0.01981347511724574,
      "pinball_loss_q90": 0.011901345627286222,
      "q10_q90_interval_coverage": 0.784366576819407,
      "q10_q90_interval_width_mean": 0.16688420027880732,
      "rmse": 0.11523784174316243,
      "run_scope": "primary",
      "split_name": "temperature_holdout_fold",
      "subset_name": "baseline_clean_tolerant",
      "target": "capacity_Ah_k1",
      "test_cells": 57,
      "test_parameter_sets": 19,
      "test_rows": 742,
      "train_parameter_sets": 57,
      "train_rows": 3085,
      "worst_condition_mae": 0.3317194659299319
    },
    {
      "condition_mean_mae": 0.059545366911424584,
      "condition_median_mae": 0.04146344025933503,
      "feature_group": "F2_state_exposure",
      "heldout_fold": 2,
      "mae": 0.035933724169839545,
      "model_level": "L3_quantile_hist_gradient_boosting",
      "pinball_loss_q10": 0.016385227863374947,
      "pinball_loss_q50": 0.017966862084919773,
      "pinball_loss_q90": 0.010576470692025823,
      "q10_q90_interval_coverage": 0.8566037735849057,
      "q10_q90_interval_width_mean": 0.15328528073720632,
      "rmse": 0.1033788354904889,
      "run_scope": "primary",
      "split_name": "temperature_holdout_fold",
      "subset_name": "baseline_clean_tolerant",
      "target": "capacity_Ah_k1",
      "test_cells": 57,
      "test_parameter_sets": 19,
      "test_rows": 1060,
      "train_parameter_sets": 57,
      "train_rows": 2767,
      "worst_condition_mae": 0.1895236088763261
    },
    {
      "condition_mean_mae": 0.11680234372810333,
      "condition_median_mae": 0.08923280786185864,
      "feature_group": "F2_state_exposure",
      "heldout_fold": 1,
      "mae": 0.045506085682408846,
      "model_level": "L3_quantile_hist_gradient_boosting",
      "pinball_loss_q10": 0.019095138171013912,
      "pinball_loss_q50": 0.022753042841204423,
      "pinball_loss_q90": 0.013369444087352574,
      "q10_q90_interval_coverage": 0.7343096234309623,
      "q10_q90_interval_width_mean": 0.16778914077588325,
      "rmse": 0.12387608922081703,
      "run_scope": "sensitivity_excluding_monotonicity",
      "split_name": "temperature_holdout_fold",
      "subset_name": "baseline_clean_tolerant",
      "target": "capacity_Ah_k1",
      "test_cells": 56,
      "test_parameter_sets": 19,
      "test_rows": 478,
      "train_parameter_sets": 57,
      "train_rows": 2295,
      "worst_condition_mae": 0.3755134769611954
    },
    {
      "condition_mean_mae": 0.07165941339046358,
      "condition_median_mae": 0.04182969361395598,
      "feature_group": "F2_state_exposure",
      "heldout_fold": 2,
      "mae": 0.03854695921494848,
      "model_level": "L3_quantile_hist_gradient_boosting",
      "pinball_loss_q10": 0.019146751790894936,
      "pinball_loss_q50": 0.01927347960747424,
      "pinball_loss_q90": 0.009011436385828664,
      "q10_q90_interval_coverage": 0.8456632653061225,
      "q10_q90_interval_width_mean": 0.14137345263259157,
      "rmse": 0.11636380127432594,
      "run_scope": "sensitivity_excluding_monotonicity",
      "split_name": "temperature_holdout_fold",
      "subset_name": "baseline_clean_tolerant",
      "target": "capacity_Ah_k1",
      "test_cells": 57,
      "test_parameter_sets": 19,
      "test_rows": 784,
      "train_parameter_sets": 57,
      "train_rows": 1989,
      "worst_condition_mae": 0.25450455900967983
    }
  ],
  "model_level": "L3_quantile_hist_gradient_boosting",
  "primary_summary": {
    "condition_mean_mae": 0.08488931291005214,
    "condition_median_mae": 0.056670288057213754,
    "fold_count": 2,
    "mean_mae": 0.03778033720216552,
    "mean_rmse": 0.10930833861682566,
    "worst_condition_mae": 0.3317194659299319
  },
  "row_counts": {
    "baseline_clean_strict_rows": 2773,
    "baseline_clean_tolerant_rows": 3827,
    "full_interval_rows": 3827,
    "selected_cells": 228,
    "selected_parameter_sets": 76,
    "selected_subset_rows": 3827,
    "sensitivity_excluding_monotonicity_rows": 2773,
    "sensitivity_flagged_monotonicity_rows": 1054
  },
  "schema_version": "gate5.capacity_baseline.v1",
  "sensitivity_excluding_monotonicity_summary": {
    "condition_mean_mae": 0.09423087855928346,
    "condition_median_mae": 0.0655312507379073,
    "fold_count": 2,
    "mean_mae": 0.04202652244867866,
    "mean_rmse": 0.12011994524757148,
    "worst_condition_mae": 0.3755134769611954
  },
  "split_name": "temperature_holdout_fold",
  "target": "capacity_Ah_k1"
}
