{
  "feature_group": "F3_state_nominal",
  "fold_metrics": [
    {
      "condition_mean_mae": 0.052695934739433965,
      "condition_median_mae": 0.03428224612569526,
      "feature_group": "F3_state_nominal",
      "heldout_fold": 0,
      "mae": 0.028215978706701613,
      "model_level": "L3_quantile_hist_gradient_boosting",
      "pinball_loss_q10": 0.012123128756716771,
      "pinball_loss_q50": 0.014107989353350807,
      "pinball_loss_q90": 0.015549215428959099,
      "q10_q90_interval_coverage": 0.8092417061611374,
      "q10_q90_interval_width_mean": 0.22061560829766969,
      "rmse": 0.07070469231704614,
      "run_scope": "primary",
      "split_name": "condition_fold",
      "subset_name": "baseline_clean_tolerant",
      "target": "capacity_Ah_k1",
      "test_cells": 48,
      "test_parameter_sets": 16,
      "test_rows": 844,
      "train_parameter_sets": 60,
      "train_rows": 2983,
      "worst_condition_mae": 0.1959463527134182
    },
    {
      "condition_mean_mae": 0.048691333364466356,
      "condition_median_mae": 0.024755788940610195,
      "feature_group": "F3_state_nominal",
      "heldout_fold": 1,
      "mae": 0.023836385887524732,
      "model_level": "L3_quantile_hist_gradient_boosting",
      "pinball_loss_q10": 0.013715888440632734,
      "pinball_loss_q50": 0.011918192943762366,
      "pinball_loss_q90": 0.008289231362521188,
      "q10_q90_interval_coverage": 0.7572254335260116,
      "q10_q90_interval_width_mean": 0.14939469091534735,
      "rmse": 0.0796831313528804,
      "run_scope": "primary",
      "split_name": "condition_fold",
      "subset_name": "baseline_clean_tolerant",
      "target": "capacity_Ah_k1",
      "test_cells": 45,
      "test_parameter_sets": 15,
      "test_rows": 865,
      "train_parameter_sets": 61,
      "train_rows": 2962,
      "worst_condition_mae": 0.20426245217056035
    },
    {
      "condition_mean_mae": 0.049941219212116104,
      "condition_median_mae": 0.024465425292765,
      "feature_group": "F3_state_nominal",
      "heldout_fold": 2,
      "mae": 0.02517034206187501,
      "model_level": "L3_quantile_hist_gradient_boosting",
      "pinball_loss_q10": 0.011742745746264197,
      "pinball_loss_q50": 0.012585171030937505,
      "pinball_loss_q90": 0.007503067048957406,
      "q10_q90_interval_coverage": 0.7791479820627802,
      "q10_q90_interval_width_mean": 0.14288303217657455,
      "rmse": 0.06606202484275957,
      "run_scope": "primary",
      "split_name": "condition_fold",
      "subset_name": "baseline_clean_tolerant",
      "target": "capacity_Ah_k1",
      "test_cells": 45,
      "test_parameter_sets": 15,
      "test_rows": 892,
      "train_parameter_sets": 61,
      "train_rows": 2935,
      "worst_condition_mae": 0.24415532735153736
    },
    {
      "condition_mean_mae": 0.09700875798187457,
      "condition_median_mae": 0.08605616870825171,
      "feature_group": "F3_state_nominal",
      "heldout_fold": 3,
      "mae": 0.04767139021723496,
      "model_level": "L3_quantile_hist_gradient_boosting",
      "pinball_loss_q10": 0.022237571167071413,
      "pinball_loss_q50": 0.02383569510861748,
      "pinball_loss_q90": 0.01254308556166272,
      "q10_q90_interval_coverage": 0.8212180746561886,
      "q10_q90_interval_width_mean": 0.17764060260226291,
      "rmse": 0.13050922774985974,
      "run_scope": "primary",
      "split_name": "condition_fold",
      "subset_name": "baseline_clean_tolerant",
      "target": "capacity_Ah_k1",
      "test_cells": 45,
      "test_parameter_sets": 15,
      "test_rows": 509,
      "train_parameter_sets": 61,
      "train_rows": 3318,
      "worst_condition_mae": 0.31472324573535865
    },
    {
      "condition_mean_mae": 0.07773935214983338,
      "condition_median_mae": 0.0395708298686705,
      "feature_group": "F3_state_nominal",
      "heldout_fold": 4,
      "mae": 0.03151464920997499,
      "model_level": "L3_quantile_hist_gradient_boosting",
      "pinball_loss_q10": 0.014030574412435798,
      "pinball_loss_q50": 0.015757324604987494,
      "pinball_loss_q90": 0.00837808860484795,
      "q10_q90_interval_coverage": 0.8172942817294282,
      "q10_q90_interval_width_mean": 0.15843729878627547,
      "rmse": 0.09431898779657467,
      "run_scope": "primary",
      "split_name": "condition_fold",
      "subset_name": "baseline_clean_tolerant",
      "target": "capacity_Ah_k1",
      "test_cells": 45,
      "test_parameter_sets": 15,
      "test_rows": 717,
      "train_parameter_sets": 61,
      "train_rows": 3110,
      "worst_condition_mae": 0.30228583361929534
    },
    {
      "condition_mean_mae": 0.06032474441202616,
      "condition_median_mae": 0.04033979787344097,
      "feature_group": "F3_state_nominal",
      "heldout_fold": 0,
      "mae": 0.030045731299614742,
      "model_level": "L3_quantile_hist_gradient_boosting",
      "pinball_loss_q10": 0.011661324015711658,
      "pinball_loss_q50": 0.015022865649807371,
      "pinball_loss_q90": 0.010085120289122656,
      "q10_q90_interval_coverage": 0.85,
      "q10_q90_interval_width_mean": 0.15045162755281272,
      "rmse": 0.07847047488513499,
      "run_scope": "sensitivity_excluding_monotonicity",
      "split_name": "condition_fold",
      "subset_name": "baseline_clean_tolerant",
      "target": "capacity_Ah_k1",
      "test_cells": 48,
      "test_parameter_sets": 16,
      "test_rows": 620,
      "train_parameter_sets": 60,
      "train_rows": 2153,
      "worst_condition_mae": 0.22363614543525445
    },
    {
      "condition_mean_mae": 0.05095346593796842,
      "condition_median_mae": 0.027161344971487377,
      "feature_group": "F3_state_nominal",
      "heldout_fold": 1,
      "mae": 0.024955289429091906,
      "model_level": "L3_quantile_hist_gradient_boosting",
      "pinball_loss_q10": 0.013070054420181462,
      "pinball_loss_q50": 0.012477644714545953,
      "pinball_loss_q90": 0.006941370007759946,
      "q10_q90_interval_coverage": 0.7734375,
      "q10_q90_interval_width_mean": 0.12094527335043674,
      "rmse": 0.08056974388921419,
      "run_scope": "sensitivity_excluding_monotonicity",
      "split_name": "condition_fold",
      "subset_name": "baseline_clean_tolerant",
      "target": "capacity_Ah_k1",
      "test_cells": 45,
      "test_parameter_sets": 15,
      "test_rows": 640,
      "train_parameter_sets": 61,
      "train_rows": 2133,
      "worst_condition_mae": 0.2005392706460996
    },
    {
      "condition_mean_mae": 0.04313956415953064,
      "condition_median_mae": 0.021552522838458772,
      "feature_group": "F3_state_nominal",
      "heldout_fold": 2,
      "mae": 0.01977647649314527,
      "model_level": "L3_quantile_hist_gradient_boosting",
      "pinball_loss_q10": 0.012755035142626834,
      "pinball_loss_q50": 0.009888238246572634,
      "pinball_loss_q90": 0.005570511080291825,
      "q10_q90_interval_coverage": 0.7880690737833596,
      "q10_q90_interval_width_mean": 0.1219436051963367,
      "rmse": 0.06052403614439037,
      "run_scope": "sensitivity_excluding_monotonicity",
      "split_name": "condition_fold",
      "subset_name": "baseline_clean_tolerant",
      "target": "capacity_Ah_k1",
      "test_cells": 45,
      "test_parameter_sets": 15,
      "test_rows": 637,
      "train_parameter_sets": 61,
      "train_rows": 2136,
      "worst_condition_mae": 0.230119018011644
    },
    {
      "condition_mean_mae": 0.10044812430056682,
      "condition_median_mae": 0.06946006563029494,
      "feature_group": "F3_state_nominal",
      "heldout_fold": 3,
      "mae": 0.05122798804102108,
      "model_level": "L3_quantile_hist_gradient_boosting",
      "pinball_loss_q10": 0.022587816830545945,
      "pinball_loss_q50": 0.02561399402051054,
      "pinball_loss_q90": 0.014768148579129246,
      "q10_q90_interval_coverage": 0.8272251308900523,
      "q10_q90_interval_width_mean": 0.19713510896741837,
      "rmse": 0.14186808448782082,
      "run_scope": "sensitivity_excluding_monotonicity",