{
  "feature_group": "F4_state_log_age_scalar",
  "fold_metrics": [
    {
      "condition_mean_mae": 0.10802337710351693,
      "condition_median_mae": 0.06223265781388376,
      "feature_group": "F4_state_log_age_scalar",
      "heldout_fold": 1,
      "mae": 0.05559183529274048,
      "model_level": "L3_quantile_hist_gradient_boosting",
      "pinball_loss_q10": 0.018715400690064648,
      "pinball_loss_q50": 0.02779591764637024,
      "pinball_loss_q90": 0.009277665320488356,
      "q10_q90_interval_coverage": 0.5070796460176992,
      "q10_q90_interval_width_mean": 0.1341834617360821,
      "rmse": 0.10144369718269013,
      "run_scope": "primary",
      "split_name": "voltage_window_holdout_fold",
      "subset_name": "baseline_clean_tolerant",
      "target": "delta_capacity_Ah",
      "test_cells": 84,
      "test_parameter_sets": 28,
      "test_rows": 1130,
      "train_parameter_sets": 48,
      "train_rows": 2697,
      "worst_condition_mae": 0.37189696633360736
    },
    {
      "condition_mean_mae": 0.09477460201988042,
      "condition_median_mae": 0.07251327984921282,
      "feature_group": "F4_state_log_age_scalar",
      "heldout_fold": 2,
      "mae": 0.05402710403348394,
      "model_level": "L3_quantile_hist_gradient_boosting",
      "pinball_loss_q10": 0.017528344826703703,
      "pinball_loss_q50": 0.02701355201674197,
      "pinball_loss_q90": 0.006751868441559197,
      "q10_q90_interval_coverage": 0.700218818380744,
      "q10_q90_interval_width_mean": 0.1426439371287186,
      "rmse": 0.10319063020150235,
      "run_scope": "primary",
      "split_name": "voltage_window_holdout_fold",
      "subset_name": "baseline_clean_tolerant",
      "target": "delta_capacity_Ah",
      "test_cells": 96,
      "test_parameter_sets": 32,
      "test_rows": 1371,
      "train_parameter_sets": 44,
      "train_rows": 2456,
      "worst_condition_mae": 0.3039932202804308
    },
    {
      "condition_mean_mae": 0.017797384009114823,
      "condition_median_mae": 0.018935081404807486,
      "feature_group": "F4_state_log_age_scalar",
      "heldout_fold": 3,
      "mae": 0.017789146513062296,
      "model_level": "L3_quantile_hist_gradient_boosting",
      "pinball_loss_q10": 0.007316542978390585,
      "pinball_loss_q50": 0.008894573256531148,
      "pinball_loss_q90": 0.006815847552919083,
      "q10_q90_interval_coverage": 0.15987933634992457,
      "q10_q90_interval_width_mean": 0.06814519009701805,
      "rmse": 0.025034737559430156,
      "run_scope": "primary",
      "split_name": "voltage_window_holdout_fold",
      "subset_name": "baseline_clean_tolerant",
      "target": "delta_capacity_Ah",
      "test_cells": 48,
      "test_parameter_sets": 16,
      "test_rows": 1326,
      "train_parameter_sets": 60,
      "train_rows": 2501,
      "worst_condition_mae": 0.022648045374498844
    },
    {
      "condition_mean_mae": 0.10629865174051216,
      "condition_median_mae": 0.06574003770978665,
      "feature_group": "F4_state_log_age_scalar",
      "heldout_fold": 1,
      "mae": 0.05566005234357633,
      "model_level": "L3_quantile_hist_gradient_boosting",
      "pinball_loss_q10": 0.02454847712980048,
      "pinball_loss_q50": 0.027830026171788164,
      "pinball_loss_q90": 0.009888327841356712,
      "q10_q90_interval_coverage": 0.5188335358444714,
      "q10_q90_interval_width_mean": 0.2012908619782644,
      "rmse": 0.1037937599138187,
      "run_scope": "sensitivity_excluding_monotonicity",
      "split_name": "voltage_window_holdout_fold",
      "subset_name": "baseline_clean_tolerant",
      "target": "delta_capacity_Ah",
      "test_cells": 84,
      "test_parameter_sets": 28,
      "test_rows": 823,
      "train_parameter_sets": 48,
      "train_rows": 1950,
      "worst_condition_mae": 0.36551840842675076
    },
    {
      "condition_mean_mae": 0.10258536428631368,
      "condition_median_mae": 0.08236229028248562,
      "feature_group": "F4_state_log_age_scalar",
      "heldout_fold": 2,
      "mae": 0.05957201588780663,
      "model_level": "L3_quantile_hist_gradient_boosting",
      "pinball_loss_q10": 0.017333626983670546,
      "pinball_loss_q50": 0.029786007943903316,
      "pinball_loss_q90": 0.006071104958663449,
      "q10_q90_interval_coverage": 0.8113207547169812,
      "q10_q90_interval_width_mean": 0.15460033736158163,
      "rmse": 0.10868208098877916,
      "run_scope": "sensitivity_excluding_monotonicity",
      "split_name": "voltage_window_holdout_fold",
      "subset_name": "baseline_clean_tolerant",
      "target": "delta_capacity_Ah",
      "test_cells": 95,
      "test_parameter_sets": 32,
      "test_rows": 1060,
      "train_parameter_sets": 44,
      "train_rows": 1713,
      "worst_condition_mae": 0.35225271822011234
    },
    {
      "condition_mean_mae": 0.016740123190946195,
      "condition_median_mae": 0.01710540802215757,
      "feature_group": "F4_state_log_age_scalar",
      "heldout_fold": 3,
      "mae": 0.016100129620563116,
      "model_level": "L3_quantile_hist_gradient_boosting",
      "pinball_loss_q10": 0.010789386354913416,
      "pinball_loss_q50": 0.008050064810281558,
      "pinball_loss_q90": 0.007757019567018401,
      "q10_q90_interval_coverage": 0.1146067415730337,
      "q10_q90_interval_width_mean": 0.10072469578883819,
      "rmse": 0.02155839292373956,
      "run_scope": "sensitivity_excluding_monotonicity",
      "split_name": "voltage_window_holdout_fold",
      "subset_name": "baseline_clean_tolerant",
      "target": "delta_capacity_Ah",
      "test_cells": 48,
      "test_parameter_sets": 16,
      "test_rows": 890,
      "train_parameter_sets": 60,
      "train_rows": 1883,
      "worst_condition_mae": 0.026279340319434633
    }
  ],
  "model_level": "L3_quantile_hist_gradient_boosting",
  "primary_summary": {
    "condition_mean_mae": 0.07353178771083739,
    "condition_median_mae": 0.051227006355968024,
    "fold_count": 3,
    "mean_mae": 0.0424693619464289,
    "mean_rmse": 0.07655635498120754,
    "worst_condition_mae": 0.37189696633360736
  },
  "row_counts": {
    "baseline_clean_strict_rows": 2773,
    "baseline_clean_tolerant_rows": 3827,
    "full_interval_rows": 3827,
    "selected_cells": 228,
    "selected_parameter_sets": 76,
    "selected_subset_rows": 3827,
    "sensitivity_excluding_monotonicity_rows": 2773,
    "sensitivity_flagged_monotonicity_rows": 1054
  },
  "schema_version": "gate5.capacity_baseline.v1",
  "sensitivity_excluding_monotonicity_summary": {
    "condition_mean_mae": 0.075208046405924,
    "condition_median_mae": 0.05506924533814328,
    "fold_count": 3,
    "mean_mae": 0.04377739928398203,
    "mean_rmse": 0.07801141127544581,
    "worst_condition_mae": 0.36551840842675076
  },
  "split_name": "voltage_window_holdout_fold",
  "target": "delta_capacity_Ah"
}
