{
  "feature_group": "F2_state_exposure",
  "fold_metrics": [
    {
      "condition_mean_mae": 0.12171931043982946,
      "condition_median_mae": 0.08489604949465912,
      "feature_group": "F2_state_exposure",
      "heldout_fold": 1,
      "mae": 0.0665991017756347,
      "model_level": "L3_quantile_hist_gradient_boosting",
      "pinball_loss_q10": 0.021378946829789826,
      "pinball_loss_q50": 0.03329955088781735,
      "pinball_loss_q90": 0.009774031611123871,
      "q10_q90_interval_coverage": 0.5380530973451327,
      "q10_q90_interval_width_mean": 0.20788146263484736,
      "rmse": 0.11086166992750829,
      "run_scope": "primary",
      "split_name": "voltage_window_holdout_fold",
      "subset_name": "baseline_clean_tolerant",
      "target": "delta_capacity_Ah",
      "test_cells": 84,
      "test_parameter_sets": 28,
      "test_rows": 1130,
      "train_parameter_sets": 48,
      "train_rows": 2697,
      "worst_condition_mae": 0.43573997539836057
    },
    {
      "condition_mean_mae": 0.09300336995646538,
      "condition_median_mae": 0.07262345508219752,
      "feature_group": "F2_state_exposure",
      "heldout_fold": 2,
      "mae": 0.04822172218900866,
      "model_level": "L3_quantile_hist_gradient_boosting",
      "pinball_loss_q10": 0.020953207360857116,
      "pinball_loss_q50": 0.02411086109450433,
      "pinball_loss_q90": 0.00664252186115299,
      "q10_q90_interval_coverage": 0.6666666666666666,
      "q10_q90_interval_width_mean": 0.10029007492240116,
      "rmse": 0.11109783435590317,
      "run_scope": "primary",
      "split_name": "voltage_window_holdout_fold",
      "subset_name": "baseline_clean_tolerant",
      "target": "delta_capacity_Ah",
      "test_cells": 96,
      "test_parameter_sets": 32,
      "test_rows": 1371,
      "train_parameter_sets": 44,
      "train_rows": 2456,
      "worst_condition_mae": 0.3641917595272077
    },
    {
      "condition_mean_mae": 0.015817680837233894,
      "condition_median_mae": 0.015875657272168504,
      "feature_group": "F2_state_exposure",
      "heldout_fold": 3,
      "mae": 0.015786804636022375,
      "model_level": "L3_quantile_hist_gradient_boosting",
      "pinball_loss_q10": 0.0032369503951790017,
      "pinball_loss_q50": 0.007893402318011188,
      "pinball_loss_q90": 0.004288246032041237,
      "q10_q90_interval_coverage": 0.2993966817496229,
      "q10_q90_interval_width_mean": 0.024236323037665417,
      "rmse": 0.021781151996092825,
      "run_scope": "primary",
      "split_name": "voltage_window_holdout_fold",
      "subset_name": "baseline_clean_tolerant",
      "target": "delta_capacity_Ah",
      "test_cells": 48,
      "test_parameter_sets": 16,
      "test_rows": 1326,
      "train_parameter_sets": 60,
      "train_rows": 2501,
      "worst_condition_mae": 0.01905349276608565
    },
    {
      "condition_mean_mae": 0.12544265898298282,
      "condition_median_mae": 0.07210243787876264,
      "feature_group": "F2_state_exposure",
      "heldout_fold": 1,
      "mae": 0.06918145460256828,
      "model_level": "L3_quantile_hist_gradient_boosting",
      "pinball_loss_q10": 0.020576629017680186,
      "pinball_loss_q50": 0.03459072730128414,
      "pinball_loss_q90": 0.010916583997551304,
      "q10_q90_interval_coverage": 0.4556500607533414,
      "q10_q90_interval_width_mean": 0.18707470322078396,
      "rmse": 0.11638697059398338,
      "run_scope": "sensitivity_excluding_monotonicity",
      "split_name": "voltage_window_holdout_fold",
      "subset_name": "baseline_clean_tolerant",
      "target": "delta_capacity_Ah",
      "test_cells": 84,
      "test_parameter_sets": 28,
      "test_rows": 823,
      "train_parameter_sets": 48,
      "train_rows": 1950,
      "worst_condition_mae": 0.4171473574716133
    },
    {
      "condition_mean_mae": 0.09069843454169596,
      "condition_median_mae": 0.058584675973217946,
      "feature_group": "F2_state_exposure",
      "heldout_fold": 2,
      "mae": 0.04583240049049469,
      "model_level": "L3_quantile_hist_gradient_boosting",
      "pinball_loss_q10": 0.020343444434028624,
      "pinball_loss_q50": 0.022916200245247344,
      "pinball_loss_q90": 0.006173162690818644,
      "q10_q90_interval_coverage": 0.6311320754716981,
      "q10_q90_interval_width_mean": 0.1214052307958363,
      "rmse": 0.10823488051183619,
      "run_scope": "sensitivity_excluding_monotonicity",
      "split_name": "voltage_window_holdout_fold",
      "subset_name": "baseline_clean_tolerant",
      "target": "delta_capacity_Ah",
      "test_cells": 95,
      "test_parameter_sets": 32,
      "test_rows": 1060,
      "train_parameter_sets": 44,
      "train_rows": 1713,
      "worst_condition_mae": 0.31304414206385905
    },
    {
      "condition_mean_mae": 0.013366361939577798,
      "condition_median_mae": 0.0136659253560826,
      "feature_group": "F2_state_exposure",
      "heldout_fold": 3,
      "mae": 0.013271364877410603,
      "model_level": "L3_quantile_hist_gradient_boosting",
      "pinball_loss_q10": 0.002825397893475228,
      "pinball_loss_q50": 0.006635682438705302,
      "pinball_loss_q90": 0.005840384085966198,
      "q10_q90_interval_coverage": 0.19775280898876405,
      "q10_q90_interval_width_mean": 0.01614781177996601,
      "rmse": 0.018147272390072234,
      "run_scope": "sensitivity_excluding_monotonicity",
      "split_name": "voltage_window_holdout_fold",
      "subset_name": "baseline_clean_tolerant",
      "target": "delta_capacity_Ah",
      "test_cells": 48,
      "test_parameter_sets": 16,
      "test_rows": 890,
      "train_parameter_sets": 60,
      "train_rows": 1883,
      "worst_condition_mae": 0.017524349357520563
    }
  ],
  "model_level": "L3_quantile_hist_gradient_boosting",
  "primary_summary": {
    "condition_mean_mae": 0.07684678707784291,
    "condition_median_mae": 0.05779838728300838,
    "fold_count": 3,
    "mean_mae": 0.04353587620022192,
    "mean_rmse": 0.08124688542650142,
    "worst_condition_mae": 0.43573997539836057
  },
  "row_counts": {
    "baseline_clean_strict_rows": 2773,
    "baseline_clean_tolerant_rows": 3827,
    "full_interval_rows": 3827,
    "selected_cells": 228,
    "selected_parameter_sets": 76,
    "selected_subset_rows": 3827,
    "sensitivity_excluding_monotonicity_rows": 2773,
    "sensitivity_flagged_monotonicity_rows": 1054
  },
  "schema_version": "gate5.capacity_baseline.v1",
  "sensitivity_excluding_monotonicity_summary": {
    "condition_mean_mae": 0.07650248515475219,
    "condition_median_mae": 0.04811767973602107,
    "fold_count": 3,
    "mean_mae": 0.04276173999015786,
    "mean_rmse": 0.08092304116529726,
    "worst_condition_mae": 0.4171473574716133
  },
  "split_name": "voltage_window_holdout_fold",
  "target": "delta_capacity_Ah"
}
