{
  "feature_group": "F1_state_time",
  "fold_metrics": [
    {
      "condition_mean_mae": 0.10946263265561276,
      "condition_median_mae": 0.07252186231483909,
      "feature_group": "F1_state_time",
      "heldout_fold": 1,
      "mae": 0.05698357052097335,
      "model_level": "L3_quantile_hist_gradient_boosting",
      "pinball_loss_q10": 0.02260069189823399,
      "pinball_loss_q50": 0.028491785260486676,
      "pinball_loss_q90": 0.00989959942133922,
      "q10_q90_interval_coverage": 0.5610619469026549,
      "q10_q90_interval_width_mean": 0.21508794761711825,
      "rmse": 0.10364264407305077,
      "run_scope": "primary",
      "split_name": "voltage_window_holdout_fold",
      "subset_name": "baseline_clean_tolerant",
      "target": "delta_capacity_Ah",
      "test_cells": 84,
      "test_parameter_sets": 28,
      "test_rows": 1130,
      "train_parameter_sets": 48,
      "train_rows": 2697,
      "worst_condition_mae": 0.42694303598665995
    },
    {
      "condition_mean_mae": 0.08414153797447516,
      "condition_median_mae": 0.05797524243316924,
      "feature_group": "F1_state_time",
      "heldout_fold": 2,
      "mae": 0.03966896411531916,
      "model_level": "L3_quantile_hist_gradient_boosting",
      "pinball_loss_q10": 0.01937774412757504,
      "pinball_loss_q50": 0.01983448205765958,
      "pinball_loss_q90": 0.006403801796898789,
      "q10_q90_interval_coverage": 0.7432530999270606,
      "q10_q90_interval_width_mean": 0.07770325205782871,
      "rmse": 0.10361706449747958,
      "run_scope": "primary",
      "split_name": "voltage_window_holdout_fold",
      "subset_name": "baseline_clean_tolerant",
      "target": "delta_capacity_Ah",
      "test_cells": 96,
      "test_parameter_sets": 32,
      "test_rows": 1371,
      "train_parameter_sets": 44,
      "train_rows": 2456,
      "worst_condition_mae": 0.3850651414494159
    },
    {
      "condition_mean_mae": 0.0119317698003781,
      "condition_median_mae": 0.011622979413200465,
      "feature_group": "F1_state_time",
      "heldout_fold": 3,
      "mae": 0.011888328253331247,
      "model_level": "L3_quantile_hist_gradient_boosting",
      "pinball_loss_q10": 0.0030334247198234633,
      "pinball_loss_q50": 0.005944164126665623,
      "pinball_loss_q90": 0.005816477702726488,
      "q10_q90_interval_coverage": 0.20211161387631976,
      "q10_q90_interval_width_mean": 0.019030685420094853,
      "rmse": 0.019102664581327793,
      "run_scope": "primary",
      "split_name": "voltage_window_holdout_fold",
      "subset_name": "baseline_clean_tolerant",
      "target": "delta_capacity_Ah",
      "test_cells": 48,
      "test_parameter_sets": 16,
      "test_rows": 1326,
      "train_parameter_sets": 60,
      "train_rows": 2501,
      "worst_condition_mae": 0.016304667297121607
    },
    {
      "condition_mean_mae": 0.1228648632424555,
      "condition_median_mae": 0.08094221258533399,
      "feature_group": "F1_state_time",
      "heldout_fold": 1,
      "mae": 0.06307726707424896,
      "model_level": "L3_quantile_hist_gradient_boosting",
      "pinball_loss_q10": 0.02097933903017073,
      "pinball_loss_q50": 0.03153863353712448,
      "pinball_loss_q90": 0.010428283593488604,
      "q10_q90_interval_coverage": 0.5407047387606319,
      "q10_q90_interval_width_mean": 0.20930438239377142,
      "rmse": 0.11438518670232169,
      "run_scope": "sensitivity_excluding_monotonicity",
      "split_name": "voltage_window_holdout_fold",
      "subset_name": "baseline_clean_tolerant",
      "target": "delta_capacity_Ah",
      "test_cells": 84,
      "test_parameter_sets": 28,
      "test_rows": 823,
      "train_parameter_sets": 48,
      "train_rows": 1950,
      "worst_condition_mae": 0.4249517624742857
    },
    {
      "condition_mean_mae": 0.08274381650394945,
      "condition_median_mae": 0.050977586091032624,
      "feature_group": "F1_state_time",
      "heldout_fold": 2,
      "mae": 0.03935713828113971,
      "model_level": "L3_quantile_hist_gradient_boosting",
      "pinball_loss_q10": 0.019274873024291393,
      "pinball_loss_q50": 0.019678569140569854,
      "pinball_loss_q90": 0.006167015367008586,
      "q10_q90_interval_coverage": 0.6952830188679245,
      "q10_q90_interval_width_mean": 0.07063014796257285,
      "rmse": 0.1043258799901376,
      "run_scope": "sensitivity_excluding_monotonicity",
      "split_name": "voltage_window_holdout_fold",
      "subset_name": "baseline_clean_tolerant",
      "target": "delta_capacity_Ah",
      "test_cells": 95,
      "test_parameter_sets": 32,
      "test_rows": 1060,
      "train_parameter_sets": 44,
      "train_rows": 1713,
      "worst_condition_mae": 0.36138985025553605
    },
    {
      "condition_mean_mae": 0.011620739734629253,
      "condition_median_mae": 0.011733428818192055,
      "feature_group": "F1_state_time",
      "heldout_fold": 3,
      "mae": 0.011544542451258365,
      "model_level": "L3_quantile_hist_gradient_boosting",
      "pinball_loss_q10": 0.0033688159470464277,
      "pinball_loss_q50": 0.005772271225629183,
      "pinball_loss_q90": 0.005756208157203128,
      "q10_q90_interval_coverage": 0.15056179775280898,
      "q10_q90_interval_width_mean": 0.02300699743705458,
      "rmse": 0.01779666533643918,
      "run_scope": "sensitivity_excluding_monotonicity",
      "split_name": "voltage_window_holdout_fold",
      "subset_name": "baseline_clean_tolerant",
      "target": "delta_capacity_Ah",
      "test_cells": 48,
      "test_parameter_sets": 16,
      "test_rows": 890,
      "train_parameter_sets": 60,
      "train_rows": 1883,
      "worst_condition_mae": 0.016093337195814884
    }
  ],
  "model_level": "L3_quantile_hist_gradient_boosting",
  "primary_summary": {
    "condition_mean_mae": 0.06851198014348868,
    "condition_median_mae": 0.0473733613870696,
    "fold_count": 3,
    "mean_mae": 0.03618028762987458,
    "mean_rmse": 0.07545412438395271,
    "worst_condition_mae": 0.42694303598665995
  },
  "row_counts": {
    "baseline_clean_strict_rows": 2773,
    "baseline_clean_tolerant_rows": 3827,
    "full_interval_rows": 3827,
    "selected_cells": 228,
    "selected_parameter_sets": 76,
    "selected_subset_rows": 3827,
    "sensitivity_excluding_monotonicity_rows": 2773,
    "sensitivity_flagged_monotonicity_rows": 1054
  },
  "schema_version": "gate5.capacity_baseline.v1",
  "sensitivity_excluding_monotonicity_summary": {
    "condition_mean_mae": 0.07240980649367808,
    "condition_median_mae": 0.04788440916485289,
    "fold_count": 3,
    "mean_mae": 0.03799298260221568,
    "mean_rmse": 0.07883591067629948,
    "worst_condition_mae": 0.4249517624742857
  },
  "split_name": "voltage_window_holdout_fold",
  "target": "delta_capacity_Ah"
}
