{
  "feature_group": "F3_state_nominal",
  "fold_metrics": [
    {
      "condition_mean_mae": 0.1245139490439523,
      "condition_median_mae": 0.07137562873977174,
      "feature_group": "F3_state_nominal",
      "heldout_fold": 1,
      "mae": 0.06335255191370717,
      "model_level": "L3_quantile_hist_gradient_boosting",
      "pinball_loss_q10": 0.022255699986926395,
      "pinball_loss_q50": 0.031676275956853586,
      "pinball_loss_q90": 0.021434576552011825,
      "q10_q90_interval_coverage": 0.7743362831858407,
      "q10_q90_interval_width_mean": 0.2879791059388533,
      "rmse": 0.11364756708061294,
      "run_scope": "primary",
      "split_name": "voltage_window_holdout_fold",
      "subset_name": "baseline_clean_tolerant",
      "target": "capacity_Ah_k1",
      "test_cells": 84,
      "test_parameter_sets": 28,
      "test_rows": 1130,
      "train_parameter_sets": 48,
      "train_rows": 2697,
      "worst_condition_mae": 0.4237925806413337
    },
    {
      "condition_mean_mae": 0.11466772482662285,
      "condition_median_mae": 0.10089865808749926,
      "feature_group": "F3_state_nominal",
      "heldout_fold": 2,
      "mae": 0.0770886796609972,
      "model_level": "L3_quantile_hist_gradient_boosting",
      "pinball_loss_q10": 0.024601195681139887,
      "pinball_loss_q50": 0.0385443398304986,
      "pinball_loss_q90": 0.018421181257084113,
      "q10_q90_interval_coverage": 0.762217359591539,
      "q10_q90_interval_width_mean": 0.26772555194443476,
      "rmse": 0.12053199921519198,
      "run_scope": "primary",
      "split_name": "voltage_window_holdout_fold",
      "subset_name": "baseline_clean_tolerant",
      "target": "capacity_Ah_k1",
      "test_cells": 96,
      "test_parameter_sets": 32,
      "test_rows": 1371,
      "train_parameter_sets": 44,
      "train_rows": 2456,
      "worst_condition_mae": 0.28367875413885474
    },
    {
      "condition_mean_mae": 0.05561487247153208,
      "condition_median_mae": 0.05031263139730689,
      "feature_group": "F3_state_nominal",
      "heldout_fold": 3,
      "mae": 0.055253893096034686,
      "model_level": "L3_quantile_hist_gradient_boosting",
      "pinball_loss_q10": 0.026602749299409735,
      "pinball_loss_q50": 0.027626946548017343,
      "pinball_loss_q90": 0.034128429486418886,
      "q10_q90_interval_coverage": 0.0196078431372549,
      "q10_q90_interval_width_mean": 0.22838602687368278,
      "rmse": 0.08416493936965669,
      "run_scope": "primary",
      "split_name": "voltage_window_holdout_fold",
      "subset_name": "baseline_clean_tolerant",
      "target": "capacity_Ah_k1",
      "test_cells": 48,
      "test_parameter_sets": 16,
      "test_rows": 1326,
      "train_parameter_sets": 60,
      "train_rows": 2501,
      "worst_condition_mae": 0.11728341838032151
    },
    {
      "condition_mean_mae": 0.12796818348992284,
      "condition_median_mae": 0.08220389089454647,
      "feature_group": "F3_state_nominal",
      "heldout_fold": 1,
      "mae": 0.06878947695025212,
      "model_level": "L3_quantile_hist_gradient_boosting",
      "pinball_loss_q10": 0.022032922855575447,
      "pinball_loss_q50": 0.03439473847512606,
      "pinball_loss_q90": 0.016050245284538106,
      "q10_q90_interval_coverage": 0.804374240583232,
      "q10_q90_interval_width_mean": 0.24676991076634158,
      "rmse": 0.11892677445307659,
      "run_scope": "sensitivity_excluding_monotonicity",
      "split_name": "voltage_window_holdout_fold",
      "subset_name": "baseline_clean_tolerant",
      "target": "capacity_Ah_k1",
      "test_cells": 84,
      "test_parameter_sets": 28,
      "test_rows": 823,
      "train_parameter_sets": 48,
      "train_rows": 1950,
      "worst_condition_mae": 0.40695328201530556
    },
    {
      "condition_mean_mae": 0.12084315624715086,
      "condition_median_mae": 0.11327870510195434,
      "feature_group": "F3_state_nominal",
      "heldout_fold": 2,
      "mae": 0.07888587787927322,
      "model_level": "L3_quantile_hist_gradient_boosting",
      "pinball_loss_q10": 0.0234383642760604,
      "pinball_loss_q50": 0.03944293893963661,
      "pinball_loss_q90": 0.01654563193542398,
      "q10_q90_interval_coverage": 0.569811320754717,
      "q10_q90_interval_width_mean": 0.23016513320057708,
      "rmse": 0.12298750686734308,
      "run_scope": "sensitivity_excluding_monotonicity",
      "split_name": "voltage_window_holdout_fold",
      "subset_name": "baseline_clean_tolerant",
      "target": "capacity_Ah_k1",
      "test_cells": 95,
      "test_parameter_sets": 32,
      "test_rows": 1060,
      "train_parameter_sets": 44,
      "train_rows": 1713,
      "worst_condition_mae": 0.2788887659097458
    },
    {
      "condition_mean_mae": 0.03540907339347096,
      "condition_median_mae": 0.03542933557637809,
      "feature_group": "F3_state_nominal",
      "heldout_fold": 3,
      "mae": 0.03523359286653197,
      "model_level": "L3_quantile_hist_gradient_boosting",
      "pinball_loss_q10": 0.017193981689564777,
      "pinball_loss_q50": 0.017616796433265986,
      "pinball_loss_q90": 0.02001115119804647,
      "q10_q90_interval_coverage": 0.13258426966292136,
      "q10_q90_interval_width_mean": 0.15217689315638908,
      "rmse": 0.042768017242597545,
      "run_scope": "sensitivity_excluding_monotonicity",
      "split_name": "voltage_window_holdout_fold",
      "subset_name": "baseline_clean_tolerant",
      "target": "capacity_Ah_k1",
      "test_cells": 48,
      "test_parameter_sets": 16,
      "test_rows": 890,
      "train_parameter_sets": 60,
      "train_rows": 1883,
      "worst_condition_mae": 0.0549784771129179
    }
  ],
  "model_level": "L3_quantile_hist_gradient_boosting",
  "primary_summary": {
    "condition_mean_mae": 0.09826551544736907,
    "condition_median_mae": 0.07419563940819263,
    "fold_count": 3,
    "mean_mae": 0.06523170822357968,
    "mean_rmse": 0.10611483522182052,
    "worst_condition_mae": 0.4237925806413337
  },
  "row_counts": {
    "baseline_clean_strict_rows": 2773,
    "baseline_clean_tolerant_rows": 3827,
    "full_interval_rows": 3827,
    "selected_cells": 228,
    "selected_parameter_sets": 76,
    "selected_subset_rows": 3827,
    "sensitivity_excluding_monotonicity_rows": 2773,
    "sensitivity_flagged_monotonicity_rows": 1054
  },
  "schema_version": "gate5.capacity_baseline.v1",
  "sensitivity_excluding_monotonicity_summary": {
    "condition_mean_mae": 0.09474013771018157,
    "condition_median_mae": 0.0769706438576263,
    "fold_count": 3,
    "mean_mae": 0.060969649232019106,
    "mean_rmse": 0.09489409952100573,
    "worst_condition_mae": 0.40695328201530556
  },
  "split_name": "voltage_window_holdout_fold",
  "target": "capacity_Ah_k1"
}
