{
  "feature_group": "F2_state_exposure",
  "fold_metrics": [
    {
      "condition_mean_mae": 0.20410763721772196,
      "condition_median_mae": 0.17300828755859432,
      "feature_group": "F2_state_exposure",
      "heldout_fold": 1,
      "mae": 0.1413111480372686,
      "model_level": "L3_quantile_hist_gradient_boosting",
      "pinball_loss_q10": 0.05973777317336617,
      "pinball_loss_q50": 0.0706555740186343,
      "pinball_loss_q90": 0.02075406101331078,
      "q10_q90_interval_coverage": 0.5668789808917197,
      "q10_q90_interval_width_mean": 0.18869250016607036,
      "rmse": 0.2416043491171112,
      "run_scope": "primary",
      "split_name": "c_rate_holdout_fold",
      "subset_name": "baseline_clean_tolerant",
      "target": "delta_capacity_Ah",
      "test_cells": 36,
      "test_parameter_sets": 12,
      "test_rows": 157,
      "train_parameter_sets": 64,
      "train_rows": 3670,
      "worst_condition_mae": 0.42197164670244564
    },
    {
      "condition_mean_mae": 0.1925797904381438,
      "condition_median_mae": 0.17890513447716933,
      "feature_group": "F2_state_exposure",
      "heldout_fold": 1,
      "mae": 0.14347381841436455,
      "model_level": "L3_quantile_hist_gradient_boosting",
      "pinball_loss_q10": 0.05968001269381868,
      "pinball_loss_q50": 0.07173690920718227,
      "pinball_loss_q90": 0.021736477810732728,
      "q10_q90_interval_coverage": 0.6422018348623854,
      "q10_q90_interval_width_mean": 0.21842271394053522,
      "rmse": 0.24257676169994727,
      "run_scope": "sensitivity_excluding_monotonicity",
      "split_name": "c_rate_holdout_fold",
      "subset_name": "baseline_clean_tolerant",
      "target": "delta_capacity_Ah",
      "test_cells": 36,
      "test_parameter_sets": 12,
      "test_rows": 109,
      "train_parameter_sets": 64,
      "train_rows": 2664,
      "worst_condition_mae": 0.35135055301065476
    }
  ],
  "model_level": "L3_quantile_hist_gradient_boosting",
  "primary_summary": {
    "condition_mean_mae": 0.20410763721772196,
    "condition_median_mae": 0.17300828755859432,
    "fold_count": 1,
    "mean_mae": 0.1413111480372686,
    "mean_rmse": 0.2416043491171112,
    "worst_condition_mae": 0.42197164670244564
  },
  "row_counts": {
    "baseline_clean_strict_rows": 2773,
    "baseline_clean_tolerant_rows": 3827,
    "full_interval_rows": 3827,
    "selected_cells": 228,
    "selected_parameter_sets": 76,
    "selected_subset_rows": 3827,
    "sensitivity_excluding_monotonicity_rows": 2773,
    "sensitivity_flagged_monotonicity_rows": 1054
  },
  "schema_version": "gate5.capacity_baseline.v1",
  "sensitivity_excluding_monotonicity_summary": {
    "condition_mean_mae": 0.1925797904381438,
    "condition_median_mae": 0.17890513447716933,
    "fold_count": 1,
    "mean_mae": 0.14347381841436455,
    "mean_rmse": 0.24257676169994727,
    "worst_condition_mae": 0.35135055301065476
  },
  "split_name": "c_rate_holdout_fold",
  "target": "delta_capacity_Ah"
}
