{
  "feature_group": "F1_state_time",
  "fold_metrics": [
    {
      "condition_mean_mae": 0.057098688197740784,
      "condition_median_mae": 0.03994228588483617,
      "feature_group": "F1_state_time",
      "heldout_fold": 0,
      "mae": 0.03067140622087787,
      "model_level": "L3_quantile_hist_gradient_boosting",
      "pinball_loss_q10": 0.011526524953248997,
      "pinball_loss_q50": 0.015335703110438935,
      "pinball_loss_q90": 0.01314783304657231,
      "q10_q90_interval_coverage": 0.8447867298578199,
      "q10_q90_interval_width_mean": 0.19436293081637931,
      "rmse": 0.0741785085097363,
      "run_scope": "primary",
      "split_name": "condition_fold",
      "subset_name": "baseline_clean_tolerant",
      "target": "capacity_Ah_k1",
      "test_cells": 48,
      "test_parameter_sets": 16,
      "test_rows": 844,
      "train_parameter_sets": 60,
      "train_rows": 2983,
      "worst_condition_mae": 0.2034758921101475
    },
    {
      "condition_mean_mae": 0.05619062733934382,
      "condition_median_mae": 0.025244522642305534,
      "feature_group": "F1_state_time",
      "heldout_fold": 1,
      "mae": 0.026085413333721014,
      "model_level": "L3_quantile_hist_gradient_boosting",
      "pinball_loss_q10": 0.013920091829332753,
      "pinball_loss_q50": 0.013042706666860507,
      "pinball_loss_q90": 0.008492778324623905,
      "q10_q90_interval_coverage": 0.8092485549132948,
      "q10_q90_interval_width_mean": 0.1371498631563998,
      "rmse": 0.08491151488637334,
      "run_scope": "primary",
      "split_name": "condition_fold",
      "subset_name": "baseline_clean_tolerant",
      "target": "capacity_Ah_k1",
      "test_cells": 45,
      "test_parameter_sets": 15,
      "test_rows": 865,
      "train_parameter_sets": 61,
      "train_rows": 2962,
      "worst_condition_mae": 0.27982548173002336
    },
    {
      "condition_mean_mae": 0.05578734083982724,
      "condition_median_mae": 0.02189065282209323,
      "feature_group": "F1_state_time",
      "heldout_fold": 2,
      "mae": 0.02469836161594876,
      "model_level": "L3_quantile_hist_gradient_boosting",
      "pinball_loss_q10": 0.011369849251494271,
      "pinball_loss_q50": 0.01234918080797438,
      "pinball_loss_q90": 0.0074807353556517525,
      "q10_q90_interval_coverage": 0.7881165919282511,
      "q10_q90_interval_width_mean": 0.13905119641413238,
      "rmse": 0.06413343906807593,
      "run_scope": "primary",
      "split_name": "condition_fold",
      "subset_name": "baseline_clean_tolerant",
      "target": "capacity_Ah_k1",
      "test_cells": 45,
      "test_parameter_sets": 15,
      "test_rows": 892,
      "train_parameter_sets": 61,
      "train_rows": 2935,
      "worst_condition_mae": 0.3317401470108116
    },
    {
      "condition_mean_mae": 0.10929373092120666,
      "condition_median_mae": 0.0891920377162354,
      "feature_group": "F1_state_time",
      "heldout_fold": 3,
      "mae": 0.05378039900605192,
      "model_level": "L3_quantile_hist_gradient_boosting",
      "pinball_loss_q10": 0.023462670190656443,
      "pinball_loss_q50": 0.02689019950302596,
      "pinball_loss_q90": 0.012784197705143333,
      "q10_q90_interval_coverage": 0.831041257367387,
      "q10_q90_interval_width_mean": 0.18243474540464397,
      "rmse": 0.13597676680376863,
      "run_scope": "primary",
      "split_name": "condition_fold",
      "subset_name": "baseline_clean_tolerant",
      "target": "capacity_Ah_k1",
      "test_cells": 45,
      "test_parameter_sets": 15,
      "test_rows": 509,
      "train_parameter_sets": 61,
      "train_rows": 3318,
      "worst_condition_mae": 0.37244850263734636
    },
    {
      "condition_mean_mae": 0.08270900966783502,
      "condition_median_mae": 0.04497428011750237,
      "feature_group": "F1_state_time",
      "heldout_fold": 4,
      "mae": 0.03072059070486143,
      "model_level": "L3_quantile_hist_gradient_boosting",
      "pinball_loss_q10": 0.010568719253688364,
      "pinball_loss_q50": 0.015360295352430714,
      "pinball_loss_q90": 0.008815167580302544,
      "q10_q90_interval_coverage": 0.7838214783821479,
      "q10_q90_interval_width_mean": 0.13731784999288618,
      "rmse": 0.09433773343932267,
      "run_scope": "primary",
      "split_name": "condition_fold",
      "subset_name": "baseline_clean_tolerant",
      "target": "capacity_Ah_k1",
      "test_cells": 45,
      "test_parameter_sets": 15,
      "test_rows": 717,
      "train_parameter_sets": 61,
      "train_rows": 3110,
      "worst_condition_mae": 0.34950333967749164
    },
    {
      "condition_mean_mae": 0.06139174258576973,
      "condition_median_mae": 0.04642638680005326,
      "feature_group": "F1_state_time",
      "heldout_fold": 0,
      "mae": 0.031584009304065894,
      "model_level": "L3_quantile_hist_gradient_boosting",
      "pinball_loss_q10": 0.01212366913583534,
      "pinball_loss_q50": 0.015792004652032947,
      "pinball_loss_q90": 0.009969508108530012,
      "q10_q90_interval_coverage": 0.8387096774193549,
      "q10_q90_interval_width_mean": 0.1637407654612918,
      "rmse": 0.07989756604362486,
      "run_scope": "sensitivity_excluding_monotonicity",
      "split_name": "condition_fold",
      "subset_name": "baseline_clean_tolerant",
      "target": "capacity_Ah_k1",
      "test_cells": 48,
      "test_parameter_sets": 16,
      "test_rows": 620,
      "train_parameter_sets": 60,
      "train_rows": 2153,
      "worst_condition_mae": 0.19155535007831018
    },
    {
      "condition_mean_mae": 0.05614986589233348,
      "condition_median_mae": 0.022881212393088345,
      "feature_group": "F1_state_time",
      "heldout_fold": 1,
      "mae": 0.02607873715012839,
      "model_level": "L3_quantile_hist_gradient_boosting",
      "pinball_loss_q10": 0.013170259540058547,
      "pinball_loss_q50": 0.013039368575064195,
      "pinball_loss_q90": 0.006893534754070026,
      "q10_q90_interval_coverage": 0.8171875,
      "q10_q90_interval_width_mean": 0.12261386551361686,
      "rmse": 0.08080804561412057,
      "run_scope": "sensitivity_excluding_monotonicity",
      "split_name": "condition_fold",
      "subset_name": "baseline_clean_tolerant",
      "target": "capacity_Ah_k1",
      "test_cells": 45,
      "test_parameter_sets": 15,
      "test_rows": 640,
      "train_parameter_sets": 61,
      "train_rows": 2133,
      "worst_condition_mae": 0.2698570975107737
    },
    {
      "condition_mean_mae": 0.05478466866554644,
      "condition_median_mae": 0.02721475223848605,
      "feature_group": "F1_state_time",
      "heldout_fold": 2,
      "mae": 0.02607986572884298,
      "model_level": "L3_quantile_hist_gradient_boosting",
      "pinball_loss_q10": 0.014258853136166127,
      "pinball_loss_q50": 0.01303993286442149,
      "pinball_loss_q90": 0.00656585319114769,
      "q10_q90_interval_coverage": 0.7660910518053375,
      "q10_q90_interval_width_mean": 0.1485787608574753,
      "rmse": 0.06872681097655754,
      "run_scope": "sensitivity_excluding_monotonicity",
      "split_name": "condition_fold",
      "subset_name": "baseline_clean_tolerant",
      "target": "capacity_Ah_k1",
      "test_cells": 45,
      "test_parameter_sets": 15,
      "test_rows": 637,
      "train_parameter_sets": 61,
      "train_rows": 2136,
      "worst_condition_mae": 0.32231410339337724
    },
    {
      "condition_mean_mae": 0.10931360035158509,
      "condition_median_mae": 0.0700825718606102,
      "feature_group": "F1_state_time",
      "heldout_fold": 3,
      "mae": 0.05598653405132189,
      "model_level": "L3_quantile_hist_gradient_boosting",
      "pinball_loss_q10": 0.024373705467581587,
      "pinball_loss_q50": 0.027993267025660944,
      "pinball_loss_q90": 0.01414867042687684,
      "q10_q90_interval_coverage": 0.856020942408377,
      "q10_q90_interval_width_mean": 0.2074046074344494,
      "rmse": 0.14183598131093644,
      "run_scope": "sensitivity_excluding_monotonicity",
      "split_name": "condition_fold",