{
  "feature_group": "F1_state_time",
  "fold_metrics": [
    {
      "condition_mean_mae": 0.10779974996216615,
      "condition_median_mae": 0.08098371095503015,
      "feature_group": "F1_state_time",
      "heldout_fold": 1,
      "mae": 0.04227588270342966,
      "model_level": "L3_quantile_hist_gradient_boosting",
      "pinball_loss_q10": 0.017833822871836883,
      "pinball_loss_q50": 0.02113794135171483,
      "pinball_loss_q90": 0.011238173751744372,
      "q10_q90_interval_coverage": 0.7668463611859838,
      "q10_q90_interval_width_mean": 0.17093911738776135,
      "rmse": 0.11528261421073324,
      "run_scope": "primary",
      "split_name": "temperature_holdout_fold",
      "subset_name": "baseline_clean_tolerant",
      "target": "capacity_Ah_k1",
      "test_cells": 57,
      "test_parameter_sets": 19,
      "test_rows": 742,
      "train_parameter_sets": 57,
      "train_rows": 3085,
      "worst_condition_mae": 0.3146389690544067
    },
    {
      "condition_mean_mae": 0.0655805131727477,
      "condition_median_mae": 0.04521380866345115,
      "feature_group": "F1_state_time",
      "heldout_fold": 2,
      "mae": 0.0375973925640596,
      "model_level": "L3_quantile_hist_gradient_boosting",
      "pinball_loss_q10": 0.01599085331450352,
      "pinball_loss_q50": 0.0187986962820298,
      "pinball_loss_q90": 0.010075681371821032,
      "q10_q90_interval_coverage": 0.8556603773584905,
      "q10_q90_interval_width_mean": 0.14642517141487466,
      "rmse": 0.1079855359181519,
      "run_scope": "primary",
      "split_name": "temperature_holdout_fold",
      "subset_name": "baseline_clean_tolerant",
      "target": "capacity_Ah_k1",
      "test_cells": 57,
      "test_parameter_sets": 19,
      "test_rows": 1060,
      "train_parameter_sets": 57,
      "train_rows": 2767,
      "worst_condition_mae": 0.2227531178615238
    },
    {
      "condition_mean_mae": 0.1101077064753913,
      "condition_median_mae": 0.09162288088614705,
      "feature_group": "F1_state_time",
      "heldout_fold": 1,
      "mae": 0.047286285384095114,
      "model_level": "L3_quantile_hist_gradient_boosting",
      "pinball_loss_q10": 0.018985110514843445,
      "pinball_loss_q50": 0.023643142692047557,
      "pinball_loss_q90": 0.011224975522531109,
      "q10_q90_interval_coverage": 0.7615062761506276,
      "q10_q90_interval_width_mean": 0.1680224218253257,
      "rmse": 0.12083195797468946,
      "run_scope": "sensitivity_excluding_monotonicity",
      "split_name": "temperature_holdout_fold",
      "subset_name": "baseline_clean_tolerant",
      "target": "capacity_Ah_k1",
      "test_cells": 56,
      "test_parameter_sets": 19,
      "test_rows": 478,
      "train_parameter_sets": 57,
      "train_rows": 2295,
      "worst_condition_mae": 0.35425344882712856
    },
    {
      "condition_mean_mae": 0.07237112798926089,
      "condition_median_mae": 0.057667703720209434,
      "feature_group": "F1_state_time",
      "heldout_fold": 2,
      "mae": 0.03958545718906341,
      "model_level": "L3_quantile_hist_gradient_boosting",
      "pinball_loss_q10": 0.01724804706566492,
      "pinball_loss_q50": 0.019792728594531704,
      "pinball_loss_q90": 0.00990651477180106,
      "q10_q90_interval_coverage": 0.8469387755102041,
      "q10_q90_interval_width_mean": 0.1452763889728133,
      "rmse": 0.11434425391363327,
      "run_scope": "sensitivity_excluding_monotonicity",
      "split_name": "temperature_holdout_fold",
      "subset_name": "baseline_clean_tolerant",
      "target": "capacity_Ah_k1",
      "test_cells": 57,
      "test_parameter_sets": 19,
      "test_rows": 784,
      "train_parameter_sets": 57,
      "train_rows": 1989,
      "worst_condition_mae": 0.27596873852177073
    }
  ],
  "model_level": "L3_quantile_hist_gradient_boosting",
  "primary_summary": {
    "condition_mean_mae": 0.08669013156745692,
    "condition_median_mae": 0.06309875980924065,
    "fold_count": 2,
    "mean_mae": 0.03993663763374463,
    "mean_rmse": 0.11163407506444256,
    "worst_condition_mae": 0.3146389690544067
  },
  "row_counts": {
    "baseline_clean_strict_rows": 2773,
    "baseline_clean_tolerant_rows": 3827,
    "full_interval_rows": 3827,
    "selected_cells": 228,
    "selected_parameter_sets": 76,
    "selected_subset_rows": 3827,
    "sensitivity_excluding_monotonicity_rows": 2773,
    "sensitivity_flagged_monotonicity_rows": 1054
  },
  "schema_version": "gate5.capacity_baseline.v1",
  "sensitivity_excluding_monotonicity_summary": {
    "condition_mean_mae": 0.09123941723232609,
    "condition_median_mae": 0.07464529230317823,
    "fold_count": 2,
    "mean_mae": 0.04343587128657926,
    "mean_rmse": 0.11758810594416136,
    "worst_condition_mae": 0.35425344882712856
  },
  "split_name": "temperature_holdout_fold",
  "target": "capacity_Ah_k1"
}
