{
  "feature_group": "F3_state_nominal",
  "fold_metrics": [
    {
      "condition_mean_mae": 0.11077581193942075,
      "condition_median_mae": 0.06638217634894295,
      "feature_group": "F3_state_nominal",
      "heldout_fold": 1,
      "mae": 0.058199503351297935,
      "model_level": "L3_quantile_hist_gradient_boosting",
      "pinball_loss_q10": 0.022378408198649277,
      "pinball_loss_q50": 0.029099751675648967,
      "pinball_loss_q90": 0.009471060804926056,
      "q10_q90_interval_coverage": 0.39557522123893807,
      "q10_q90_interval_width_mean": 0.1202578115641312,
      "rmse": 0.10604669201529843,
      "run_scope": "primary",
      "split_name": "voltage_window_holdout_fold",
      "subset_name": "baseline_clean_tolerant",
      "target": "delta_capacity_Ah",
      "test_cells": 84,
      "test_parameter_sets": 28,
      "test_rows": 1130,
      "train_parameter_sets": 48,
      "train_rows": 2697,
      "worst_condition_mae": 0.3316558990173055
    },
    {
      "condition_mean_mae": 0.09636968745372183,
      "condition_median_mae": 0.07728881875534724,
      "feature_group": "F3_state_nominal",
      "heldout_fold": 2,
      "mae": 0.05229582421231719,
      "model_level": "L3_quantile_hist_gradient_boosting",
      "pinball_loss_q10": 0.0183114565097917,
      "pinball_loss_q50": 0.026147912106158595,
      "pinball_loss_q90": 0.006998797059085319,
      "q10_q90_interval_coverage": 0.6812545587162655,
      "q10_q90_interval_width_mean": 0.12633287467287752,
      "rmse": 0.10632388654313406,
      "run_scope": "primary",
      "split_name": "voltage_window_holdout_fold",
      "subset_name": "baseline_clean_tolerant",
      "target": "delta_capacity_Ah",
      "test_cells": 96,
      "test_parameter_sets": 32,
      "test_rows": 1371,
      "train_parameter_sets": 44,
      "train_rows": 2456,
      "worst_condition_mae": 0.33416962772966885
    },
    {
      "condition_mean_mae": 0.01295287593993775,
      "condition_median_mae": 0.013273372562044819,
      "feature_group": "F3_state_nominal",
      "heldout_fold": 3,
      "mae": 0.012963276005327309,
      "model_level": "L3_quantile_hist_gradient_boosting",
      "pinball_loss_q10": 0.003667025049283976,
      "pinball_loss_q50": 0.0064816380026636545,
      "pinball_loss_q90": 0.004129189784473266,
      "q10_q90_interval_coverage": 0.5422322775263951,
      "q10_q90_interval_width_mean": 0.03452174080999663,
      "rmse": 0.016911782618050576,
      "run_scope": "primary",
      "split_name": "voltage_window_holdout_fold",
      "subset_name": "baseline_clean_tolerant",
      "target": "delta_capacity_Ah",
      "test_cells": 48,
      "test_parameter_sets": 16,
      "test_rows": 1326,
      "train_parameter_sets": 60,
      "train_rows": 2501,
      "worst_condition_mae": 0.016746914255863565
    },
    {
      "condition_mean_mae": 0.11951935866963746,
      "condition_median_mae": 0.07121598793934696,
      "feature_group": "F3_state_nominal",
      "heldout_fold": 1,
      "mae": 0.06099525558772055,
      "model_level": "L3_quantile_hist_gradient_boosting",
      "pinball_loss_q10": 0.02289380688726361,
      "pinball_loss_q50": 0.030497627793860276,
      "pinball_loss_q90": 0.009915083439459607,
      "q10_q90_interval_coverage": 0.41190765492102066,
      "q10_q90_interval_width_mean": 0.12172014306420999,
      "rmse": 0.11260816135963721,
      "run_scope": "sensitivity_excluding_monotonicity",
      "split_name": "voltage_window_holdout_fold",
      "subset_name": "baseline_clean_tolerant",
      "target": "delta_capacity_Ah",
      "test_cells": 84,
      "test_parameter_sets": 28,
      "test_rows": 823,
      "train_parameter_sets": 48,
      "train_rows": 1950,
      "worst_condition_mae": 0.3726382337111262
    },
    {
      "condition_mean_mae": 0.09962218036176053,
      "condition_median_mae": 0.08412673356795,
      "feature_group": "F3_state_nominal",
      "heldout_fold": 2,
      "mae": 0.054781906581353394,
      "model_level": "L3_quantile_hist_gradient_boosting",
      "pinball_loss_q10": 0.020321055456303097,
      "pinball_loss_q50": 0.027390953290676697,
      "pinball_loss_q90": 0.006674991713709624,
      "q10_q90_interval_coverage": 0.6556603773584906,
      "q10_q90_interval_width_mean": 0.16837887588579553,
      "rmse": 0.1070557086498506,
      "run_scope": "sensitivity_excluding_monotonicity",
      "split_name": "voltage_window_holdout_fold",
      "subset_name": "baseline_clean_tolerant",
      "target": "delta_capacity_Ah",
      "test_cells": 95,
      "test_parameter_sets": 32,
      "test_rows": 1060,
      "train_parameter_sets": 44,
      "train_rows": 1713,
      "worst_condition_mae": 0.33089372432924935
    },
    {
      "condition_mean_mae": 0.014098029183647146,
      "condition_median_mae": 0.013875501454412808,
      "feature_group": "F3_state_nominal",
      "heldout_fold": 3,
      "mae": 0.013773080931653537,
      "model_level": "L3_quantile_hist_gradient_boosting",
      "pinball_loss_q10": 0.003932206052426725,
      "pinball_loss_q50": 0.006886540465826769,
      "pinball_loss_q90": 0.004635306466375975,
      "q10_q90_interval_coverage": 0.6887640449438203,
      "q10_q90_interval_width_mean": 0.03968785893636125,
      "rmse": 0.018626670417426758,
      "run_scope": "sensitivity_excluding_monotonicity",
      "split_name": "voltage_window_holdout_fold",
      "subset_name": "baseline_clean_tolerant",
      "target": "delta_capacity_Ah",
      "test_cells": 48,
      "test_parameter_sets": 16,
      "test_rows": 890,
      "train_parameter_sets": 60,
      "train_rows": 1883,
      "worst_condition_mae": 0.019826832380288043
    }
  ],
  "model_level": "L3_quantile_hist_gradient_boosting",
  "primary_summary": {
    "condition_mean_mae": 0.07336612511102678,
    "condition_median_mae": 0.05231478922211167,
    "fold_count": 3,
    "mean_mae": 0.04115286785631415,
    "mean_rmse": 0.07642745372549435,
    "worst_condition_mae": 0.33416962772966885
  },
  "row_counts": {
    "baseline_clean_strict_rows": 2773,
    "baseline_clean_tolerant_rows": 3827,
    "full_interval_rows": 3827,
    "selected_cells": 228,
    "selected_parameter_sets": 76,
    "selected_subset_rows": 3827,
    "sensitivity_excluding_monotonicity_rows": 2773,
    "sensitivity_flagged_monotonicity_rows": 1054
  },
  "schema_version": "gate5.capacity_baseline.v1",
  "sensitivity_excluding_monotonicity_summary": {
    "condition_mean_mae": 0.07774652273834838,
    "condition_median_mae": 0.056406074320569925,
    "fold_count": 3,
    "mean_mae": 0.043183414366909166,
    "mean_rmse": 0.07943018014230485,
    "worst_condition_mae": 0.3726382337111262
  },
  "split_name": "voltage_window_holdout_fold",
  "target": "delta_capacity_Ah"
}
