{
  "feature_group": "F3_state_nominal",
  "fold_metrics": [
    {
      "condition_mean_mae": 0.10351741158894937,
      "condition_median_mae": 0.05695114706936661,
      "feature_group": "F3_state_nominal",
      "heldout_fold": 1,
      "mae": 0.035999115663600575,
      "model_level": "L3_quantile_hist_gradient_boosting",
      "pinball_loss_q10": 0.014521806275125199,
      "pinball_loss_q50": 0.017999557831800288,
      "pinball_loss_q90": 0.006668963307463269,
      "q10_q90_interval_coverage": 0.7196765498652291,
      "q10_q90_interval_width_mean": 0.06361904193142022,
      "rmse": 0.10542207155101478,
      "run_scope": "primary",
      "split_name": "temperature_holdout_fold",
      "subset_name": "baseline_clean_tolerant",
      "target": "delta_capacity_Ah",
      "test_cells": 57,
      "test_parameter_sets": 19,
      "test_rows": 742,
      "train_parameter_sets": 57,
      "train_rows": 3085,
      "worst_condition_mae": 0.3424389921266499
    },
    {
      "condition_mean_mae": 0.05327496584246029,
      "condition_median_mae": 0.04121397005230481,
      "feature_group": "F3_state_nominal",
      "heldout_fold": 2,
      "mae": 0.03125644558064992,
      "model_level": "L3_quantile_hist_gradient_boosting",
      "pinball_loss_q10": 0.014347287044500142,
      "pinball_loss_q50": 0.01562822279032496,
      "pinball_loss_q90": 0.004441113008646584,
      "q10_q90_interval_coverage": 0.6990566037735849,
      "q10_q90_interval_width_mean": 0.062386170878704864,
      "rmse": 0.09383107572074953,
      "run_scope": "primary",
      "split_name": "temperature_holdout_fold",
      "subset_name": "baseline_clean_tolerant",
      "target": "delta_capacity_Ah",
      "test_cells": 57,
      "test_parameter_sets": 19,
      "test_rows": 1060,
      "train_parameter_sets": 57,
      "train_rows": 2767,
      "worst_condition_mae": 0.16772771793859428
    },
    {
      "condition_mean_mae": 0.10198779875636406,
      "condition_median_mae": 0.06363968081896816,
      "feature_group": "F3_state_nominal",
      "heldout_fold": 1,
      "mae": 0.04195435484956749,
      "model_level": "L3_quantile_hist_gradient_boosting",
      "pinball_loss_q10": 0.016241453083566258,
      "pinball_loss_q50": 0.020977177424783746,
      "pinball_loss_q90": 0.0077631296458517745,
      "q10_q90_interval_coverage": 0.694560669456067,
      "q10_q90_interval_width_mean": 0.0742966071371122,
      "rmse": 0.11878327629060186,
      "run_scope": "sensitivity_excluding_monotonicity",
      "split_name": "temperature_holdout_fold",
      "subset_name": "baseline_clean_tolerant",
      "target": "delta_capacity_Ah",
      "test_cells": 56,
      "test_parameter_sets": 19,
      "test_rows": 478,
      "train_parameter_sets": 57,
      "train_rows": 2295,
      "worst_condition_mae": 0.35322909042995565
    },
    {
      "condition_mean_mae": 0.06067037651953842,
      "condition_median_mae": 0.043270497691086686,
      "feature_group": "F3_state_nominal",
      "heldout_fold": 2,
      "mae": 0.03208819059260303,
      "model_level": "L3_quantile_hist_gradient_boosting",
      "pinball_loss_q10": 0.015788978144438786,
      "pinball_loss_q50": 0.016044095296301516,
      "pinball_loss_q90": 0.004411129767830159,
      "q10_q90_interval_coverage": 0.7066326530612245,
      "q10_q90_interval_width_mean": 0.060665452850641344,
      "rmse": 0.10125881521234056,
      "run_scope": "sensitivity_excluding_monotonicity",
      "split_name": "temperature_holdout_fold",
      "subset_name": "baseline_clean_tolerant",
      "target": "delta_capacity_Ah",
      "test_cells": 57,
      "test_parameter_sets": 19,
      "test_rows": 784,
      "train_parameter_sets": 57,
      "train_rows": 1989,
      "worst_condition_mae": 0.21227691993944106
    }
  ],
  "model_level": "L3_quantile_hist_gradient_boosting",
  "primary_summary": {
    "condition_mean_mae": 0.07839618871570483,
    "condition_median_mae": 0.04908255856083571,
    "fold_count": 2,
    "mean_mae": 0.03362778062212525,
    "mean_rmse": 0.09962657363588215,
    "worst_condition_mae": 0.3424389921266499
  },
  "row_counts": {
    "baseline_clean_strict_rows": 2773,
    "baseline_clean_tolerant_rows": 3827,
    "full_interval_rows": 3827,
    "selected_cells": 228,
    "selected_parameter_sets": 76,
    "selected_subset_rows": 3827,
    "sensitivity_excluding_monotonicity_rows": 2773,
    "sensitivity_flagged_monotonicity_rows": 1054
  },
  "schema_version": "gate5.capacity_baseline.v1",
  "sensitivity_excluding_monotonicity_summary": {
    "condition_mean_mae": 0.08132908763795124,
    "condition_median_mae": 0.05345508925502743,
    "fold_count": 2,
    "mean_mae": 0.03702127272108526,
    "mean_rmse": 0.1100210457514712,
    "worst_condition_mae": 0.35322909042995565
  },
  "split_name": "temperature_holdout_fold",
  "target": "delta_capacity_Ah"
}
