{
  "feature_group": "F1_state_time",
  "fold_metrics": [
    {
      "condition_mean_mae": 0.21359031593986624,
      "condition_median_mae": 0.17916322946362173,
      "feature_group": "F1_state_time",
      "heldout_fold": 1,
      "mae": 0.1449460900392564,
      "model_level": "L3_quantile_hist_gradient_boosting",
      "pinball_loss_q10": 0.05893151282908367,
      "pinball_loss_q50": 0.0724730450196282,
      "pinball_loss_q90": 0.026522440458084093,
      "q10_q90_interval_coverage": 0.5859872611464968,
      "q10_q90_interval_width_mean": 0.24996175926942485,
      "rmse": 0.24493865034188303,
      "run_scope": "primary",
      "split_name": "c_rate_holdout_fold",
      "subset_name": "baseline_clean_tolerant",
      "target": "capacity_Ah_k1",
      "test_cells": 36,
      "test_parameter_sets": 12,
      "test_rows": 157,
      "train_parameter_sets": 64,
      "train_rows": 3670,
      "worst_condition_mae": 0.43618563839606317
    },
    {
      "condition_mean_mae": 0.21189864009142645,
      "condition_median_mae": 0.1999677614297397,
      "feature_group": "F1_state_time",
      "heldout_fold": 1,
      "mae": 0.15592514362866303,
      "model_level": "L3_quantile_hist_gradient_boosting",
      "pinball_loss_q10": 0.05541398397478224,
      "pinball_loss_q50": 0.07796257181433151,
      "pinball_loss_q90": 0.026388439082317385,
      "q10_q90_interval_coverage": 0.5504587155963303,
      "q10_q90_interval_width_mean": 0.25305613271095584,
      "rmse": 0.2559189656874843,
      "run_scope": "sensitivity_excluding_monotonicity",
      "split_name": "c_rate_holdout_fold",
      "subset_name": "baseline_clean_tolerant",
      "target": "capacity_Ah_k1",
      "test_cells": 36,
      "test_parameter_sets": 12,
      "test_rows": 109,
      "train_parameter_sets": 64,
      "train_rows": 2664,
      "worst_condition_mae": 0.40079226071196083
    }
  ],
  "model_level": "L3_quantile_hist_gradient_boosting",
  "primary_summary": {
    "condition_mean_mae": 0.21359031593986624,
    "condition_median_mae": 0.17916322946362173,
    "fold_count": 1,
    "mean_mae": 0.1449460900392564,
    "mean_rmse": 0.24493865034188303,
    "worst_condition_mae": 0.43618563839606317
  },
  "row_counts": {
    "baseline_clean_strict_rows": 2773,
    "baseline_clean_tolerant_rows": 3827,
    "full_interval_rows": 3827,
    "selected_cells": 228,
    "selected_parameter_sets": 76,
    "selected_subset_rows": 3827,
    "sensitivity_excluding_monotonicity_rows": 2773,
    "sensitivity_flagged_monotonicity_rows": 1054
  },
  "schema_version": "gate5.capacity_baseline.v1",
  "sensitivity_excluding_monotonicity_summary": {
    "condition_mean_mae": 0.21189864009142645,
    "condition_median_mae": 0.1999677614297397,
    "fold_count": 1,
    "mean_mae": 0.15592514362866303,
    "mean_rmse": 0.2559189656874843,
    "worst_condition_mae": 0.40079226071196083
  },
  "split_name": "c_rate_holdout_fold",
  "target": "capacity_Ah_k1"
}
