{
  "feature_group": "F2_state_exposure",
  "fold_metrics": [
    {
      "condition_mean_mae": 0.07207435326103713,
      "condition_median_mae": 0.05930489748837715,
      "feature_group": "F2_state_exposure",
      "heldout_fold": 1,
      "mae": 0.051544616205089926,
      "model_level": "L3_quantile_hist_gradient_boosting",
      "pinball_loss_q10": 0.018260287226199573,
      "pinball_loss_q50": 0.025772308102544963,
      "pinball_loss_q90": 0.015549905579792005,
      "q10_q90_interval_coverage": 0.8656914893617021,
      "q10_q90_interval_width_mean": 0.23567456665726155,
      "rmse": 0.09186651394843534,
      "run_scope": "primary",
      "split_name": "profile_holdout_fold",
      "subset_name": "baseline_clean_tolerant",
      "target": "capacity_Ah_k1",
      "test_cells": 36,
      "test_parameter_sets": 12,
      "test_rows": 752,
      "train_parameter_sets": 64,
      "train_rows": 3075,
      "worst_condition_mae": 0.22927008690301756
    },
    {
      "condition_mean_mae": 0.08084461217005287,
      "condition_median_mae": 0.06479226571044719,
      "feature_group": "F2_state_exposure",
      "heldout_fold": 1,
      "mae": 0.055847421090026377,
      "model_level": "L3_quantile_hist_gradient_boosting",
      "pinball_loss_q10": 0.01616492747447622,
      "pinball_loss_q50": 0.027923710545013188,
      "pinball_loss_q90": 0.013913824197123663,
      "q10_q90_interval_coverage": 0.8797709923664122,
      "q10_q90_interval_width_mean": 0.19843732400169276,
      "rmse": 0.09811851548332279,
      "run_scope": "sensitivity_excluding_monotonicity",
      "split_name": "profile_holdout_fold",
      "subset_name": "baseline_clean_tolerant",
      "target": "capacity_Ah_k1",
      "test_cells": 36,
      "test_parameter_sets": 12,
      "test_rows": 524,
      "train_parameter_sets": 64,
      "train_rows": 2249,
      "worst_condition_mae": 0.24349964248605893
    }
  ],
  "model_level": "L3_quantile_hist_gradient_boosting",
  "primary_summary": {
    "condition_mean_mae": 0.07207435326103713,
    "condition_median_mae": 0.05930489748837715,
    "fold_count": 1,
    "mean_mae": 0.051544616205089926,
    "mean_rmse": 0.09186651394843534,
    "worst_condition_mae": 0.22927008690301756
  },
  "row_counts": {
    "baseline_clean_strict_rows": 2773,
    "baseline_clean_tolerant_rows": 3827,
    "full_interval_rows": 3827,
    "selected_cells": 228,
    "selected_parameter_sets": 76,
    "selected_subset_rows": 3827,
    "sensitivity_excluding_monotonicity_rows": 2773,
    "sensitivity_flagged_monotonicity_rows": 1054
  },
  "schema_version": "gate5.capacity_baseline.v1",
  "sensitivity_excluding_monotonicity_summary": {
    "condition_mean_mae": 0.08084461217005287,
    "condition_median_mae": 0.06479226571044719,
    "fold_count": 1,
    "mean_mae": 0.055847421090026377,
    "mean_rmse": 0.09811851548332279,
    "worst_condition_mae": 0.24349964248605893
  },
  "split_name": "profile_holdout_fold",
  "target": "capacity_Ah_k1"
}
