{
  "feature_group": "F4_state_log_age_scalar",
  "fold_metrics": [
    {
      "condition_mean_mae": 0.12425650294539223,
      "condition_median_mae": 0.07208148781499885,
      "feature_group": "F4_state_log_age_scalar",
      "heldout_fold": 1,
      "mae": 0.06490746014031086,
      "model_level": "L3_quantile_hist_gradient_boosting",
      "pinball_loss_q10": 0.019162992041287942,
      "pinball_loss_q50": 0.03245373007015543,
      "pinball_loss_q90": 0.019954988108488766,
      "q10_q90_interval_coverage": 0.8769911504424779,
      "q10_q90_interval_width_mean": 0.3098202366427755,
      "rmse": 0.11412202773405639,
      "run_scope": "primary",
      "split_name": "voltage_window_holdout_fold",
      "subset_name": "baseline_clean_tolerant",
      "target": "capacity_Ah_k1",
      "test_cells": 84,
      "test_parameter_sets": 28,
      "test_rows": 1130,
      "train_parameter_sets": 48,
      "train_rows": 2697,
      "worst_condition_mae": 0.4191854168842489
    },
    {
      "condition_mean_mae": 0.10995816613861349,
      "condition_median_mae": 0.10425522102809723,
      "feature_group": "F4_state_log_age_scalar",
      "heldout_fold": 2,
      "mae": 0.07239569621640432,
      "model_level": "L3_quantile_hist_gradient_boosting",
      "pinball_loss_q10": 0.021306432069649422,
      "pinball_loss_q50": 0.03619784810820216,
      "pinball_loss_q90": 0.01941415528737223,
      "q10_q90_interval_coverage": 0.7724288840262582,
      "q10_q90_interval_width_mean": 0.2592095854649394,
      "rmse": 0.11351622025814961,
      "run_scope": "primary",
      "split_name": "voltage_window_holdout_fold",
      "subset_name": "baseline_clean_tolerant",
      "target": "capacity_Ah_k1",
      "test_cells": 96,
      "test_parameter_sets": 32,
      "test_rows": 1371,
      "train_parameter_sets": 44,
      "train_rows": 2456,
      "worst_condition_mae": 0.287468943742677
    },
    {
      "condition_mean_mae": 0.10388390776484124,
      "condition_median_mae": 0.10637966396379246,
      "feature_group": "F4_state_log_age_scalar",
      "heldout_fold": 3,
      "mae": 0.10386390028357312,
      "model_level": "L3_quantile_hist_gradient_boosting",
      "pinball_loss_q10": 0.031635494622789695,
      "pinball_loss_q50": 0.05193195014178656,
      "pinball_loss_q90": 0.04827611115687127,
      "q10_q90_interval_coverage": 0.0022624434389140274,
      "q10_q90_interval_width_mean": 0.26272948159097886,
      "rmse": 0.12616419430661097,
      "run_scope": "primary",
      "split_name": "voltage_window_holdout_fold",
      "subset_name": "baseline_clean_tolerant",
      "target": "capacity_Ah_k1",
      "test_cells": 48,
      "test_parameter_sets": 16,
      "test_rows": 1326,
      "train_parameter_sets": 60,
      "train_rows": 2501,
      "worst_condition_mae": 0.13398864833776414
    },
    {
      "condition_mean_mae": 0.1342263549772212,
      "condition_median_mae": 0.07861677460849721,
      "feature_group": "F4_state_log_age_scalar",
      "heldout_fold": 1,
      "mae": 0.0774932922749179,
      "model_level": "L3_quantile_hist_gradient_boosting",
      "pinball_loss_q10": 0.023116127231748,
      "pinball_loss_q50": 0.03874664613745895,
      "pinball_loss_q90": 0.015830647606460923,
      "q10_q90_interval_coverage": 0.850546780072904,
      "q10_q90_interval_width_mean": 0.27468749901792855,
      "rmse": 0.12493768464604248,
      "run_scope": "sensitivity_excluding_monotonicity",
      "split_name": "voltage_window_holdout_fold",
      "subset_name": "baseline_clean_tolerant",
      "target": "capacity_Ah_k1",
      "test_cells": 84,
      "test_parameter_sets": 28,
      "test_rows": 823,
      "train_parameter_sets": 48,
      "train_rows": 1950,
      "worst_condition_mae": 0.4192699242439735
    },
    {
      "condition_mean_mae": 0.10792957268343477,
      "condition_median_mae": 0.10705347069481545,
      "feature_group": "F4_state_log_age_scalar",
      "heldout_fold": 2,
      "mae": 0.0678466330111895,
      "model_level": "L3_quantile_hist_gradient_boosting",
      "pinball_loss_q10": 0.0198232466870504,
      "pinball_loss_q50": 0.03392331650559475,
      "pinball_loss_q90": 0.015559994213863865,
      "q10_q90_interval_coverage": 0.65,
      "q10_q90_interval_width_mean": 0.2013827355832494,
      "rmse": 0.11617408772282636,
      "run_scope": "sensitivity_excluding_monotonicity",
      "split_name": "voltage_window_holdout_fold",
      "subset_name": "baseline_clean_tolerant",
      "target": "capacity_Ah_k1",
      "test_cells": 95,
      "test_parameter_sets": 32,
      "test_rows": 1060,
      "train_parameter_sets": 44,
      "train_rows": 1713,
      "worst_condition_mae": 0.28156101813755113
    },
    {
      "condition_mean_mae": 0.10104552256252843,
      "condition_median_mae": 0.10093005189216533,
      "feature_group": "F4_state_log_age_scalar",
      "heldout_fold": 3,
      "mae": 0.09921480212333571,
      "model_level": "L3_quantile_hist_gradient_boosting",
      "pinball_loss_q10": 0.03475252278939715,
      "pinball_loss_q50": 0.049607401061667854,
      "pinball_loss_q90": 0.04672642728616053,
      "q10_q90_interval_coverage": 0.03258426966292135,
      "q10_q90_interval_width_mean": 0.2965637685774865,
      "rmse": 0.10399367641912126,
      "run_scope": "sensitivity_excluding_monotonicity",
      "split_name": "voltage_window_holdout_fold",
      "subset_name": "baseline_clean_tolerant",
      "target": "capacity_Ah_k1",
      "test_cells": 48,
      "test_parameter_sets": 16,
      "test_rows": 890,
      "train_parameter_sets": 60,
      "train_rows": 1883,
      "worst_condition_mae": 0.13399555781640093
    }
  ],
  "model_level": "L3_quantile_hist_gradient_boosting",
  "primary_summary": {
    "condition_mean_mae": 0.11269952561628233,
    "condition_median_mae": 0.09423879093562952,
    "fold_count": 3,
    "mean_mae": 0.0803890188800961,
    "mean_rmse": 0.117934147432939,
    "worst_condition_mae": 0.4191854168842489
  },
  "row_counts": {
    "baseline_clean_strict_rows": 2773,
    "baseline_clean_tolerant_rows": 3827,
    "full_interval_rows": 3827,
    "selected_cells": 228,
    "selected_parameter_sets": 76,
    "selected_subset_rows": 3827,
    "sensitivity_excluding_monotonicity_rows": 2773,
    "sensitivity_flagged_monotonicity_rows": 1054
  },
  "schema_version": "gate5.capacity_baseline.v1",
  "sensitivity_excluding_monotonicity_summary": {
    "condition_mean_mae": 0.11440048340772813,
    "condition_median_mae": 0.09553343239849266,
    "fold_count": 3,
    "mean_mae": 0.08151824246981437,
    "mean_rmse": 0.1150351495959967,
    "worst_condition_mae": 0.4192699242439735
  },
  "split_name": "voltage_window_holdout_fold",
  "target": "capacity_Ah_k1"
}
