{
  "feature_group": "F2_state_exposure",
  "fold_metrics": [
    {
      "condition_mean_mae": 0.13202352804647197,
      "condition_median_mae": 0.07454208718796673,
      "feature_group": "F2_state_exposure",
      "heldout_fold": 1,
      "mae": 0.06491645203744277,
      "model_level": "L3_quantile_hist_gradient_boosting",
      "pinball_loss_q10": 0.020767988038972562,
      "pinball_loss_q50": 0.032458226018721385,
      "pinball_loss_q90": 0.020489852100130355,
      "q10_q90_interval_coverage": 0.9026548672566371,
      "q10_q90_interval_width_mean": 0.35177984720684596,
      "rmse": 0.11731521878916186,
      "run_scope": "primary",
      "split_name": "voltage_window_holdout_fold",
      "subset_name": "baseline_clean_tolerant",
      "target": "capacity_Ah_k1",
      "test_cells": 84,
      "test_parameter_sets": 28,
      "test_rows": 1130,
      "train_parameter_sets": 48,
      "train_rows": 2697,
      "worst_condition_mae": 0.47454966298435863
    },
    {
      "condition_mean_mae": 0.10447377783045808,
      "condition_median_mae": 0.0892753991238524,
      "feature_group": "F2_state_exposure",
      "heldout_fold": 2,
      "mae": 0.05640414464912826,
      "model_level": "L3_quantile_hist_gradient_boosting",
      "pinball_loss_q10": 0.02355553061845414,
      "pinball_loss_q50": 0.02820207232456413,
      "pinball_loss_q90": 0.01956236945378315,
      "q10_q90_interval_coverage": 0.7855579868708972,
      "q10_q90_interval_width_mean": 0.24988217389959477,
      "rmse": 0.11558834888404579,
      "run_scope": "primary",
      "split_name": "voltage_window_holdout_fold",
      "subset_name": "baseline_clean_tolerant",
      "target": "capacity_Ah_k1",
      "test_cells": 96,
      "test_parameter_sets": 32,
      "test_rows": 1371,
      "train_parameter_sets": 44,
      "train_rows": 2456,
      "worst_condition_mae": 0.38272590935399925
    },
    {
      "condition_mean_mae": 0.08005273919635443,
      "condition_median_mae": 0.08257664064493658,
      "feature_group": "F2_state_exposure",
      "heldout_fold": 3,
      "mae": 0.07985237468205462,
      "model_level": "L3_quantile_hist_gradient_boosting",
      "pinball_loss_q10": 0.023848210699766,
      "pinball_loss_q50": 0.03992618734102731,
      "pinball_loss_q90": 0.15797046177342602,
      "q10_q90_interval_coverage": 0.006787330316742082,
      "q10_q90_interval_width_mean": 0.060995950429926345,
      "rmse": 0.10570180701129318,
      "run_scope": "primary",
      "split_name": "voltage_window_holdout_fold",
      "subset_name": "baseline_clean_tolerant",
      "target": "capacity_Ah_k1",
      "test_cells": 48,
      "test_parameter_sets": 16,
      "test_rows": 1326,
      "train_parameter_sets": 60,
      "train_rows": 2501,
      "worst_condition_mae": 0.12036224146084085
    },
    {
      "condition_mean_mae": 0.1293905224464385,
      "condition_median_mae": 0.0833907064742037,
      "feature_group": "F2_state_exposure",
      "heldout_fold": 1,
      "mae": 0.06781512603583399,
      "model_level": "L3_quantile_hist_gradient_boosting",
      "pinball_loss_q10": 0.0204608526351711,
      "pinball_loss_q50": 0.033907563017916996,
      "pinball_loss_q90": 0.01633300439740275,
      "q10_q90_interval_coverage": 0.8991494532199271,
      "q10_q90_interval_width_mean": 0.281587569614049,
      "rmse": 0.11897676755297765,
      "run_scope": "sensitivity_excluding_monotonicity",
      "split_name": "voltage_window_holdout_fold",
      "subset_name": "baseline_clean_tolerant",
      "target": "capacity_Ah_k1",
      "test_cells": 84,
      "test_parameter_sets": 28,
      "test_rows": 823,
      "train_parameter_sets": 48,
      "train_rows": 1950,
      "worst_condition_mae": 0.4303574209064506
    },
    {
      "condition_mean_mae": 0.09928839088483261,
      "condition_median_mae": 0.07981328383398836,
      "feature_group": "F2_state_exposure",
      "heldout_fold": 2,
      "mae": 0.053750373215241176,
      "model_level": "L3_quantile_hist_gradient_boosting",
      "pinball_loss_q10": 0.02434278723514966,
      "pinball_loss_q50": 0.026875186607620588,
      "pinball_loss_q90": 0.01704557824615795,
      "q10_q90_interval_coverage": 0.530188679245283,
      "q10_q90_interval_width_mean": 0.18847181638462318,
      "rmse": 0.11156375302905838,
      "run_scope": "sensitivity_excluding_monotonicity",
      "split_name": "voltage_window_holdout_fold",
      "subset_name": "baseline_clean_tolerant",
      "target": "capacity_Ah_k1",
      "test_cells": 95,
      "test_parameter_sets": 32,
      "test_rows": 1060,
      "train_parameter_sets": 44,
      "train_rows": 1713,
      "worst_condition_mae": 0.3141807095969989
    },
    {
      "condition_mean_mae": 0.07212860599019053,
      "condition_median_mae": 0.06545978428707577,
      "feature_group": "F2_state_exposure",
      "heldout_fold": 3,
      "mae": 0.07214695162057541,
      "model_level": "L3_quantile_hist_gradient_boosting",
      "pinball_loss_q10": 0.021222685602629486,
      "pinball_loss_q50": 0.036073475810287706,
      "pinball_loss_q90": 0.019578039113124928,
      "q10_q90_interval_coverage": 0.09325842696629214,
      "q10_q90_interval_width_mean": 0.19140640928942193,
      "rmse": 0.08607829855038922,
      "run_scope": "sensitivity_excluding_monotonicity",
      "split_name": "voltage_window_holdout_fold",
      "subset_name": "baseline_clean_tolerant",
      "target": "capacity_Ah_k1",
      "test_cells": 48,
      "test_parameter_sets": 16,
      "test_rows": 890,
      "train_parameter_sets": 60,
      "train_rows": 1883,
      "worst_condition_mae": 0.12357015779670863
    }
  ],
  "model_level": "L3_quantile_hist_gradient_boosting",
  "primary_summary": {
    "condition_mean_mae": 0.10551668169109484,
    "condition_median_mae": 0.08213137565225191,
    "fold_count": 3,
    "mean_mae": 0.06705765712287522,
    "mean_rmse": 0.11286845822816693,
    "worst_condition_mae": 0.47454966298435863
  },
  "row_counts": {
    "baseline_clean_strict_rows": 2773,
    "baseline_clean_tolerant_rows": 3827,
    "full_interval_rows": 3827,
    "selected_cells": 228,
    "selected_parameter_sets": 76,
    "selected_subset_rows": 3827,
    "sensitivity_excluding_monotonicity_rows": 2773,
    "sensitivity_flagged_monotonicity_rows": 1054
  },
  "schema_version": "gate5.capacity_baseline.v1",
  "sensitivity_excluding_monotonicity_summary": {
    "condition_mean_mae": 0.10026917310715389,
    "condition_median_mae": 0.07622125819842261,
    "fold_count": 3,
    "mean_mae": 0.06457081695721685,
    "mean_rmse": 0.10553960637747507,
    "worst_condition_mae": 0.4303574209064506
  },
  "split_name": "voltage_window_holdout_fold",
  "target": "capacity_Ah_k1"
}
