{
  "feature_group": "F3_state_nominal",
  "fold_metrics": [
    {
      "condition_mean_mae": 0.1001511341541579,
      "condition_median_mae": 0.0745060967791791,
      "feature_group": "F3_state_nominal",
      "heldout_fold": 1,
      "mae": 0.03704593652428067,
      "model_level": "L3_quantile_hist_gradient_boosting",
      "pinball_loss_q10": 0.020195015904594788,
      "pinball_loss_q50": 0.018522968262140335,
      "pinball_loss_q90": 0.011700766496851873,
      "q10_q90_interval_coverage": 0.784366576819407,
      "q10_q90_interval_width_mean": 0.15470513646807302,
      "rmse": 0.11154484472126763,
      "run_scope": "primary",
      "split_name": "temperature_holdout_fold",
      "subset_name": "baseline_clean_tolerant",
      "target": "capacity_Ah_k1",
      "test_cells": 57,
      "test_parameter_sets": 19,
      "test_rows": 742,
      "train_parameter_sets": 57,
      "train_rows": 3085,
      "worst_condition_mae": 0.3476705690982702
    },
    {
      "condition_mean_mae": 0.06157970445084289,
      "condition_median_mae": 0.03889307968504892,
      "feature_group": "F3_state_nominal",
      "heldout_fold": 2,
      "mae": 0.03611417836652059,
      "model_level": "L3_quantile_hist_gradient_boosting",
      "pinball_loss_q10": 0.016919299249304194,
      "pinball_loss_q50": 0.018057089183260294,
      "pinball_loss_q90": 0.01278533828618063,
      "q10_q90_interval_coverage": 0.8509433962264151,
      "q10_q90_interval_width_mean": 0.17060000378959936,
      "rmse": 0.1046805090511427,
      "run_scope": "primary",
      "split_name": "temperature_holdout_fold",
      "subset_name": "baseline_clean_tolerant",
      "target": "capacity_Ah_k1",
      "test_cells": 57,
      "test_parameter_sets": 19,
      "test_rows": 1060,
      "train_parameter_sets": 57,
      "train_rows": 2767,
      "worst_condition_mae": 0.19692102225848518
    },
    {
      "condition_mean_mae": 0.11093593206746799,
      "condition_median_mae": 0.08642481001634147,
      "feature_group": "F3_state_nominal",
      "heldout_fold": 1,
      "mae": 0.04385870464554717,
      "model_level": "L3_quantile_hist_gradient_boosting",
      "pinball_loss_q10": 0.023595787497465128,
      "pinball_loss_q50": 0.021929352322773585,
      "pinball_loss_q90": 0.012199020622248298,
      "q10_q90_interval_coverage": 0.7615062761506276,
      "q10_q90_interval_width_mean": 0.1635270153821595,
      "rmse": 0.12153479245300262,
      "run_scope": "sensitivity_excluding_monotonicity",
      "split_name": "temperature_holdout_fold",
      "subset_name": "baseline_clean_tolerant",
      "target": "capacity_Ah_k1",
      "test_cells": 56,
      "test_parameter_sets": 19,
      "test_rows": 478,
      "train_parameter_sets": 57,
      "train_rows": 2295,
      "worst_condition_mae": 0.38760354390406077
    },
    {
      "condition_mean_mae": 0.06982474323823441,
      "condition_median_mae": 0.04235566980810569,
      "feature_group": "F3_state_nominal",
      "heldout_fold": 2,
      "mae": 0.03824997398545528,
      "model_level": "L3_quantile_hist_gradient_boosting",
      "pinball_loss_q10": 0.018667092610840184,
      "pinball_loss_q50": 0.01912498699272764,
      "pinball_loss_q90": 0.010155514396859786,
      "q10_q90_interval_coverage": 0.8482142857142857,
      "q10_q90_interval_width_mean": 0.14072249668561823,
      "rmse": 0.11424505595402931,
      "run_scope": "sensitivity_excluding_monotonicity",
      "split_name": "temperature_holdout_fold",
      "subset_name": "baseline_clean_tolerant",
      "target": "capacity_Ah_k1",
      "test_cells": 57,
      "test_parameter_sets": 19,
      "test_rows": 784,
      "train_parameter_sets": 57,
      "train_rows": 1989,
      "worst_condition_mae": 0.23009298908115153
    }
  ],
  "model_level": "L3_quantile_hist_gradient_boosting",
  "primary_summary": {
    "condition_mean_mae": 0.0808654193025004,
    "condition_median_mae": 0.05669958823211401,
    "fold_count": 2,
    "mean_mae": 0.03658005744540063,
    "mean_rmse": 0.10811267688620517,
    "worst_condition_mae": 0.3476705690982702
  },
  "row_counts": {
    "baseline_clean_strict_rows": 2773,
    "baseline_clean_tolerant_rows": 3827,
    "full_interval_rows": 3827,
    "selected_cells": 228,
    "selected_parameter_sets": 76,
    "selected_subset_rows": 3827,
    "sensitivity_excluding_monotonicity_rows": 2773,
    "sensitivity_flagged_monotonicity_rows": 1054
  },
  "schema_version": "gate5.capacity_baseline.v1",
  "sensitivity_excluding_monotonicity_summary": {
    "condition_mean_mae": 0.0903803376528512,
    "condition_median_mae": 0.06439023991222359,
    "fold_count": 2,
    "mean_mae": 0.041054339315501225,
    "mean_rmse": 0.11788992420351596,
    "worst_condition_mae": 0.38760354390406077
  },
  "split_name": "temperature_holdout_fold",
  "target": "capacity_Ah_k1"
}
