{
  "feature_group": "F4_state_log_age_scalar",
  "fold_metrics": [
    {
      "condition_mean_mae": 0.04939575572309951,
      "condition_median_mae": 0.035994727645417876,
      "feature_group": "F4_state_log_age_scalar",
      "heldout_fold": 0,
      "mae": 0.027922456915426393,
      "model_level": "L3_quantile_hist_gradient_boosting",
      "pinball_loss_q10": 0.008730214040376836,
      "pinball_loss_q50": 0.013961228457713196,
      "pinball_loss_q90": 0.014205212773069563,
      "q10_q90_interval_coverage": 0.8708530805687204,
      "q10_q90_interval_width_mean": 0.19020460143922785,
      "rmse": 0.06926989607065814,
      "run_scope": "primary",
      "split_name": "condition_fold",
      "subset_name": "baseline_clean_tolerant",
      "target": "capacity_Ah_k1",
      "test_cells": 48,
      "test_parameter_sets": 16,
      "test_rows": 844,
      "train_parameter_sets": 60,
      "train_rows": 2983,
      "worst_condition_mae": 0.1660722514276639
    },
    {
      "condition_mean_mae": 0.049527449489846026,
      "condition_median_mae": 0.03295754220025763,
      "feature_group": "F4_state_log_age_scalar",
      "heldout_fold": 1,
      "mae": 0.02637020225398916,
      "model_level": "L3_quantile_hist_gradient_boosting",
      "pinball_loss_q10": 0.013373535237576707,
      "pinball_loss_q50": 0.01318510112699458,
      "pinball_loss_q90": 0.00782017951511497,
      "q10_q90_interval_coverage": 0.8346820809248555,
      "q10_q90_interval_width_mean": 0.15520633553844507,
      "rmse": 0.08283058915785166,
      "run_scope": "primary",
      "split_name": "condition_fold",
      "subset_name": "baseline_clean_tolerant",
      "target": "capacity_Ah_k1",
      "test_cells": 45,
      "test_parameter_sets": 15,
      "test_rows": 865,
      "train_parameter_sets": 61,
      "train_rows": 2962,
      "worst_condition_mae": 0.18561871347328238
    },
    {
      "condition_mean_mae": 0.046501837593014635,
      "condition_median_mae": 0.02932005567395331,
      "feature_group": "F4_state_log_age_scalar",
      "heldout_fold": 2,
      "mae": 0.02227514829888557,
      "model_level": "L3_quantile_hist_gradient_boosting",
      "pinball_loss_q10": 0.012900181234548058,
      "pinball_loss_q50": 0.011137574149442785,
      "pinball_loss_q90": 0.00735788931711611,
      "q10_q90_interval_coverage": 0.7746636771300448,
      "q10_q90_interval_width_mean": 0.16327952661363757,
      "rmse": 0.05702069180937609,
      "run_scope": "primary",
      "split_name": "condition_fold",
      "subset_name": "baseline_clean_tolerant",
      "target": "capacity_Ah_k1",
      "test_cells": 45,
      "test_parameter_sets": 15,
      "test_rows": 892,
      "train_parameter_sets": 61,
      "train_rows": 2935,
      "worst_condition_mae": 0.25119336053502367
    },
    {
      "condition_mean_mae": 0.10787685967128517,
      "condition_median_mae": 0.104116357459735,
      "feature_group": "F4_state_log_age_scalar",
      "heldout_fold": 3,
      "mae": 0.049644348516683146,
      "model_level": "L3_quantile_hist_gradient_boosting",
      "pinball_loss_q10": 0.015926339853481693,
      "pinball_loss_q50": 0.024822174258341573,
      "pinball_loss_q90": 0.01274038511997135,
      "q10_q90_interval_coverage": 0.8388998035363457,
      "q10_q90_interval_width_mean": 0.18265015069946272,
      "rmse": 0.13431488712960846,
      "run_scope": "primary",
      "split_name": "condition_fold",
      "subset_name": "baseline_clean_tolerant",
      "target": "capacity_Ah_k1",
      "test_cells": 45,
      "test_parameter_sets": 15,
      "test_rows": 509,
      "train_parameter_sets": 61,
      "train_rows": 3318,
      "worst_condition_mae": 0.37599741355529953
    },
    {
      "condition_mean_mae": 0.08236058631612807,
      "condition_median_mae": 0.037266622237934276,
      "feature_group": "F4_state_log_age_scalar",
      "heldout_fold": 4,
      "mae": 0.03270525474340881,
      "model_level": "L3_quantile_hist_gradient_boosting",
      "pinball_loss_q10": 0.012239896376270631,
      "pinball_loss_q50": 0.016352627371704405,
      "pinball_loss_q90": 0.009070187332814275,
      "q10_q90_interval_coverage": 0.8800557880055788,
      "q10_q90_interval_width_mean": 0.15368829668477366,
      "rmse": 0.09680298552343956,
      "run_scope": "primary",
      "split_name": "condition_fold",
      "subset_name": "baseline_clean_tolerant",
      "target": "capacity_Ah_k1",
      "test_cells": 45,
      "test_parameter_sets": 15,
      "test_rows": 717,
      "train_parameter_sets": 61,
      "train_rows": 3110,
      "worst_condition_mae": 0.30511750546742994
    },
    {
      "condition_mean_mae": 0.06093137298281898,
      "condition_median_mae": 0.043458076605270776,
      "feature_group": "F4_state_log_age_scalar",
      "heldout_fold": 0,
      "mae": 0.031164200511544442,
      "model_level": "L3_quantile_hist_gradient_boosting",
      "pinball_loss_q10": 0.009274063487304187,
      "pinball_loss_q50": 0.015582100255772221,
      "pinball_loss_q90": 0.011245560747115945,
      "q10_q90_interval_coverage": 0.8612903225806452,
      "q10_q90_interval_width_mean": 0.14636638518430478,
      "rmse": 0.07785065730613168,
      "run_scope": "sensitivity_excluding_monotonicity",
      "split_name": "condition_fold",
      "subset_name": "baseline_clean_tolerant",
      "target": "capacity_Ah_k1",
      "test_cells": 48,
      "test_parameter_sets": 16,
      "test_rows": 620,
      "train_parameter_sets": 60,
      "train_rows": 2153,
      "worst_condition_mae": 0.21127894528965432
    },
    {
      "condition_mean_mae": 0.05285236265390334,
      "condition_median_mae": 0.025902808571252503,
      "feature_group": "F4_state_log_age_scalar",
      "heldout_fold": 1,
      "mae": 0.024720054557719005,
      "model_level": "L3_quantile_hist_gradient_boosting",
      "pinball_loss_q10": 0.011642094186224052,
      "pinball_loss_q50": 0.012360027278859502,
      "pinball_loss_q90": 0.00679823806296202,
      "q10_q90_interval_coverage": 0.775,
      "q10_q90_interval_width_mean": 0.12541273568045685,
      "rmse": 0.07895613385082956,
      "run_scope": "sensitivity_excluding_monotonicity",
      "split_name": "condition_fold",
      "subset_name": "baseline_clean_tolerant",
      "target": "capacity_Ah_k1",
      "test_cells": 45,
      "test_parameter_sets": 15,
      "test_rows": 640,
      "train_parameter_sets": 61,
      "train_rows": 2133,
      "worst_condition_mae": 0.22205492413063654
    },
    {
      "condition_mean_mae": 0.049911002601723854,
      "condition_median_mae": 0.02290392519313084,
      "feature_group": "F4_state_log_age_scalar",
      "heldout_fold": 2,
      "mae": 0.024259461574673756,
      "model_level": "L3_quantile_hist_gradient_boosting",
      "pinball_loss_q10": 0.012287413680339964,
      "pinball_loss_q50": 0.012129730787336878,
      "pinball_loss_q90": 0.0055592118766905245,
      "q10_q90_interval_coverage": 0.7849293563579278,
      "q10_q90_interval_width_mean": 0.1296631312025553,
      "rmse": 0.0656990487352233,
      "run_scope": "sensitivity_excluding_monotonicity",
      "split_name": "condition_fold",
      "subset_name": "baseline_clean_tolerant",
      "target": "capacity_Ah_k1",
      "test_cells": 45,
      "test_parameter_sets": 15,
      "test_rows": 637,
      "train_parameter_sets": 61,
      "train_rows": 2136,
      "worst_condition_mae": 0.25043397188000627
    },
    {
      "condition_mean_mae": 0.09910726605256386,
      "condition_median_mae": 0.06981408070461893,
      "feature_group": "F4_state_log_age_scalar",
      "heldout_fold": 3,
      "mae": 0.05054539084191993,
      "model_level": "L3_quantile_hist_gradient_boosting",
      "pinball_loss_q10": 0.01673329446622791,
      "pinball_loss_q50": 0.025272695420959966,
      "pinball_loss_q90": 0.013633161711100428,
      "q10_q90_interval_coverage": 0.8429319371727748,
      "q10_q90_interval_width_mean": 0.18803361940451357,