{
  "feature_group": "F1_state_time",
  "fold_metrics": [
    {
      "condition_mean_mae": 0.09861913725120504,
      "condition_median_mae": 0.06475972829354379,
      "feature_group": "F1_state_time",
      "heldout_fold": 1,
      "mae": 0.03724967596622129,
      "model_level": "L3_quantile_hist_gradient_boosting",
      "pinball_loss_q10": 0.015034206688445666,
      "pinball_loss_q50": 0.018624837983110647,
      "pinball_loss_q90": 0.0067245299394399554,
      "q10_q90_interval_coverage": 0.7088948787061995,
      "q10_q90_interval_width_mean": 0.08052730920830721,
      "rmse": 0.09969245087779309,
      "run_scope": "primary",
      "split_name": "temperature_holdout_fold",
      "subset_name": "baseline_clean_tolerant",
      "target": "delta_capacity_Ah",
      "test_cells": 57,
      "test_parameter_sets": 19,
      "test_rows": 742,
      "train_parameter_sets": 57,
      "train_rows": 3085,
      "worst_condition_mae": 0.34690650490452785
    },
    {
      "condition_mean_mae": 0.05740359443401662,
      "condition_median_mae": 0.03693490508849688,
      "feature_group": "F1_state_time",
      "heldout_fold": 2,
      "mae": 0.032880530473012134,
      "model_level": "L3_quantile_hist_gradient_boosting",
      "pinball_loss_q10": 0.014722906493737494,
      "pinball_loss_q50": 0.016440265236506067,
      "pinball_loss_q90": 0.004751390341296878,
      "q10_q90_interval_coverage": 0.7622641509433963,
      "q10_q90_interval_width_mean": 0.07058798996668476,
      "rmse": 0.09785326344103623,
      "run_scope": "primary",
      "split_name": "temperature_holdout_fold",
      "subset_name": "baseline_clean_tolerant",
      "target": "delta_capacity_Ah",
      "test_cells": 57,
      "test_parameter_sets": 19,
      "test_rows": 1060,
      "train_parameter_sets": 57,
      "train_rows": 2767,
      "worst_condition_mae": 0.18893619204816228
    },
    {
      "condition_mean_mae": 0.0950263630741179,
      "condition_median_mae": 0.0669100774656677,
      "feature_group": "F1_state_time",
      "heldout_fold": 1,
      "mae": 0.04131702809427652,
      "model_level": "L3_quantile_hist_gradient_boosting",
      "pinball_loss_q10": 0.016557082997039976,
      "pinball_loss_q50": 0.02065851404713826,
      "pinball_loss_q90": 0.007895467949290382,
      "q10_q90_interval_coverage": 0.6924686192468619,
      "q10_q90_interval_width_mean": 0.09142321093829887,
      "rmse": 0.1070401046961133,
      "run_scope": "sensitivity_excluding_monotonicity",
      "split_name": "temperature_holdout_fold",
      "subset_name": "baseline_clean_tolerant",
      "target": "delta_capacity_Ah",
      "test_cells": 56,
      "test_parameter_sets": 19,
      "test_rows": 478,
      "train_parameter_sets": 57,
      "train_rows": 2295,
      "worst_condition_mae": 0.3607790111910149
    },
    {
      "condition_mean_mae": 0.059168258825500496,
      "condition_median_mae": 0.036224144659632446,
      "feature_group": "F1_state_time",
      "heldout_fold": 2,
      "mae": 0.03306292583288944,
      "model_level": "L3_quantile_hist_gradient_boosting",
      "pinball_loss_q10": 0.01637633845930667,
      "pinball_loss_q50": 0.01653146291644472,
      "pinball_loss_q90": 0.005059129644660776,
      "q10_q90_interval_coverage": 0.7436224489795918,
      "q10_q90_interval_width_mean": 0.06997653288242585,
      "rmse": 0.10000805201452724,
      "run_scope": "sensitivity_excluding_monotonicity",
      "split_name": "temperature_holdout_fold",
      "subset_name": "baseline_clean_tolerant",
      "target": "delta_capacity_Ah",
      "test_cells": 57,
      "test_parameter_sets": 19,
      "test_rows": 784,
      "train_parameter_sets": 57,
      "train_rows": 1989,
      "worst_condition_mae": 0.1869504526519486
    }
  ],
  "model_level": "L3_quantile_hist_gradient_boosting",
  "primary_summary": {
    "condition_mean_mae": 0.07801136584261083,
    "condition_median_mae": 0.050847316691020335,
    "fold_count": 2,
    "mean_mae": 0.035065103219616714,
    "mean_rmse": 0.09877285715941467,
    "worst_condition_mae": 0.34690650490452785
  },
  "row_counts": {
    "baseline_clean_strict_rows": 2773,
    "baseline_clean_tolerant_rows": 3827,
    "full_interval_rows": 3827,
    "selected_cells": 228,
    "selected_parameter_sets": 76,
    "selected_subset_rows": 3827,
    "sensitivity_excluding_monotonicity_rows": 2773,
    "sensitivity_flagged_monotonicity_rows": 1054
  },
  "schema_version": "gate5.capacity_baseline.v1",
  "sensitivity_excluding_monotonicity_summary": {
    "condition_mean_mae": 0.07709731094980919,
    "condition_median_mae": 0.05156711106265007,
    "fold_count": 2,
    "mean_mae": 0.03718997696358298,
    "mean_rmse": 0.10352407835532026,
    "worst_condition_mae": 0.3607790111910149
  },
  "split_name": "temperature_holdout_fold",
  "target": "delta_capacity_Ah"
}
