{
  "feature_group": "F3_state_nominal",
  "fold_metrics": [
    {
      "condition_mean_mae": 0.048227948786572,
      "condition_median_mae": 0.03789385919070986,
      "feature_group": "F3_state_nominal",
      "heldout_fold": 0,
      "mae": 0.025824478147221188,
      "model_level": "L3_quantile_hist_gradient_boosting",
      "pinball_loss_q10": 0.008607776720723152,
      "pinball_loss_q50": 0.012912239073610594,
      "pinball_loss_q90": 0.0054391508810227055,
      "q10_q90_interval_coverage": 0.6149289099526066,
      "q10_q90_interval_width_mean": 0.07157056633923034,
      "rmse": 0.06748423914793991,
      "run_scope": "primary",
      "split_name": "condition_fold",
      "subset_name": "baseline_clean_tolerant",
      "target": "delta_capacity_Ah",
      "test_cells": 48,
      "test_parameter_sets": 16,
      "test_rows": 844,
      "train_parameter_sets": 60,
      "train_rows": 2983,
      "worst_condition_mae": 0.15119994000333078
    },
    {
      "condition_mean_mae": 0.046725754813158805,
      "condition_median_mae": 0.01920759039496923,
      "feature_group": "F3_state_nominal",
      "heldout_fold": 1,
      "mae": 0.02213972330110597,
      "model_level": "L3_quantile_hist_gradient_boosting",
      "pinball_loss_q10": 0.01003729557736933,
      "pinball_loss_q50": 0.011069861650552985,
      "pinball_loss_q90": 0.003527879574132205,
      "q10_q90_interval_coverage": 0.7028901734104046,
      "q10_q90_interval_width_mean": 0.05725720646974833,
      "rmse": 0.07496582048988461,
      "run_scope": "primary",
      "split_name": "condition_fold",
      "subset_name": "baseline_clean_tolerant",
      "target": "delta_capacity_Ah",
      "test_cells": 45,
      "test_parameter_sets": 15,
      "test_rows": 865,
      "train_parameter_sets": 61,
      "train_rows": 2962,
      "worst_condition_mae": 0.18592723055316288
    },
    {
      "condition_mean_mae": 0.04555809653128425,
      "condition_median_mae": 0.020731110588157412,
      "feature_group": "F3_state_nominal",
      "heldout_fold": 2,
      "mae": 0.017790965015521208,
      "model_level": "L3_quantile_hist_gradient_boosting",
      "pinball_loss_q10": 0.006614448750541771,
      "pinball_loss_q50": 0.008895482507760604,
      "pinball_loss_q90": 0.002936847837634677,
      "q10_q90_interval_coverage": 0.7869955156950673,
      "q10_q90_interval_width_mean": 0.06209195422266253,
      "rmse": 0.05704322670563208,
      "run_scope": "primary",
      "split_name": "condition_fold",
      "subset_name": "baseline_clean_tolerant",
      "target": "delta_capacity_Ah",
      "test_cells": 45,
      "test_parameter_sets": 15,
      "test_rows": 892,
      "train_parameter_sets": 61,
      "train_rows": 2935,
      "worst_condition_mae": 0.2608612116913998
    },
    {
      "condition_mean_mae": 0.10069554456346431,
      "condition_median_mae": 0.09348301798167104,
      "feature_group": "F3_state_nominal",
      "heldout_fold": 3,
      "mae": 0.047267456909117496,
      "model_level": "L3_quantile_hist_gradient_boosting",
      "pinball_loss_q10": 0.01939895907403395,
      "pinball_loss_q50": 0.023633728454558748,
      "pinball_loss_q90": 0.007607956129713285,
      "q10_q90_interval_coverage": 0.7465618860510805,
      "q10_q90_interval_width_mean": 0.10178880165418287,
      "rmse": 0.12761550806964767,
      "run_scope": "primary",
      "split_name": "condition_fold",
      "subset_name": "baseline_clean_tolerant",
      "target": "delta_capacity_Ah",
      "test_cells": 45,
      "test_parameter_sets": 15,
      "test_rows": 509,
      "train_parameter_sets": 61,
      "train_rows": 3318,
      "worst_condition_mae": 0.3140090622284753
    },
    {
      "condition_mean_mae": 0.06340599575429147,
      "condition_median_mae": 0.03738985562610356,
      "feature_group": "F3_state_nominal",
      "heldout_fold": 4,
      "mae": 0.023432969073195215,
      "model_level": "L3_quantile_hist_gradient_boosting",
      "pinball_loss_q10": 0.00968483941548709,
      "pinball_loss_q50": 0.011716484536597608,
      "pinball_loss_q90": 0.004868168591642936,
      "q10_q90_interval_coverage": 0.6094839609483961,
      "q10_q90_interval_width_mean": 0.09349792243164597,
      "rmse": 0.0662855099752763,
      "run_scope": "primary",
      "split_name": "condition_fold",
      "subset_name": "baseline_clean_tolerant",
      "target": "delta_capacity_Ah",
      "test_cells": 45,
      "test_parameter_sets": 15,
      "test_rows": 717,
      "train_parameter_sets": 61,
      "train_rows": 3110,
      "worst_condition_mae": 0.2768801200123627
    },
    {
      "condition_mean_mae": 0.053376966710168866,
      "condition_median_mae": 0.034558213816652354,
      "feature_group": "F3_state_nominal",
      "heldout_fold": 0,
      "mae": 0.02665627256231148,
      "model_level": "L3_quantile_hist_gradient_boosting",
      "pinball_loss_q10": 0.008556502506895653,
      "pinball_loss_q50": 0.01332813628115574,
      "pinball_loss_q90": 0.005625514167541886,
      "q10_q90_interval_coverage": 0.5903225806451613,
      "q10_q90_interval_width_mean": 0.07755679095893972,
      "rmse": 0.06793163876402034,
      "run_scope": "sensitivity_excluding_monotonicity",
      "split_name": "condition_fold",
      "subset_name": "baseline_clean_tolerant",
      "target": "delta_capacity_Ah",
      "test_cells": 48,
      "test_parameter_sets": 16,
      "test_rows": 620,
      "train_parameter_sets": 60,
      "train_rows": 2153,
      "worst_condition_mae": 0.17791337262463808
    },
    {
      "condition_mean_mae": 0.046533471184463715,
      "condition_median_mae": 0.01747731754726502,
      "feature_group": "F3_state_nominal",
      "heldout_fold": 1,
      "mae": 0.022001931944032396,
      "model_level": "L3_quantile_hist_gradient_boosting",
      "pinball_loss_q10": 0.010223311839289371,
      "pinball_loss_q50": 0.011000965972016198,
      "pinball_loss_q90": 0.003421110632850949,
      "q10_q90_interval_coverage": 0.6828125,
      "q10_q90_interval_width_mean": 0.055210956964677316,
      "rmse": 0.07422939150368617,
      "run_scope": "sensitivity_excluding_monotonicity",
      "split_name": "condition_fold",
      "subset_name": "baseline_clean_tolerant",
      "target": "delta_capacity_Ah",
      "test_cells": 45,
      "test_parameter_sets": 15,
      "test_rows": 640,
      "train_parameter_sets": 61,
      "train_rows": 2133,
      "worst_condition_mae": 0.18372372622502933
    },
    {
      "condition_mean_mae": 0.04346344300155048,
      "condition_median_mae": 0.021400618908438543,
      "feature_group": "F3_state_nominal",
      "heldout_fold": 2,
      "mae": 0.017175278196173913,
      "model_level": "L3_quantile_hist_gradient_boosting",
      "pinball_loss_q10": 0.007209352698585619,
      "pinball_loss_q50": 0.008587639098086956,
      "pinball_loss_q90": 0.0029913008213767927,
      "q10_q90_interval_coverage": 0.7268445839874411,
      "q10_q90_interval_width_mean": 0.06176367657797771,
      "rmse": 0.06085877795515948,
      "run_scope": "sensitivity_excluding_monotonicity",
      "split_name": "condition_fold",
      "subset_name": "baseline_clean_tolerant",
      "target": "delta_capacity_Ah",
      "test_cells": 45,
      "test_parameter_sets": 15,
      "test_rows": 637,
      "train_parameter_sets": 61,
      "train_rows": 2136,
      "worst_condition_mae": 0.2322639946371284
    },
    {
      "condition_mean_mae": 0.09783320922912057,
      "condition_median_mae": 0.0642852791474331,
      "feature_group": "F3_state_nominal",
      "heldout_fold": 3,
      "mae": 0.04708223263225045,
      "model_level": "L3_quantile_hist_gradient_boosting",
      "pinball_loss_q10": 0.018556466112455663,
      "pinball_loss_q50": 0.023541116316125224,
      "pinball_loss_q90": 0.007777208910526302,
      "q10_q90_interval_coverage": 0.7722513089005235,
      "q10_q90_interval_width_mean": 0.10915032910218739,
      "rmse": 0.12890502164846224,