{
  "feature_group": "F1_state_time",
  "fold_metrics": [
    {
      "condition_mean_mae": 0.11188095809860565,
      "condition_median_mae": 0.10364561403631142,
      "feature_group": "F1_state_time",
      "heldout_fold": 1,
      "mae": 0.06569291170748717,
      "model_level": "L3_quantile_hist_gradient_boosting",
      "pinball_loss_q10": 0.023657613081547926,
      "pinball_loss_q50": 0.032846455853743586,
      "pinball_loss_q90": 0.02593520562719844,
      "q10_q90_interval_coverage": 0.8920353982300885,
      "q10_q90_interval_width_mean": 0.42624561307173336,
      "rmse": 0.11133229365794954,
      "run_scope": "primary",
      "split_name": "voltage_window_holdout_fold",
      "subset_name": "baseline_clean_tolerant",
      "target": "capacity_Ah_k1",
      "test_cells": 84,
      "test_parameter_sets": 28,
      "test_rows": 1130,
      "train_parameter_sets": 48,
      "train_rows": 2697,
      "worst_condition_mae": 0.3693974801256794
    },
    {
      "condition_mean_mae": 0.087075511878224,
      "condition_median_mae": 0.06511445277271594,
      "feature_group": "F1_state_time",
      "heldout_fold": 2,
      "mae": 0.04269610444636334,
      "model_level": "L3_quantile_hist_gradient_boosting",
      "pinball_loss_q10": 0.020492283808837396,
      "pinball_loss_q50": 0.02134805222318167,
      "pinball_loss_q90": 0.015653278387304157,
      "q10_q90_interval_coverage": 0.8023340627279358,
      "q10_q90_interval_width_mean": 0.1746209082550124,
      "rmse": 0.10772675496582804,
      "run_scope": "primary",
      "split_name": "voltage_window_holdout_fold",
      "subset_name": "baseline_clean_tolerant",
      "target": "capacity_Ah_k1",
      "test_cells": 96,
      "test_parameter_sets": 32,
      "test_rows": 1371,
      "train_parameter_sets": 44,
      "train_rows": 2456,
      "worst_condition_mae": 0.3987799184005599
    },
    {
      "condition_mean_mae": 0.07833454633722313,
      "condition_median_mae": 0.07755810172181185,
      "feature_group": "F1_state_time",
      "heldout_fold": 3,
      "mae": 0.07879322088958554,
      "model_level": "L3_quantile_hist_gradient_boosting",
      "pinball_loss_q10": 0.025840537481019887,
      "pinball_loss_q50": 0.03939661044479277,
      "pinball_loss_q90": 0.021712930667645732,
      "q10_q90_interval_coverage": 0.1870286576168929,
      "q10_q90_interval_width_mean": 0.23789850444094224,
      "rmse": 0.09107011427132834,
      "run_scope": "primary",
      "split_name": "voltage_window_holdout_fold",
      "subset_name": "baseline_clean_tolerant",
      "target": "capacity_Ah_k1",
      "test_cells": 48,
      "test_parameter_sets": 16,
      "test_rows": 1326,
      "train_parameter_sets": 60,
      "train_rows": 2501,
      "worst_condition_mae": 0.11007138117487186
    },
    {
      "condition_mean_mae": 0.12023603107597731,
      "condition_median_mae": 0.07722920378607398,
      "feature_group": "F1_state_time",
      "heldout_fold": 1,
      "mae": 0.06296292153119565,
      "model_level": "L3_quantile_hist_gradient_boosting",
      "pinball_loss_q10": 0.022556882579906953,
      "pinball_loss_q50": 0.031481460765597824,
      "pinball_loss_q90": 0.01559303086442678,
      "q10_q90_interval_coverage": 0.8942891859052248,
      "q10_q90_interval_width_mean": 0.30764818541125116,
      "rmse": 0.11388300108970754,
      "run_scope": "sensitivity_excluding_monotonicity",
      "split_name": "voltage_window_holdout_fold",
      "subset_name": "baseline_clean_tolerant",
      "target": "capacity_Ah_k1",
      "test_cells": 84,
      "test_parameter_sets": 28,
      "test_rows": 823,
      "train_parameter_sets": 48,
      "train_rows": 1950,
      "worst_condition_mae": 0.403177007059808
    },
    {
      "condition_mean_mae": 0.08399330662229851,
      "condition_median_mae": 0.05313710491838052,
      "feature_group": "F1_state_time",
      "heldout_fold": 2,
      "mae": 0.04302056487789976,
      "model_level": "L3_quantile_hist_gradient_boosting",
      "pinball_loss_q10": 0.019891922847653027,
      "pinball_loss_q50": 0.02151028243894988,
      "pinball_loss_q90": 0.012930278273115619,
      "q10_q90_interval_coverage": 0.8066037735849056,
      "q10_q90_interval_width_mean": 0.14877800477693148,
      "rmse": 0.10519165216283734,
      "run_scope": "sensitivity_excluding_monotonicity",
      "split_name": "voltage_window_holdout_fold",
      "subset_name": "baseline_clean_tolerant",
      "target": "capacity_Ah_k1",
      "test_cells": 95,
      "test_parameter_sets": 32,
      "test_rows": 1060,
      "train_parameter_sets": 44,
      "train_rows": 1713,
      "worst_condition_mae": 0.3341525481367333
    },
    {
      "condition_mean_mae": 0.10299709490040616,
      "condition_median_mae": 0.09859020216176409,
      "feature_group": "F1_state_time",
      "heldout_fold": 3,
      "mae": 0.10276701275017859,
      "model_level": "L3_quantile_hist_gradient_boosting",
      "pinball_loss_q10": 0.018485601069336034,
      "pinball_loss_q50": 0.051383506375089295,
      "pinball_loss_q90": 0.02200240056025697,
      "q10_q90_interval_coverage": 0.17191011235955056,
      "q10_q90_interval_width_mean": 0.1639118168405822,
      "rmse": 0.1197352803072101,
      "run_scope": "sensitivity_excluding_monotonicity",
      "split_name": "voltage_window_holdout_fold",
      "subset_name": "baseline_clean_tolerant",
      "target": "capacity_Ah_k1",
      "test_cells": 48,
      "test_parameter_sets": 16,
      "test_rows": 890,
      "train_parameter_sets": 60,
      "train_rows": 1883,
      "worst_condition_mae": 0.15832569524915932
    }
  ],
  "model_level": "L3_quantile_hist_gradient_boosting",
  "primary_summary": {
    "condition_mean_mae": 0.09243033877135093,
    "condition_median_mae": 0.0821060561769464,
    "fold_count": 3,
    "mean_mae": 0.06239407901447869,
    "mean_rmse": 0.10337638763170198,
    "worst_condition_mae": 0.3987799184005599
  },
  "row_counts": {
    "baseline_clean_strict_rows": 2773,
    "baseline_clean_tolerant_rows": 3827,
    "full_interval_rows": 3827,
    "selected_cells": 228,
    "selected_parameter_sets": 76,
    "selected_subset_rows": 3827,
    "sensitivity_excluding_monotonicity_rows": 2773,
    "sensitivity_flagged_monotonicity_rows": 1054
  },
  "schema_version": "gate5.capacity_baseline.v1",
  "sensitivity_excluding_monotonicity_summary": {
    "condition_mean_mae": 0.10240881086622733,
    "condition_median_mae": 0.0763188369554062,
    "fold_count": 3,
    "mean_mae": 0.069583499719758,
    "mean_rmse": 0.11293664451991832,
    "worst_condition_mae": 0.403177007059808
  },
  "split_name": "voltage_window_holdout_fold",
  "target": "capacity_Ah_k1"
}
