{
  "feature_group": "F2_state_exposure",
  "fold_metrics": [
    {
      "condition_mean_mae": 0.10790452212442574,
      "condition_median_mae": 0.05599288685740158,
      "feature_group": "F2_state_exposure",
      "heldout_fold": 1,
      "mae": 0.0380336235513023,
      "model_level": "L3_quantile_hist_gradient_boosting",
      "pinball_loss_q10": 0.01470715057808713,
      "pinball_loss_q50": 0.01901681177565115,
      "pinball_loss_q90": 0.006758204881675682,
      "q10_q90_interval_coverage": 0.7021563342318059,
      "q10_q90_interval_width_mean": 0.06640972265371244,
      "rmse": 0.10607515979557887,
      "run_scope": "primary",
      "split_name": "temperature_holdout_fold",
      "subset_name": "baseline_clean_tolerant",
      "target": "delta_capacity_Ah",
      "test_cells": 57,
      "test_parameter_sets": 19,
      "test_rows": 742,
      "train_parameter_sets": 57,
      "train_rows": 3085,
      "worst_condition_mae": 0.3369904000391162
    },
    {
      "condition_mean_mae": 0.05187418143882121,
      "condition_median_mae": 0.03350908854131714,
      "feature_group": "F2_state_exposure",
      "heldout_fold": 2,
      "mae": 0.030603595411207548,
      "model_level": "L3_quantile_hist_gradient_boosting",
      "pinball_loss_q10": 0.014658365576387038,
      "pinball_loss_q50": 0.015301797705603774,
      "pinball_loss_q90": 0.004457010905465673,
      "q10_q90_interval_coverage": 0.7160377358490566,
      "q10_q90_interval_width_mean": 0.06667842281346557,
      "rmse": 0.09168277778996307,
      "run_scope": "primary",
      "split_name": "temperature_holdout_fold",
      "subset_name": "baseline_clean_tolerant",
      "target": "delta_capacity_Ah",
      "test_cells": 57,
      "test_parameter_sets": 19,
      "test_rows": 1060,
      "train_parameter_sets": 57,
      "train_rows": 2767,
      "worst_condition_mae": 0.1595618227948724
    },
    {
      "condition_mean_mae": 0.11430671288662853,
      "condition_median_mae": 0.056456573711521255,
      "feature_group": "F2_state_exposure",
      "heldout_fold": 1,
      "mae": 0.04353304642810111,
      "model_level": "L3_quantile_hist_gradient_boosting",
      "pinball_loss_q10": 0.017987057568045146,
      "pinball_loss_q50": 0.021766523214050554,
      "pinball_loss_q90": 0.007833272901589803,
      "q10_q90_interval_coverage": 0.7050209205020921,
      "q10_q90_interval_width_mean": 0.07526894041621021,
      "rmse": 0.11725831463496793,
      "run_scope": "sensitivity_excluding_monotonicity",
      "split_name": "temperature_holdout_fold",
      "subset_name": "baseline_clean_tolerant",
      "target": "delta_capacity_Ah",
      "test_cells": 56,
      "test_parameter_sets": 19,
      "test_rows": 478,
      "train_parameter_sets": 57,
      "train_rows": 2295,
      "worst_condition_mae": 0.36123395114072543
    },
    {
      "condition_mean_mae": 0.05921101169482521,
      "condition_median_mae": 0.03996075998757342,
      "feature_group": "F2_state_exposure",
      "heldout_fold": 2,
      "mae": 0.03271391152206015,
      "model_level": "L3_quantile_hist_gradient_boosting",
      "pinball_loss_q10": 0.016997304898369987,
      "pinball_loss_q50": 0.016356955761030075,
      "pinball_loss_q90": 0.004326111984172126,
      "q10_q90_interval_coverage": 0.7130102040816326,
      "q10_q90_interval_width_mean": 0.0671292499654163,
      "rmse": 0.10087650172197299,
      "run_scope": "sensitivity_excluding_monotonicity",
      "split_name": "temperature_holdout_fold",
      "subset_name": "baseline_clean_tolerant",
      "target": "delta_capacity_Ah",
      "test_cells": 57,
      "test_parameter_sets": 19,
      "test_rows": 784,
      "train_parameter_sets": 57,
      "train_rows": 1989,
      "worst_condition_mae": 0.18690597175467796
    }
  ],
  "model_level": "L3_quantile_hist_gradient_boosting",
  "primary_summary": {
    "condition_mean_mae": 0.07988935178162347,
    "condition_median_mae": 0.04475098769935936,
    "fold_count": 2,
    "mean_mae": 0.034318609481254925,
    "mean_rmse": 0.09887896879277097,
    "worst_condition_mae": 0.3369904000391162
  },
  "row_counts": {
    "baseline_clean_strict_rows": 2773,
    "baseline_clean_tolerant_rows": 3827,
    "full_interval_rows": 3827,
    "selected_cells": 228,
    "selected_parameter_sets": 76,
    "selected_subset_rows": 3827,
    "sensitivity_excluding_monotonicity_rows": 2773,
    "sensitivity_flagged_monotonicity_rows": 1054
  },
  "schema_version": "gate5.capacity_baseline.v1",
  "sensitivity_excluding_monotonicity_summary": {
    "condition_mean_mae": 0.08675886229072687,
    "condition_median_mae": 0.04820866684954733,
    "fold_count": 2,
    "mean_mae": 0.03812347897508063,
    "mean_rmse": 0.10906740817847047,
    "worst_condition_mae": 0.36123395114072543
  },
  "split_name": "temperature_holdout_fold",
  "target": "delta_capacity_Ah"
}
