{
  "feature_group": "F2_state_exposure",
  "fold_metrics": [
    {
      "condition_mean_mae": 0.13202352804647197,
      "condition_median_mae": 0.07454208718796673,
      "feature_group": "F2_state_exposure",
      "heldout_fold": 1,
      "mae": 0.06491645203744277,
      "model_level": "L3_quantile_hist_gradient_boosting",
      "pinball_loss_q10": 0.020735621457743755,
      "pinball_loss_q50": 0.032458226018721385,
      "pinball_loss_q90": 0.020501159484380492,
      "q10_q90_interval_coverage": 0.9053097345132743,
      "q10_q90_interval_width_mean": 0.3522865299905405,
      "rmse": 0.11731521878916186,
      "run_scope": "primary",
      "split_name": "voltage_window_holdout_fold",
      "subset_name": "baseline_clean_tolerant",
      "target": "capacity_Ah_k1",
      "test_cells": 84,
      "test_parameter_sets": 28,
      "test_rows": 1130,
      "train_parameter_sets": 48,
      "train_rows": 2697,
      "worst_condition_mae": 0.47454966298435863
    },
    {
      "condition_mean_mae": 0.10447377783045808,
      "condition_median_mae": 0.0892753991238524,
      "feature_group": "F2_state_exposure",
      "heldout_fold": 2,
      "mae": 0.05640414464912826,
      "model_level": "L3_quantile_hist_gradient_boosting",
      "pinball_loss_q10": 0.023480524167216937,
      "pinball_loss_q50": 0.02820207232456413,
      "pinball_loss_q90": 0.019464735969591307,
      "q10_q90_interval_coverage": 0.7921225382932167,
      "q10_q90_interval_width_mean": 0.2514870120250598,
      "rmse": 0.11558834888404579,
      "run_scope": "primary",
      "split_name": "voltage_window_holdout_fold",
      "subset_name": "baseline_clean_tolerant",
      "target": "capacity_Ah_k1",
      "test_cells": 96,
      "test_parameter_sets": 32,
      "test_rows": 1371,
      "train_parameter_sets": 44,
      "train_rows": 2456,
      "worst_condition_mae": 0.38272590935399925
    },
    {
      "condition_mean_mae": 0.08005273919635443,
      "condition_median_mae": 0.08257664064493658,
      "feature_group": "F2_state_exposure",
      "heldout_fold": 3,
      "mae": 0.07985237468205462,
      "model_level": "L3_quantile_hist_gradient_boosting",
      "pinball_loss_q10": 0.03072829181124653,
      "pinball_loss_q50": 0.03992618734102731,
      "pinball_loss_q90": 0.029913123943252747,
      "q10_q90_interval_coverage": 0.11161387631975868,
      "q10_q90_interval_width_mean": 0.27595159622524046,
      "rmse": 0.10570180701129318,
      "run_scope": "primary",
      "split_name": "voltage_window_holdout_fold",
      "subset_name": "baseline_clean_tolerant",
      "target": "capacity_Ah_k1",
      "test_cells": 48,
      "test_parameter_sets": 16,
      "test_rows": 1326,
      "train_parameter_sets": 60,
      "train_rows": 2501,
      "worst_condition_mae": 0.12036224146084085
    },
    {
      "condition_mean_mae": 0.1293905224464385,
      "condition_median_mae": 0.0833907064742037,
      "feature_group": "F2_state_exposure",
      "heldout_fold": 1,
      "mae": 0.06781512603583399,
      "model_level": "L3_quantile_hist_gradient_boosting",
      "pinball_loss_q10": 0.020393465216358445,
      "pinball_loss_q50": 0.033907563017916996,
      "pinball_loss_q90": 0.0163355930729863,
      "q10_q90_interval_coverage": 0.9015795868772782,
      "q10_q90_interval_width_mean": 0.28215634619912233,
      "rmse": 0.11897676755297765,
      "run_scope": "sensitivity_excluding_monotonicity",
      "split_name": "voltage_window_holdout_fold",
      "subset_name": "baseline_clean_tolerant",
      "target": "capacity_Ah_k1",
      "test_cells": 84,
      "test_parameter_sets": 28,
      "test_rows": 823,
      "train_parameter_sets": 48,
      "train_rows": 1950,
      "worst_condition_mae": 0.4303574209064506
    },
    {
      "condition_mean_mae": 0.09928839088483261,
      "condition_median_mae": 0.07981328383398836,
      "feature_group": "F2_state_exposure",
      "heldout_fold": 2,
      "mae": 0.053750373215241176,
      "model_level": "L3_quantile_hist_gradient_boosting",
      "pinball_loss_q10": 0.02429499152194763,
      "pinball_loss_q50": 0.026875186607620588,
      "pinball_loss_q90": 0.015744077242125194,
      "q10_q90_interval_coverage": 0.5660377358490566,
      "q10_q90_interval_width_mean": 0.19089626722558128,
      "rmse": 0.11156375302905838,
      "run_scope": "sensitivity_excluding_monotonicity",
      "split_name": "voltage_window_holdout_fold",
      "subset_name": "baseline_clean_tolerant",
      "target": "capacity_Ah_k1",
      "test_cells": 95,
      "test_parameter_sets": 32,
      "test_rows": 1060,
      "train_parameter_sets": 44,
      "train_rows": 1713,
      "worst_condition_mae": 0.3141807095969989
    },
    {
      "condition_mean_mae": 0.07212860599019053,
      "condition_median_mae": 0.06545978428707577,
      "feature_group": "F2_state_exposure",
      "heldout_fold": 3,
      "mae": 0.07214695162057541,
      "model_level": "L3_quantile_hist_gradient_boosting",
      "pinball_loss_q10": 0.021224219573316116,
      "pinball_loss_q50": 0.036073475810287706,
      "pinball_loss_q90": 0.01911398767250087,
      "q10_q90_interval_coverage": 0.17415730337078653,
      "q10_q90_interval_width_mean": 0.19371092640556176,
      "rmse": 0.08607829855038922,
      "run_scope": "sensitivity_excluding_monotonicity",
      "split_name": "voltage_window_holdout_fold",
      "subset_name": "baseline_clean_tolerant",
      "target": "capacity_Ah_k1",
      "test_cells": 48,
      "test_parameter_sets": 16,
      "test_rows": 890,
      "train_parameter_sets": 60,
      "train_rows": 1883,
      "worst_condition_mae": 0.12357015779670863
    }
  ],
  "model_level": "L3_quantile_hist_gradient_boosting",
  "primary_summary": {
    "condition_mean_mae": 0.10551668169109484,
    "condition_median_mae": 0.08213137565225191,
    "fold_count": 3,
    "mean_mae": 0.06705765712287522,
    "mean_rmse": 0.11286845822816693,
    "worst_condition_mae": 0.47454966298435863
  },
  "row_counts": {
    "baseline_clean_strict_rows": 2773,
    "baseline_clean_tolerant_rows": 3827,
    "full_interval_rows": 3827,
    "selected_cells": 228,
    "selected_parameter_sets": 76,
    "selected_subset_rows": 3827,
    "sensitivity_excluding_monotonicity_rows": 2773,
    "sensitivity_flagged_monotonicity_rows": 1054
  },
  "schema_version": "gate5.capacity_baseline.v1",
  "sensitivity_excluding_monotonicity_summary": {
    "condition_mean_mae": 0.10026917310715389,
    "condition_median_mae": 0.07622125819842261,
    "fold_count": 3,
    "mean_mae": 0.06457081695721685,
    "mean_rmse": 0.10553960637747507,
    "worst_condition_mae": 0.4303574209064506
  },
  "split_name": "voltage_window_holdout_fold",
  "target": "capacity_Ah_k1"
}
