{
  "feature_group": "F4_state_log_age_scalar",
  "fold_metrics": [
    {
      "condition_mean_mae": 0.1823307773049594,
      "condition_median_mae": 0.1638831281484724,
      "feature_group": "F4_state_log_age_scalar",
      "heldout_fold": 1,
      "mae": 0.12432552699134092,
      "model_level": "L3_quantile_hist_gradient_boosting",
      "pinball_loss_q10": 0.03908567782213789,
      "pinball_loss_q50": 0.06216276349567046,
      "pinball_loss_q90": 0.02131462671010595,
      "q10_q90_interval_coverage": 0.6305732484076433,
      "q10_q90_interval_width_mean": 0.22550652433585283,
      "rmse": 0.2178438718330856,
      "run_scope": "primary",
      "split_name": "c_rate_holdout_fold",
      "subset_name": "baseline_clean_tolerant",
      "target": "delta_capacity_Ah",
      "test_cells": 36,
      "test_parameter_sets": 12,
      "test_rows": 157,
      "train_parameter_sets": 64,
      "train_rows": 3670,
      "worst_condition_mae": 0.3748515528992455
    },
    {
      "condition_mean_mae": 0.17187998677330332,
      "condition_median_mae": 0.16208849203176862,
      "feature_group": "F4_state_log_age_scalar",
      "heldout_fold": 1,
      "mae": 0.12619600926710664,
      "model_level": "L3_quantile_hist_gradient_boosting",
      "pinball_loss_q10": 0.03212625317818233,
      "pinball_loss_q50": 0.06309800463355332,
      "pinball_loss_q90": 0.022451458788258945,
      "q10_q90_interval_coverage": 0.6697247706422018,
      "q10_q90_interval_width_mean": 0.27309639509997086,
      "rmse": 0.21742938133207043,
      "run_scope": "sensitivity_excluding_monotonicity",
      "split_name": "c_rate_holdout_fold",
      "subset_name": "baseline_clean_tolerant",
      "target": "delta_capacity_Ah",
      "test_cells": 36,
      "test_parameter_sets": 12,
      "test_rows": 109,
      "train_parameter_sets": 64,
      "train_rows": 2664,
      "worst_condition_mae": 0.3339795460731936
    }
  ],
  "model_level": "L3_quantile_hist_gradient_boosting",
  "primary_summary": {
    "condition_mean_mae": 0.1823307773049594,
    "condition_median_mae": 0.1638831281484724,
    "fold_count": 1,
    "mean_mae": 0.12432552699134092,
    "mean_rmse": 0.2178438718330856,
    "worst_condition_mae": 0.3748515528992455
  },
  "row_counts": {
    "baseline_clean_strict_rows": 2773,
    "baseline_clean_tolerant_rows": 3827,
    "full_interval_rows": 3827,
    "selected_cells": 228,
    "selected_parameter_sets": 76,
    "selected_subset_rows": 3827,
    "sensitivity_excluding_monotonicity_rows": 2773,
    "sensitivity_flagged_monotonicity_rows": 1054
  },
  "schema_version": "gate5.capacity_baseline.v1",
  "sensitivity_excluding_monotonicity_summary": {
    "condition_mean_mae": 0.17187998677330332,
    "condition_median_mae": 0.16208849203176862,
    "fold_count": 1,
    "mean_mae": 0.12619600926710664,
    "mean_rmse": 0.21742938133207043,
    "worst_condition_mae": 0.3339795460731936
  },
  "split_name": "c_rate_holdout_fold",
  "target": "delta_capacity_Ah"
}
